﻿<?xml version="1.0" encoding="UTF-8"?>
<site generator-info-name="WebGrab+Plus/w MDB &amp; REX Postprocess -- version V3.1.2.2 -- Jan van Straaten" site="sledovanitv.cz">
  <channels>
    <channel update="i" site="sledovanitv.cz" site_id="ct1" xmltv_id="Ct1">Ct1</channel>
    <channel update="i" site="sledovanitv.cz" site_id="ct2" xmltv_id="Ct2">Ct2</channel>
    <channel update="i" site="sledovanitv.cz" site_id="ct3" xmltv_id="Ct3">Ct3</channel>
    <channel update="i" site="sledovanitv.cz" site_id="ctdecko" xmltv_id="Ctdecko">Ctdecko</channel>
    <channel update="i" site="sledovanitv.cz" site_id="ct4sport" xmltv_id="Ct4sport">Ct4sport</channel>
    <channel update="i" site="sledovanitv.cz" site_id="ctart" xmltv_id="Ctart">Ctart</channel>
    <channel update="i" site="sledovanitv.cz" site_id="ct24" xmltv_id="Ct24">Ct24</channel>
    <channel update="i" site="sledovanitv.cz" site_id="ct1jm" xmltv_id="Ct1jm">Ct1jm</channel>
    <channel update="i" site="sledovanitv.cz" site_id="ct1sm" xmltv_id="Ct1sm">Ct1sm</channel>
    <channel update="i" site="sledovanitv.cz" site_id="Seznam" xmltv_id="Seznam">Seznam</channel>
    <channel update="i" site="sledovanitv.cz" site_id="primafamily" xmltv_id="Primafamily">Primafamily</channel>
    <channel update="i" site="sledovanitv.cz" site_id="primacool" xmltv_id="Primacool">Primacool</channel>
    <channel update="i" site="sledovanitv.cz" site_id="primalove" xmltv_id="Primalove">Primalove</channel>
    <channel update="i" site="sledovanitv.cz" site_id="primazoom" xmltv_id="Primazoom">Primazoom</channel>
    <channel update="i" site="sledovanitv.cz" site_id="prima_news" xmltv_id="Prima News">Prima News</channel>
    <channel update="i" site="sledovanitv.cz" site_id="prima_max" xmltv_id="Prima Max">Prima Max</channel>
    <channel update="i" site="sledovanitv.cz" site_id="primacomedy" xmltv_id="Primacomedy">Primacomedy</channel>
    <channel update="i" site="sledovanitv.cz" site_id="prima_krimi" xmltv_id="Prima Krimi">Prima Krimi</channel>
    <channel update="i" site="sledovanitv.cz" site_id="nova" xmltv_id="Nova">Nova</channel>
    <channel update="i" site="sledovanitv.cz" site_id="novacinema" xmltv_id="Novacinema">Novacinema</channel>
    <channel update="i" site="sledovanitv.cz" site_id="fanda" xmltv_id="Fanda">Fanda</channel>
    <channel update="i" site="sledovanitv.cz" site_id="smichov" xmltv_id="Smichov">Smichov</channel>
    <channel update="i" site="sledovanitv.cz" site_id="telka" xmltv_id="Telka">Telka</channel>
    <channel update="i" site="sledovanitv.cz" site_id="cartoon_network_hd" xmltv_id="Cartoon Network Hd">Cartoon Network Hd</channel>
    <channel update="i" site="sledovanitv.cz" site_id="nova_sport" xmltv_id="Nova Sport">Nova Sport</channel>
    <channel update="i" site="sledovanitv.cz" site_id="nova_sport2" xmltv_id="Nova Sport2">Nova Sport2</channel>
    <channel update="i" site="sledovanitv.cz" site_id="stv1" xmltv_id="Stv1">Stv1</channel>
    <channel update="i" site="sledovanitv.cz" site_id="stv2" xmltv_id="Stv2">Stv2</channel>
    <channel update="i" site="sledovanitv.cz" site_id="stv3" xmltv_id="Stv3">Stv3</channel>
    <channel update="i" site="sledovanitv.cz" site_id="markizaint" xmltv_id="Markizaint">Markizaint</channel>
    <channel update="i" site="sledovanitv.cz" site_id="ta3" xmltv_id="Ta3">Ta3</channel>
    <channel update="i" site="sledovanitv.cz" site_id="jojcinema" xmltv_id="Jojcinema">Jojcinema</channel>
    <channel update="i" site="sledovanitv.cz" site_id="jojfamily" xmltv_id="Jojfamily">Jojfamily</channel>
    <channel update="i" site="sledovanitv.cz" site_id="ocko" xmltv_id="Ocko">Ocko</channel>
    <channel update="i" site="sledovanitv.cz" site_id="ockoHD" xmltv_id="Ockohd">Ockohd</channel>
    <channel update="i" site="sledovanitv.cz" site_id="ockogold" xmltv_id="Ockogold">Ockogold</channel>
    <channel update="i" site="sledovanitv.cz" site_id="ocko_starHD" xmltv_id="Ocko Starhd">Ocko Starhd</channel>
    <channel update="i" site="sledovanitv.cz" site_id="ocko_express" xmltv_id="Ocko Express">Ocko Express</channel>
    <channel update="i" site="sledovanitv.cz" site_id="ocko_expresHD" xmltv_id="Ocko Expreshd">Ocko Expreshd</channel>
    <channel update="i" site="sledovanitv.cz" site_id="ocko_blackHD" xmltv_id="Ocko Blackhd">Ocko Blackhd</channel>
    <channel update="i" site="sledovanitv.cz" site_id="HBO" xmltv_id="Hbo">Hbo</channel>
    <channel update="i" site="sledovanitv.cz" site_id="HBO2" xmltv_id="Hbo2">Hbo2</channel>
    <channel update="i" site="sledovanitv.cz" site_id="hbo_comedy" xmltv_id="Hbo Comedy">Hbo Comedy</channel>
    <channel update="i" site="sledovanitv.cz" site_id="cinemax1" xmltv_id="Cinemax1">Cinemax1</channel>
    <channel update="i" site="sledovanitv.cz" site_id="cinemax2" xmltv_id="Cinemax2">Cinemax2</channel>
    <channel update="i" site="sledovanitv.cz" site_id="filmbox" xmltv_id="Filmbox">Filmbox</channel>
    <channel update="i" site="sledovanitv.cz" site_id="FilmboxHD" xmltv_id="Filmboxhd">Filmboxhd</channel>
    <channel update="i" site="sledovanitv.cz" site_id="FilmboxExtra" xmltv_id="Filmboxextra">Filmboxextra</channel>
    <channel update="i" site="sledovanitv.cz" site_id="FilmboxFamily" xmltv_id="Filmboxfamily">Filmboxfamily</channel>
    <channel update="i" site="sledovanitv.cz" site_id="eroxHD" xmltv_id="Eroxhd">Eroxhd</channel>
    <channel update="i" site="sledovanitv.cz" site_id="360TuneBox" xmltv_id="360tunebox">360tunebox</channel>
    <channel update="i" site="sledovanitv.cz" site_id="eroxxxHD" xmltv_id="Eroxxxhd">Eroxxxhd</channel>
    <channel update="i" site="sledovanitv.cz" site_id="DocuBoxHD" xmltv_id="Docuboxhd">Docuboxhd</channel>
    <channel update="i" site="sledovanitv.cz" site_id="FashionboxHD" xmltv_id="Fashionboxhd">Fashionboxhd</channel>
    <channel update="i" site="sledovanitv.cz" site_id="FightboxHD" xmltv_id="Fightboxhd">Fightboxhd</channel>
    <channel update="i" site="sledovanitv.cz" site_id="Fastnfunbox" xmltv_id="Fastnfunbox">Fastnfunbox</channel>
    <channel update="i" site="sledovanitv.cz" site_id="FilmboxArthouse" xmltv_id="Filmboxarthouse">Filmboxarthouse</channel>
    <channel update="i" site="sledovanitv.cz" site_id="filmboxplus" xmltv_id="Filmboxplus">Filmboxplus</channel>
    <channel update="i" site="sledovanitv.cz" site_id="barrandov" xmltv_id="Barrandov">Barrandov</channel>
    <channel update="i" site="sledovanitv.cz" site_id="barrandovplus" xmltv_id="Barrandovplus">Barrandovplus</channel>
    <channel update="i" site="sledovanitv.cz" site_id="kinobarrandov" xmltv_id="Kinobarrandov">Kinobarrandov</channel>
    <channel update="i" site="sledovanitv.cz" site_id="barrandov_muzika" xmltv_id="Barrandov Muzika">Barrandov Muzika</channel>
    <channel update="i" site="sledovanitv.cz" site_id="axn" xmltv_id="Axn">Axn</channel>
    <channel update="i" site="sledovanitv.cz" site_id="axnblack" xmltv_id="Axnblack">Axnblack</channel>
    <channel update="i" site="sledovanitv.cz" site_id="axnwhite" xmltv_id="Axnwhite">Axnwhite</channel>
    <channel update="i" site="sledovanitv.cz" site_id="travelxp" xmltv_id="Travelxp">Travelxp</channel>
    <channel update="i" site="sledovanitv.cz" site_id="love_nature" xmltv_id="Love Nature">Love Nature</channel>
    <channel update="i" site="sledovanitv.cz" site_id="nat_geo_wild" xmltv_id="Nat Geo Wild">Nat Geo Wild</channel>
    <channel update="i" site="sledovanitv.cz" site_id="NGC_HD" xmltv_id="Ngc Hd">Ngc Hd</channel>
    <channel update="i" site="sledovanitv.cz" site_id="animal_planet" xmltv_id="Animal Planet">Animal Planet</channel>
    <channel update="i" site="sledovanitv.cz" site_id="travelhd" xmltv_id="Travelhd">Travelhd</channel>
    <channel update="i" site="sledovanitv.cz" site_id="extasy_4k" xmltv_id="Extasy 4k">Extasy 4k</channel>
    <channel update="i" site="sledovanitv.cz" site_id="spektrum" xmltv_id="Spektrum">Spektrum</channel>
    <channel update="i" site="sledovanitv.cz" site_id="viasat_history" xmltv_id="Viasat History">Viasat History</channel>
    <channel update="i" site="sledovanitv.cz" site_id="viasat_explore" xmltv_id="Viasat Explore">Viasat Explore</channel>
    <channel update="i" site="sledovanitv.cz" site_id="viasat_nature" xmltv_id="Viasat Nature">Viasat Nature</channel>
    <channel update="i" site="sledovanitv.cz" site_id="Eurosport" xmltv_id="Eurosport">Eurosport</channel>
    <channel update="i" site="sledovanitv.cz" site_id="Eurosport2" xmltv_id="Eurosport2">Eurosport2</channel>
    <channel update="i" site="sledovanitv.cz" site_id="Sport1" xmltv_id="Sport1">Sport1</channel>
    <channel update="i" site="sledovanitv.cz" site_id="Sport2" xmltv_id="Sport2">Sport2</channel>
    <channel update="i" site="sledovanitv.cz" site_id="slovak_sport" xmltv_id="Slovak Sport">Slovak Sport</channel>
    <channel update="i" site="sledovanitv.cz" site_id="slovak_sport2" xmltv_id="Slovak Sport2">Slovak Sport2</channel>
    <channel update="i" site="sledovanitv.cz" site_id="sport5" xmltv_id="Sport5">Sport5</channel>
    <channel update="i" site="sledovanitv.cz" site_id="auto_motor_sport" xmltv_id="Auto Motor Sport">Auto Motor Sport</channel>
    <channel update="i" site="sledovanitv.cz" site_id="natura" xmltv_id="Natura">Natura</channel>
    <channel update="i" site="sledovanitv.cz" site_id="fishinghunting" xmltv_id="Fishinghunting">Fishinghunting</channel>
    <channel update="i" site="sledovanitv.cz" site_id="tv_paprika" xmltv_id="Tv Paprika">Tv Paprika</channel>
    <channel update="i" site="sledovanitv.cz" site_id="golf" xmltv_id="Golf">Golf</channel>
    <channel update="i" site="sledovanitv.cz" site_id="Film_Europe" xmltv_id="Film Europe">Film Europe</channel>
    <channel update="i" site="sledovanitv.cz" site_id="pohoda" xmltv_id="Pohoda">Pohoda</channel>
    <channel update="i" site="sledovanitv.cz" site_id="rebel" xmltv_id="Rebel">Rebel</channel>
    <channel update="i" site="sledovanitv.cz" site_id="retro" xmltv_id="Retro">Retro</channel>
    <channel update="i" site="sledovanitv.cz" site_id="cs_film" xmltv_id="Cs Film">Cs Film</channel>
    <channel update="i" site="sledovanitv.cz" site_id="cartoon_cz" xmltv_id="Cartoon Cz">Cartoon Cz</channel>
    <channel update="i" site="sledovanitv.cz" site_id="cartoon" xmltv_id="Cartoon">Cartoon</channel>
    <channel update="i" site="sledovanitv.cz" site_id="boomerang" xmltv_id="Boomerang">Boomerang</channel>
    <channel update="i" site="sledovanitv.cz" site_id="Kino_CS" xmltv_id="Kino Cs">Kino Cs</channel>
    <channel update="i" site="sledovanitv.cz" site_id="Nickelodeon" xmltv_id="Nickelodeon">Nickelodeon</channel>
    <channel update="i" site="sledovanitv.cz" site_id="nickjr" xmltv_id="Nickjr">Nickjr</channel>
    <channel update="i" site="sledovanitv.cz" site_id="nicktoons" xmltv_id="Nicktoons">Nicktoons</channel>
    <channel update="i" site="sledovanitv.cz" site_id="Jim_Jam" xmltv_id="Jim Jam">Jim Jam</channel>
    <channel update="i" site="sledovanitv.cz" site_id="TVlife" xmltv_id="Tvlife">Tvlife</channel>
    <channel update="i" site="sledovanitv.cz" site_id="Minimax" xmltv_id="Minimax">Minimax</channel>
    <channel update="i" site="sledovanitv.cz" site_id="baby_tv" xmltv_id="Baby Tv">Baby Tv</channel>
    <channel update="i" site="sledovanitv.cz" site_id="Discovery" xmltv_id="Discovery">Discovery</channel>
    <channel update="i" site="sledovanitv.cz" site_id="TLC" xmltv_id="Tlc">Tlc</channel>
    <channel update="i" site="sledovanitv.cz" site_id="Science" xmltv_id="Science">Science</channel>
    <channel update="i" site="sledovanitv.cz" site_id="world" xmltv_id="World">World</channel>
    <channel update="i" site="sledovanitv.cz" site_id="ID" xmltv_id="Id">Id</channel>
    <channel update="i" site="sledovanitv.cz" site_id="sat_crime_invest" xmltv_id="Sat Crime Invest">Sat Crime Invest</channel>
    <channel update="i" site="sledovanitv.cz" site_id="bbc" xmltv_id="Bbc">Bbc</channel>
    <channel update="i" site="sledovanitv.cz" site_id="history" xmltv_id="History">History</channel>
    <channel update="i" site="sledovanitv.cz" site_id="cnn" xmltv_id="Cnn">Cnn</channel>
    <channel update="i" site="sledovanitv.cz" site_id="tvnoe" xmltv_id="Tvnoe">Tvnoe</channel>
    <channel update="i" site="sledovanitv.cz" site_id="tv5" xmltv_id="Tv5">Tv5</channel>
    <channel update="i" site="sledovanitv.cz" site_id="film_plus" xmltv_id="Film Plus">Film Plus</channel>
    <channel update="i" site="sledovanitv.cz" site_id="leo_gold" xmltv_id="Leo Gold">Leo Gold</channel>
    <channel update="i" site="sledovanitv.cz" site_id="kinosvet" xmltv_id="Kinosvet">Kinosvet</channel>
    <channel update="i" site="sledovanitv.cz" site_id="amc" xmltv_id="Amc">Amc</channel>
    <channel update="i" site="sledovanitv.cz" site_id="tv_lux" xmltv_id="Tv Lux">Tv Lux</channel>
    <channel update="i" site="sledovanitv.cz" site_id="lounge" xmltv_id="Lounge">Lounge</channel>
    <channel update="i" site="sledovanitv.cz" site_id="Polar" xmltv_id="Polar">Polar</channel>
    <channel update="i" site="sledovanitv.cz" site_id="slovacko" xmltv_id="Slovacko">Slovacko</channel>
    <channel update="i" site="sledovanitv.cz" site_id="v1tv" xmltv_id="V1tv">V1tv</channel>
    <channel update="i" site="sledovanitv.cz" site_id="brno1" xmltv_id="Brno1">Brno1</channel>
    <channel update="i" site="sledovanitv.cz" site_id="praha" xmltv_id="Praha">Praha</channel>
    <channel update="i" site="sledovanitv.cz" site_id="rtm_plus_liberec" xmltv_id="Rtm Plus Liberec">Rtm Plus Liberec</channel>
    <channel update="i" site="sledovanitv.cz" site_id="regiotv" xmltv_id="Regiotv">Regiotv</channel>
    <channel update="i" site="sledovanitv.cz" site_id="deluxe" xmltv_id="Deluxe">Deluxe</channel>
    <channel update="i" site="sledovanitv.cz" site_id="slagr" xmltv_id="Slagr">Slagr</channel>
    <channel update="i" site="sledovanitv.cz" site_id="slagr2" xmltv_id="Slagr2">Slagr2</channel>
    <channel update="i" site="sledovanitv.cz" site_id="orf1" xmltv_id="Orf1">Orf1</channel>
    <channel update="i" site="sledovanitv.cz" site_id="orf2" xmltv_id="Orf2">Orf2</channel>
    <channel update="i" site="sledovanitv.cz" site_id="nick_jr_en" xmltv_id="Nick, Jr. En">Nick, Jr. En</channel>
    <channel update="i" site="sledovanitv.cz" site_id="sky_news" xmltv_id="Sky News">Sky News</channel>
    <channel update="i" site="sledovanitv.cz" site_id="uatv" xmltv_id="Uatv">Uatv</channel>
    <channel update="i" site="sledovanitv.cz" site_id="france24" xmltv_id="France24">France24</channel>
    <channel update="i" site="sledovanitv.cz" site_id="france24_fr" xmltv_id="France24 Fr">France24 Fr</channel>
    <channel update="i" site="sledovanitv.cz" site_id="russiatoday" xmltv_id="Russiatoday">Russiatoday</channel>
    <channel update="i" site="sledovanitv.cz" site_id="rt_doc" xmltv_id="Rt Doc">Rt Doc</channel>
    <channel update="i" site="sledovanitv.cz" site_id="lala_tv" xmltv_id="Lala Tv">Lala Tv</channel>
    <channel update="i" site="sledovanitv.cz" site_id="hobby" xmltv_id="Hobby">Hobby</channel>
    <channel update="i" site="sledovanitv.cz" site_id="mnamtv" xmltv_id="Mnamtv">Mnamtv</channel>
    <channel update="i" site="sledovanitv.cz" site_id="mnau" xmltv_id="Mnau">Mnau</channel>
    <channel update="i" site="sledovanitv.cz" site_id="filmpro" xmltv_id="Filmpro">Filmpro</channel>
    <channel update="i" site="sledovanitv.cz" site_id="mezzo" xmltv_id="Mezzo">Mezzo</channel>
    <channel update="i" site="sledovanitv.cz" site_id="mezzo_live" xmltv_id="Mezzo Live">Mezzo Live</channel>
    <channel update="i" site="sledovanitv.cz" site_id="nasatv" xmltv_id="Nasatv">Nasatv</channel>
    <channel update="i" site="sledovanitv.cz" site_id="nasatv_uhd" xmltv_id="Nasatv Uhd">Nasatv Uhd</channel>
    <channel update="i" site="sledovanitv.cz" site_id="haha_tv" xmltv_id="Haha Tv">Haha Tv</channel>
    <channel update="i" site="sledovanitv.cz" site_id="zaktv" xmltv_id="Zaktv">Zaktv</channel>
    <channel update="i" site="sledovanitv.cz" site_id="loop_naturetv-galerie-zvirat" xmltv_id="Loop Naturetv Galerie Zvirat">Loop Naturetv Galerie Zvirat</channel>
    <channel update="i" site="sledovanitv.cz" site_id="loop_naturetv-osetrovani-mladat" xmltv_id="Loop Naturetv Osetrovani Mladat">Loop Naturetv Osetrovani Mladat</channel>
    <channel update="i" site="sledovanitv.cz" site_id="fireplace" xmltv_id="Fireplace">Fireplace</channel>
    <channel update="i" site="sledovanitv.cz" site_id="uscenes_cat_cafe" xmltv_id="Uscenes Cat Cafe">Uscenes Cat Cafe</channel>
    <channel update="i" site="sledovanitv.cz" site_id="uscenes_coral_garden" xmltv_id="Uscenes Coral Garden">Uscenes Coral Garden</channel>
    <channel update="i" site="sledovanitv.cz" site_id="uscenes_hammock_beach" xmltv_id="Uscenes Hammock Beach">Uscenes Hammock Beach</channel>
    <channel update="i" site="sledovanitv.cz" site_id="loop_naturetv_mumlava_waterfalls" xmltv_id="Loop Naturetv Mumlava Waterfalls">Loop Naturetv Mumlava Waterfalls</channel>
    <channel update="i" site="sledovanitv.cz" site_id="stork_nest" xmltv_id="Stork Nest">Stork Nest</channel>
    <channel update="i" site="sledovanitv.cz" site_id="info_tv_brno" xmltv_id="Info Tv Brno">Info Tv Brno</channel>
    <channel update="i" site="sledovanitv.cz" site_id="rt_jc" xmltv_id="Rt Jc">Rt Jc</channel>
    <channel update="i" site="sledovanitv.cz" site_id="rt_ustecko" xmltv_id="Rt Ustecko">Rt Ustecko</channel>
    <channel update="i" site="sledovanitv.cz" site_id="DorceltvHD" xmltv_id="Dorceltvhd">Dorceltvhd</channel>
    <channel update="i" site="sledovanitv.cz" site_id="DorcelHD" xmltv_id="Dorcelhd">Dorcelhd</channel>
    <channel update="i" site="sledovanitv.cz" site_id="brazzers" xmltv_id="Brazzers">Brazzers</channel>
    <channel update="i" site="sledovanitv.cz" site_id="playboy" xmltv_id="Playboy">Playboy</channel>
    <channel update="i" site="sledovanitv.cz" site_id="realitykings" xmltv_id="Realitykings">Realitykings</channel>
    <channel update="i" site="sledovanitv.cz" site_id="leo" xmltv_id="Leo">Leo</channel>
    <channel update="i" site="sledovanitv.cz" site_id="x-mo" xmltv_id="X Mo">X Mo</channel>
    <channel update="i" site="sledovanitv.cz" site_id="privatetv" xmltv_id="Privatetv">Privatetv</channel>
    <channel update="i" site="sledovanitv.cz" site_id="extasy" xmltv_id="Extasy">Extasy</channel>
    <channel update="i" site="sledovanitv.cz" site_id="pornohubtv" xmltv_id="Pornohubtv">Pornohubtv</channel>
    <channel update="i" site="sledovanitv.cz" site_id="redlight" xmltv_id="Redlight">Redlight</channel>
    <channel update="i" site="sledovanitv.cz" site_id="russia_channel1" xmltv_id="Russia Channel1">Russia Channel1</channel>
    <channel update="i" site="sledovanitv.cz" site_id="dom_kino" xmltv_id="Dom Kino">Dom Kino</channel>
    <channel update="i" site="sledovanitv.cz" site_id="dom_kino_premium" xmltv_id="Dom Kino Premium">Dom Kino Premium</channel>
    <channel update="i" site="sledovanitv.cz" site_id="vremya" xmltv_id="Vremya">Vremya</channel>
    <channel update="i" site="sledovanitv.cz" site_id="poehali" xmltv_id="Poehali">Poehali</channel>
    <channel update="i" site="sledovanitv.cz" site_id="muzika_pervogo" xmltv_id="Muzika Pervogo">Muzika Pervogo</channel>
    <channel update="i" site="sledovanitv.cz" site_id="bobyor" xmltv_id="Bobyor">Bobyor</channel>
    <channel update="i" site="sledovanitv.cz" site_id="telekanal_o" xmltv_id="Telekanal O">Telekanal O</channel>
    <channel update="i" site="sledovanitv.cz" site_id="telecafe" xmltv_id="Telecafe">Telecafe</channel>
    <channel update="i" site="sledovanitv.cz" site_id="karousel" xmltv_id="Karousel">Karousel</channel>
  </channels>
</site>