﻿<?xml version="1.0" encoding="UTF-8"?>
<site generator-info-name="WebGrab+Plus/w MDB &amp; REX Postprocess -- version  V3.1.0.0 -- Jan van Straaten" site="linternaute.com">
  <channels>
    <channel update="i" site="linternaute.com" site_id="tf1" xmltv_id="TF1">TF1</channel>
    <channel update="i" site="linternaute.com" site_id="france-2" xmltv_id="France 2">France 2</channel>
    <channel update="i" site="linternaute.com" site_id="france-3" xmltv_id="France 3">France 3</channel>
    <channel update="i" site="linternaute.com" site_id="canal-plus" xmltv_id="Canal+">Canal+</channel>
    <channel update="i" site="linternaute.com" site_id="france-5" xmltv_id="France 5">France 5</channel>
    <channel update="i" site="linternaute.com" site_id="m6" xmltv_id="M6">M6</channel>
    <channel update="i" site="linternaute.com" site_id="arte" xmltv_id="Arte">Arte</channel>
    <channel update="i" site="linternaute.com" site_id="c8" xmltv_id="C8">C8</channel>
    <channel update="i" site="linternaute.com" site_id="w9" xmltv_id="W9">W9</channel>
    <channel update="i" site="linternaute.com" site_id="ocs-geants" xmltv_id="OCS Géants">OCS Géants</channel>
    <channel update="i" site="linternaute.com" site_id="tmc" xmltv_id="TMC">TMC</channel>
    <channel update="i" site="linternaute.com" site_id="tfx" xmltv_id="TFX">TFX</channel>
    <channel update="i" site="linternaute.com" site_id="nrj12" xmltv_id="NRJ 12">NRJ 12</channel>
    <channel update="i" site="linternaute.com" site_id="la-chaine-parlementaire" xmltv_id="La Chaîne parlementaire">La Chaîne parlementaire</channel>
    <channel update="i" site="linternaute.com" site_id="france-4" xmltv_id="France 4">France 4</channel>
    <channel update="i" site="linternaute.com" site_id="bfmtv" xmltv_id="BFMTV">BFMTV</channel>
    <channel update="i" site="linternaute.com" site_id="cnews" xmltv_id="CNEWS">CNEWS</channel>
    <channel update="i" site="linternaute.com" site_id="cstar" xmltv_id="CSTAR">CSTAR</channel>
    <channel update="i" site="linternaute.com" site_id="gulli" xmltv_id="Gulli">Gulli</channel>
    <channel update="i" site="linternaute.com" site_id="france-o" xmltv_id="France Ô">France Ô</channel>
    <channel update="i" site="linternaute.com" site_id="tf1-series-films" xmltv_id="TF1 Séries Films">TF1 Séries Films</channel>
    <channel update="i" site="linternaute.com" site_id="l-equipe" xmltv_id="L'Equipe">L'Equipe</channel>
    <channel update="i" site="linternaute.com" site_id="6ter" xmltv_id="6ter">6ter</channel>
    <channel update="i" site="linternaute.com" site_id="rmc-story" xmltv_id="RMC Story">RMC Story</channel>
    <channel update="i" site="linternaute.com" site_id="rmc-decouverte" xmltv_id="RMC Découverte">RMC Découverte</channel>
    <channel update="i" site="linternaute.com" site_id="cherie-25" xmltv_id="Chérie 25">Chérie 25</channel>
    <channel update="i" site="linternaute.com" site_id="paris-premiere" xmltv_id="Paris Première">Paris Première</channel>
    <channel update="i" site="linternaute.com" site_id="canal-sport" xmltv_id="Canal+ Sport">Canal+ Sport</channel>
    <channel update="i" site="linternaute.com" site_id="canal-cinema" xmltv_id="Canal+ Cinéma">Canal+ Cinéma</channel>
    <channel update="i" site="linternaute.com" site_id="planete" xmltv_id="Planète+">Planète+</channel>
    <channel update="i" site="linternaute.com" site_id="lci" xmltv_id="LCI">LCI</channel>
    <channel update="i" site="linternaute.com" site_id="eurosport-1" xmltv_id="Eurosport 1">Eurosport 1</channel>
    <channel update="i" site="linternaute.com" site_id="equidia" xmltv_id="Equidia">Equidia</channel>
    <channel update="i" site="linternaute.com" site_id="franceinfo" xmltv_id="Franceinfo">Franceinfo</channel>
    <channel update="i" site="linternaute.com" site_id="bein-sports-2" xmltv_id="beIN SPORTS 2">beIN SPORTS 2</channel>
    <channel update="i" site="linternaute.com" site_id="bein-sports-3" xmltv_id="beIN SPORTS 3">beIN SPORTS 3</channel>
    <channel update="i" site="linternaute.com" site_id="cinecinema-premier" xmltv_id="Ciné+ Premier">Ciné+ Premier</channel>
    <channel update="i" site="linternaute.com" site_id="ocs-choc" xmltv_id="OCS Choc">OCS Choc</channel>
    <channel update="i" site="linternaute.com" site_id="tcm" xmltv_id="TCM Cinéma">TCM Cinéma</channel>
    <channel update="i" site="linternaute.com" site_id="mezzo" xmltv_id="Mezzo">Mezzo</channel>
    <channel update="i" site="linternaute.com" site_id="rmc-sport-3" xmltv_id="RMC Sport 3">RMC Sport 3</channel>
    <channel update="i" site="linternaute.com" site_id="ushuaia-tv" xmltv_id="Ushuaïa TV">Ushuaïa TV</channel>
    <channel update="i" site="linternaute.com" site_id="bein-sports-1" xmltv_id="beIN SPORTS 1">beIN SPORTS 1</channel>
    <channel update="i" site="linternaute.com" site_id="discovery-channel" xmltv_id="Discovery Channel">Discovery Channel</channel>
    <channel update="i" site="linternaute.com" site_id="voyage" xmltv_id="Voyage">Voyage</channel>
    <channel update="i" site="linternaute.com" site_id="ocs-max" xmltv_id="OCS Max">OCS Max</channel>
    <channel update="i" site="linternaute.com" site_id="scifi" xmltv_id="Syfy">Syfy</channel>
    <channel update="i" site="linternaute.com" site_id="ocs-city" xmltv_id="OCS City">OCS City</channel>
    <channel update="i" site="linternaute.com" site_id="rmc-sport-2" xmltv_id="RMC Sport 2">RMC Sport 2</channel>
    <channel update="i" site="linternaute.com" site_id="13eme-rue" xmltv_id="13eme RUE">13eme RUE</channel>
    <channel update="i" site="linternaute.com" site_id="teva" xmltv_id="Téva">Téva</channel>
    <channel update="i" site="linternaute.com" site_id="mtv" xmltv_id="MTV">MTV</channel>
    <channel update="i" site="linternaute.com" site_id="canal-plus-series" xmltv_id="Canal+ Séries">Canal+ Séries</channel>
    <channel update="i" site="linternaute.com" site_id="euronews" xmltv_id="Euronews">Euronews</channel>
    <channel update="i" site="linternaute.com" site_id="rmc-sport-1" xmltv_id="RMC Sport 1">RMC Sport 1</channel>
    <channel update="i" site="linternaute.com" site_id="golf-plus" xmltv_id="Golf+">Golf+</channel>
    <channel update="i" site="linternaute.com" site_id="canal-plus-family" xmltv_id="Canal+ Family">Canal+ Family</channel>
    <channel update="i" site="linternaute.com" site_id="kto" xmltv_id="KTO">KTO</channel>
    <channel update="i" site="linternaute.com" site_id="mcm" xmltv_id="MCM">MCM</channel>
    <channel update="i" site="linternaute.com" site_id="tv5monde" xmltv_id="TV5MONDE">TV5MONDE</channel>
    <channel update="i" site="linternaute.com" site_id="nickelodeon" xmltv_id="Nickelodéon">Nickelodéon</channel>
    <channel update="i" site="linternaute.com" site_id="histoire" xmltv_id="Histoire">Histoire</channel>
    <channel update="i" site="linternaute.com" site_id="ab1" xmltv_id="AB 1">AB 1</channel>
    <channel update="i" site="linternaute.com" site_id="e" xmltv_id="E !">E !</channel>
    <channel update="i" site="linternaute.com" site_id="disney-channel" xmltv_id="Disney Channel">Disney Channel</channel>
    <channel update="i" site="linternaute.com" site_id="rtl9" xmltv_id="RTL 9">RTL 9</channel>
    <channel update="i" site="linternaute.com" site_id="canal-j" xmltv_id="Canal J">Canal J</channel>
    <channel update="i" site="linternaute.com" site_id="serieclub" xmltv_id="serieclub">serieclub</channel>
    <channel update="i" site="linternaute.com" site_id="piwi" xmltv_id="Piwi+">Piwi+</channel>
    <channel update="i" site="linternaute.com" site_id="comedie" xmltv_id="Comédie+">Comédie+</channel>
    <channel update="i" site="linternaute.com" site_id="canal-plus-decale" xmltv_id="Canal+ Décalé">Canal+ Décalé</channel>
    <channel update="i" site="linternaute.com" site_id="disney-junior" xmltv_id="Disney Junior">Disney Junior</channel>
    <channel update="i" site="linternaute.com" site_id="national-geographic" xmltv_id="National Geographic">National Geographic</channel>
    <channel update="i" site="linternaute.com" site_id="rmc-sport-access-2" xmltv_id="RMC Sport Access 2">RMC Sport Access 2</channel>
    <channel update="i" site="linternaute.com" site_id="game-one" xmltv_id="Game One">Game One</channel>
    <channel update="i" site="linternaute.com" site_id="j-one" xmltv_id="J-One">J-One</channel>
    <channel update="i" site="linternaute.com" site_id="science-vie-tv" xmltv_id="Science &amp; Vie TV">Science &amp; Vie TV</channel>
    <channel update="i" site="linternaute.com" site_id="nickelodeon-junior" xmltv_id="Nickelodeon Junior">Nickelodeon Junior</channel>
    <channel update="i" site="linternaute.com" site_id="mangas" xmltv_id="Mangas">Mangas</channel>
    <channel update="i" site="linternaute.com" site_id="cartoon-network" xmltv_id="Cartoon Network">Cartoon Network</channel>
    <channel update="i" site="linternaute.com" site_id="boomerang" xmltv_id="Boomerang">Boomerang</channel>
    <channel update="i" site="linternaute.com" site_id="national-geographic-wild" xmltv_id="National Geographic Wild">National Geographic Wild</channel>
    <channel update="i" site="linternaute.com" site_id="melody" xmltv_id="Melody">Melody</channel>
    <channel update="i" site="linternaute.com" site_id="tiji" xmltv_id="TIJI">TIJI</channel>
    <channel update="i" site="linternaute.com" site_id="teletoon" xmltv_id="TéléToon+">TéléToon+</channel>
  </channels>
</site>