﻿<?xml version="1.0" encoding="UTF-8"?>
<site generator-info-name="WebGrab+Plus/w MDB &amp; REX Postprocess -- version V3.1.4.1 -- Jan van Straaten" site="programme-tv.nouvelobs.com">
  <channels>
    <channel update="i" site="programme-tv.nouvelobs.com" site_id="tf1" xmltv_id="Tf1">Tf1</channel>
    <channel update="i" site="programme-tv.nouvelobs.com" site_id="france-2" xmltv_id="France 2">France 2</channel>
    <channel update="i" site="programme-tv.nouvelobs.com" site_id="france-3" xmltv_id="France 3">France 3</channel>
    <channel update="i" site="programme-tv.nouvelobs.com" site_id="france-5" xmltv_id="France 5">France 5</channel>
    <channel update="i" site="programme-tv.nouvelobs.com" site_id="m6" xmltv_id="M6">M6</channel>
    <channel update="i" site="programme-tv.nouvelobs.com" site_id="arte" xmltv_id="Arte">Arte</channel>
    <channel update="i" site="programme-tv.nouvelobs.com" site_id="canal-plus" xmltv_id="Canal +">Canal +</channel>
    <channel update="i" site="programme-tv.nouvelobs.com" site_id="canal-plus-decale" xmltv_id="Canal + Decale">Canal + Decale</channel>
    <channel update="i" site="programme-tv.nouvelobs.com" site_id="canal-plus-sport" xmltv_id="Canal + Sport">Canal + Sport</channel>
    <channel update="i" site="programme-tv.nouvelobs.com" site_id="canal-plus-cinema" xmltv_id="Canal + Cinema">Canal + Cinema</channel>
    <channel update="i" site="programme-tv.nouvelobs.com" site_id="canal-plus-series" xmltv_id="Canal + Series">Canal + Series</channel>
    <channel update="i" site="programme-tv.nouvelobs.com" site_id="canal-plus-family" xmltv_id="Canal + Family">Canal + Family</channel>
    <channel update="i" site="programme-tv.nouvelobs.com" site_id="cine-plus-premier" xmltv_id="Cine + Premier">Cine + Premier</channel>
    <channel update="i" site="programme-tv.nouvelobs.com" site_id="cine-plus-frisson" xmltv_id="Cine + Frisson">Cine + Frisson</channel>
    <channel update="i" site="programme-tv.nouvelobs.com" site_id="cine-plus-emotion" xmltv_id="Cine + Emotion">Cine + Emotion</channel>
    <channel update="i" site="programme-tv.nouvelobs.com" site_id="cine-plus-famiz" xmltv_id="Cine + Famiz">Cine + Famiz</channel>
    <channel update="i" site="programme-tv.nouvelobs.com" site_id="cine-plus-club" xmltv_id="Cine + Club">Cine + Club</channel>
    <channel update="i" site="programme-tv.nouvelobs.com" site_id="cine-plus-classic" xmltv_id="Cine + Classic">Cine + Classic</channel>
    <channel update="i" site="programme-tv.nouvelobs.com" site_id="ocs-max" xmltv_id="Ocs Max">Ocs Max</channel>
    <channel update="i" site="programme-tv.nouvelobs.com" site_id="ocs-city" xmltv_id="Ocs City">Ocs City</channel>
    <channel update="i" site="programme-tv.nouvelobs.com" site_id="ocs-choc" xmltv_id="Ocs Choc">Ocs Choc</channel>
    <channel update="i" site="programme-tv.nouvelobs.com" site_id="ocs-geants" xmltv_id="Ocs Geants">Ocs Geants</channel>
    <channel update="i" site="programme-tv.nouvelobs.com" site_id="tcm-cinema" xmltv_id="Tcm Cinema">Tcm Cinema</channel>
    <channel update="i" site="programme-tv.nouvelobs.com" site_id="paramount-channel" xmltv_id="Paramount Channel">Paramount Channel</channel>
    <channel update="i" site="programme-tv.nouvelobs.com" site_id="action" xmltv_id="Action">Action</channel>
    <channel update="i" site="programme-tv.nouvelobs.com" site_id="polar-plus" xmltv_id="Polar +">Polar +</channel>
    <channel update="i" site="programme-tv.nouvelobs.com" site_id="warner-tv" xmltv_id="Warner Tv">Warner Tv</channel>
    <channel update="i" site="programme-tv.nouvelobs.com" site_id="serie-club" xmltv_id="Serie Club">Serie Club</channel>
    <channel update="i" site="programme-tv.nouvelobs.com" site_id="tv-breizh" xmltv_id="Tv Breizh">Tv Breizh</channel>
    <channel update="i" site="programme-tv.nouvelobs.com" site_id="rtl-9" xmltv_id="Rtl 9">Rtl 9</channel>
    <channel update="i" site="programme-tv.nouvelobs.com" site_id="ab1" xmltv_id="Ab1">Ab1</channel>
    <channel update="i" site="programme-tv.nouvelobs.com" site_id="tf1-series-films" xmltv_id="Tf1 Séries Films">Tf1 Séries Films</channel>
    <channel update="i" site="programme-tv.nouvelobs.com" site_id="eurosport" xmltv_id="Eurosport">Eurosport</channel>
    <channel update="i" site="programme-tv.nouvelobs.com" site_id="eurosport-2" xmltv_id="Eurosport 2">Eurosport 2</channel>
    <channel update="i" site="programme-tv.nouvelobs.com" site_id="bein-sports-1" xmltv_id="Bein Sports 1">Bein Sports 1</channel>
    <channel update="i" site="programme-tv.nouvelobs.com" site_id="bein-sports-2" xmltv_id="Bein Sports 2">Bein Sports 2</channel>
    <channel update="i" site="programme-tv.nouvelobs.com" site_id="bein-sports-3" xmltv_id="Bein Sports 3">Bein Sports 3</channel>
    <channel update="i" site="programme-tv.nouvelobs.com" site_id="automoto" xmltv_id="Automoto">Automoto</channel>
    <channel update="i" site="programme-tv.nouvelobs.com" site_id="l-equipe" xmltv_id="L’equipe">L’equipe</channel>
    <channel update="i" site="programme-tv.nouvelobs.com" site_id="comedie-plus" xmltv_id="Comedie +">Comedie +</channel>
    <channel update="i" site="programme-tv.nouvelobs.com" site_id="paris-premiere" xmltv_id="Paris Premiere">Paris Premiere</channel>
    <channel update="i" site="programme-tv.nouvelobs.com" site_id="teva" xmltv_id="Teva">Teva</channel>
    <channel update="i" site="programme-tv.nouvelobs.com" site_id="bet" xmltv_id="Bet">Bet</channel>
    <channel update="i" site="programme-tv.nouvelobs.com" site_id="c8" xmltv_id="C8">C8</channel>
    <channel update="i" site="programme-tv.nouvelobs.com" site_id="w9" xmltv_id="W9">W9</channel>
    <channel update="i" site="programme-tv.nouvelobs.com" site_id="tmc" xmltv_id="Tmc">Tmc</channel>
    <channel update="i" site="programme-tv.nouvelobs.com" site_id="tfx" xmltv_id="Tfx">Tfx</channel>
    <channel update="i" site="programme-tv.nouvelobs.com" site_id="nrj-12" xmltv_id="Nrj 12">Nrj 12</channel>
    <channel update="i" site="programme-tv.nouvelobs.com" site_id="cstar" xmltv_id="Cstar">Cstar</channel>
    <channel update="i" site="programme-tv.nouvelobs.com" site_id="6ter" xmltv_id="6ter">6ter</channel>
    <channel update="i" site="programme-tv.nouvelobs.com" site_id="rmc-story" xmltv_id="Rmc Story">Rmc Story</channel>
    <channel update="i" site="programme-tv.nouvelobs.com" site_id="cherie-25" xmltv_id="Cherie 25">Cherie 25</channel>
    <channel update="i" site="programme-tv.nouvelobs.com" site_id="tv5-monde-fbs" xmltv_id="Tv5 Monde Fbs">Tv5 Monde Fbs</channel>
    <channel update="i" site="programme-tv.nouvelobs.com" site_id="planete-plus" xmltv_id="Planete +">Planete +</channel>
    <channel update="i" site="programme-tv.nouvelobs.com" site_id="planete-plus-ci" xmltv_id="Planete+ Ci">Planete+ Ci</channel>
    <channel update="i" site="programme-tv.nouvelobs.com" site_id="planete-plus-ae" xmltv_id="Planete+ Ae">Planete+ Ae</channel>
    <channel update="i" site="programme-tv.nouvelobs.com" site_id="voyage" xmltv_id="Voyage">Voyage</channel>
    <channel update="i" site="programme-tv.nouvelobs.com" site_id="national-geographic-channel" xmltv_id="National Geographic Channel">National Geographic Channel</channel>
    <channel update="i" site="programme-tv.nouvelobs.com" site_id="ushuaia-tv" xmltv_id="Ushuaia Tv">Ushuaia Tv</channel>
    <channel update="i" site="programme-tv.nouvelobs.com" site_id="histoire" xmltv_id="Histoire">Histoire</channel>
    <channel update="i" site="programme-tv.nouvelobs.com" site_id="toute-l-histoire" xmltv_id="Toute L’histoire">Toute L’histoire</channel>
    <channel update="i" site="programme-tv.nouvelobs.com" site_id="science-et-vie-tv" xmltv_id="Science &amp; Vie Tv">Science &amp; Vie Tv</channel>
    <channel update="i" site="programme-tv.nouvelobs.com" site_id="seasons-plus" xmltv_id="Seasons +">Seasons +</channel>
    <channel update="i" site="programme-tv.nouvelobs.com" site_id="chasse-et-peche" xmltv_id="Chasse &amp; Peche">Chasse &amp; Peche</channel>
    <channel update="i" site="programme-tv.nouvelobs.com" site_id="animaux" xmltv_id="Animaux">Animaux</channel>
    <channel update="i" site="programme-tv.nouvelobs.com" site_id="rmc-decouverte" xmltv_id="Rmc Decouverte">Rmc Decouverte</channel>
    <channel update="i" site="programme-tv.nouvelobs.com" site_id="piwi-plus" xmltv_id="Piwi +">Piwi +</channel>
    <channel update="i" site="programme-tv.nouvelobs.com" site_id="disney-junior" xmltv_id="Disney Junior">Disney Junior</channel>
    <channel update="i" site="programme-tv.nouvelobs.com" site_id="tiji" xmltv_id="Tiji">Tiji</channel>
    <channel update="i" site="programme-tv.nouvelobs.com" site_id="teletoon-plus" xmltv_id="Teletoon +">Teletoon +</channel>
    <channel update="i" site="programme-tv.nouvelobs.com" site_id="disney-channel" xmltv_id="Disney Channel">Disney Channel</channel>
    <channel update="i" site="programme-tv.nouvelobs.com" site_id="cartoon-network" xmltv_id="Cartoon Network">Cartoon Network</channel>
    <channel update="i" site="programme-tv.nouvelobs.com" site_id="nickelodeon" xmltv_id="Nickelodeon">Nickelodeon</channel>
    <channel update="i" site="programme-tv.nouvelobs.com" site_id="canal-j" xmltv_id="Canal J">Canal J</channel>
    <channel update="i" site="programme-tv.nouvelobs.com" site_id="france-4" xmltv_id="France 4">France 4</channel>
    <channel update="i" site="programme-tv.nouvelobs.com" site_id="gulli" xmltv_id="Gulli">Gulli</channel>
    <channel update="i" site="programme-tv.nouvelobs.com" site_id="mtv" xmltv_id="Mtv">Mtv</channel>
    <channel update="i" site="programme-tv.nouvelobs.com" site_id="mcm" xmltv_id="McM">McM</channel>
    <channel update="i" site="programme-tv.nouvelobs.com" site_id="mangas" xmltv_id="Mangas">Mangas</channel>
    <channel update="i" site="programme-tv.nouvelobs.com" site_id="game-one" xmltv_id="Game One">Game One</channel>
    <channel update="i" site="programme-tv.nouvelobs.com" site_id="cnews" xmltv_id="Cnews">Cnews</channel>
    <channel update="i" site="programme-tv.nouvelobs.com" site_id="bfm-tv" xmltv_id="Bfm Tv">Bfm Tv</channel>
    <channel update="i" site="programme-tv.nouvelobs.com" site_id="lci" xmltv_id="Lci">Lci</channel>
    <channel update="i" site="programme-tv.nouvelobs.com" site_id="public-senat-lcp-an" xmltv_id="Public Senat Lcp An">Public Senat Lcp An</channel>
    <channel update="i" site="programme-tv.nouvelobs.com" site_id="kto" xmltv_id="Kto">Kto</channel>
    <channel update="i" site="programme-tv.nouvelobs.com" site_id="melody" xmltv_id="Melody">Melody</channel>
    <channel update="i" site="programme-tv.nouvelobs.com" site_id="mezzo" xmltv_id="Mezzo">Mezzo</channel>
    <channel update="i" site="programme-tv.nouvelobs.com" site_id="13eme-rue" xmltv_id="13eme Rue">13eme Rue</channel>
    <channel update="i" site="programme-tv.nouvelobs.com" site_id="bbc1" xmltv_id="Bbc1">Bbc1</channel>
    <channel update="i" site="programme-tv.nouvelobs.com" site_id="discovery-channel" xmltv_id="Discovery Channel">Discovery Channel</channel>
    <channel update="i" site="programme-tv.nouvelobs.com" site_id="e-entertainment" xmltv_id="E! Entertainment">E! Entertainment</channel>
    <channel update="i" site="programme-tv.nouvelobs.com" site_id="lcp-24-24" xmltv_id="Lcp 24/24">Lcp 24/24</channel>
    <channel update="i" site="programme-tv.nouvelobs.com" site_id="plug-rtl" xmltv_id="Plug Rtl">Plug Rtl</channel>
    <channel update="i" site="programme-tv.nouvelobs.com" site_id="rtl-tvi" xmltv_id="Rtl Tvi">Rtl Tvi</channel>
    <channel update="i" site="programme-tv.nouvelobs.com" site_id="rts1" xmltv_id="Rts1">Rts1</channel>
    <channel update="i" site="programme-tv.nouvelobs.com" site_id="rts2" xmltv_id="Rts2">Rts2</channel>
    <channel update="i" site="programme-tv.nouvelobs.com" site_id="syfy" xmltv_id="Syfy">Syfy</channel>
  </channels>
</site>