﻿<?xml version="1.0" encoding="UTF-8"?>
<site generator-info-name="WebGrab+Plus/w MDB &amp; REX Postprocess -- version V3.1.4.1 -- Jan van Straaten" site="programme-television.org">
  <channels>
    <channel update="i" site="programme-television.org" site_id="192" xmltv_id="TF1">TF1</channel>
    <channel update="i" site="programme-television.org" site_id="4" xmltv_id="France 2">France 2</channel>
    <channel update="i" site="programme-television.org" site_id="80" xmltv_id="France 3">France 3</channel>
    <channel update="i" site="programme-television.org" site_id="34" xmltv_id="Canal+">Canal+</channel>
    <channel update="i" site="programme-television.org" site_id="47" xmltv_id="France 5">France 5</channel>
    <channel update="i" site="programme-television.org" site_id="118" xmltv_id="M6">M6</channel>
    <channel update="i" site="programme-television.org" site_id="111" xmltv_id="Arte">Arte</channel>
    <channel update="i" site="programme-television.org" site_id="445" xmltv_id="C8">C8</channel>
    <channel update="i" site="programme-television.org" site_id="119" xmltv_id="W9">W9</channel>
    <channel update="i" site="programme-television.org" site_id="195" xmltv_id="TMC">TMC</channel>
    <channel update="i" site="programme-television.org" site_id="446" xmltv_id="TFX">TFX</channel>
    <channel update="i" site="programme-television.org" site_id="444" xmltv_id="NRJ12">NRJ12</channel>
    <channel update="i" site="programme-television.org" site_id="234" xmltv_id="LCP / Public Sénat">LCP / Public Sénat</channel>
    <channel update="i" site="programme-television.org" site_id="78" xmltv_id="France 4">France 4</channel>
    <channel update="i" site="programme-television.org" site_id="481" xmltv_id="BFM TV">BFM TV</channel>
    <channel update="i" site="programme-television.org" site_id="226" xmltv_id="CNews">CNews</channel>
    <channel update="i" site="programme-television.org" site_id="458" xmltv_id="CStar">CStar</channel>
    <channel update="i" site="programme-television.org" site_id="482" xmltv_id="Gulli">Gulli</channel>
    <channel update="i" site="programme-television.org" site_id="160" xmltv_id="France Ô">France Ô</channel>
    <channel update="i" site="programme-television.org" site_id="1404" xmltv_id="TF1 Série Films">TF1 Série Films</channel>
    <channel update="i" site="programme-television.org" site_id="1401" xmltv_id="L Equipe">L Equipe</channel>
    <channel update="i" site="programme-television.org" site_id="1403" xmltv_id="6Ter">6Ter</channel>
    <channel update="i" site="programme-television.org" site_id="1402" xmltv_id="RMC Story">RMC Story</channel>
    <channel update="i" site="programme-television.org" site_id="1400" xmltv_id="RMC Découverte">RMC Découverte</channel>
    <channel update="i" site="programme-television.org" site_id="1399" xmltv_id="Chérie 25">Chérie 25</channel>
    <channel update="i" site="programme-television.org" site_id="112" xmltv_id="LCI">LCI</channel>
    <channel update="i" site="programme-television.org" site_id="2111" xmltv_id="Franceinfo">Franceinfo</channel>
    <channel update="i" site="programme-television.org" site_id="781" xmltv_id="I24news">I24news</channel>
    <channel update="i" site="programme-television.org" site_id="225" xmltv_id="TV Breizh">TV Breizh</channel>
    <channel update="i" site="programme-television.org" site_id="33" xmltv_id="Canal+ cinéma">Canal+ cinéma</channel>
    <channel update="i" site="programme-television.org" site_id="1563" xmltv_id="Canal+ Séries">Canal+ Séries</channel>
    <channel update="i" site="programme-television.org" site_id="657" xmltv_id="Canal+ Family">Canal+ Family</channel>
    <channel update="i" site="programme-television.org" site_id="30" xmltv_id="Canal+ Décalé">Canal+ Décalé</channel>
    <channel update="i" site="programme-television.org" site_id="734" xmltv_id="OCS Géants">OCS Géants</channel>
    <channel update="i" site="programme-television.org" site_id="732" xmltv_id="OCS Choc">OCS Choc</channel>
    <channel update="i" site="programme-television.org" site_id="730" xmltv_id="OCS Max">OCS Max</channel>
    <channel update="i" site="programme-television.org" site_id="733" xmltv_id="OCS City">OCS City</channel>
    <channel update="i" site="programme-television.org" site_id="282" xmltv_id="Ciné+ Premier">Ciné+ Premier</channel>
    <channel update="i" site="programme-television.org" site_id="285" xmltv_id="Ciné+ Club">Ciné+ Club</channel>
    <channel update="i" site="programme-television.org" site_id="401" xmltv_id="Ciné+ Famiz">Ciné+ Famiz</channel>
    <channel update="i" site="programme-television.org" site_id="287" xmltv_id="Ciné+ Classic">Ciné+ Classic</channel>
    <channel update="i" site="programme-television.org" site_id="283" xmltv_id="Ciné+ Emotion">Ciné+ Emotion</channel>
    <channel update="i" site="programme-television.org" site_id="284" xmltv_id="Ciné+ Frisson">Ciné+ Frisson</channel>
    <channel update="i" site="programme-television.org" site_id="185" xmltv_id="TCM Cinéma">TCM Cinéma</channel>
    <channel update="i" site="programme-television.org" site_id="2" xmltv_id="13e Rue">13e Rue</channel>
    <channel update="i" site="programme-television.org" site_id="833" xmltv_id="Sundance Channel">Sundance Channel</channel>
    <channel update="i" site="programme-television.org" site_id="1562" xmltv_id="Paramount Channel">Paramount Channel</channel>
    <channel update="i" site="programme-television.org" site_id="288" xmltv_id="Ciné FX">Ciné FX</channel>
    <channel update="i" site="programme-television.org" site_id="289" xmltv_id="Ciné Polar">Ciné Polar</channel>
    <channel update="i" site="programme-television.org" site_id="10" xmltv_id="Action">Action</channel>
    <channel update="i" site="programme-television.org" site_id="49" xmltv_id="Serieclub">Serieclub</channel>
    <channel update="i" site="programme-television.org" site_id="479" xmltv_id="Sy Fy">Sy Fy</channel>
    <channel update="i" site="programme-television.org" site_id="2320" xmltv_id="Altice Studio">Altice Studio</channel>
    <channel update="i" site="programme-television.org" site_id="1832" xmltv_id="Novelas TV">Novelas TV</channel>
    <channel update="i" site="programme-television.org" site_id="2326" xmltv_id="Polar+">Polar+</channel>
    <channel update="i" site="programme-television.org" site_id="2334" xmltv_id="Warner TV">Warner TV</channel>
    <channel update="i" site="programme-television.org" site_id="205" xmltv_id="TV5 MONDE">TV5 MONDE</channel>
    <channel update="i" site="programme-television.org" site_id="145" xmltv_id="Paris Première">Paris Première</channel>
    <channel update="i" site="programme-television.org" site_id="191" xmltv_id="Téva">Téva</channel>
    <channel update="i" site="programme-television.org" site_id="54" xmltv_id="Comédie+">Comédie+</channel>
    <channel update="i" site="programme-television.org" site_id="5" xmltv_id="AB 1">AB 1</channel>
    <channel update="i" site="programme-television.org" site_id="115" xmltv_id="RTL9">RTL9</channel>
    <channel update="i" site="programme-television.org" site_id="1190" xmltv_id="Eurochannel">Eurochannel</channel>
    <channel update="i" site="programme-television.org" site_id="110" xmltv_id="KTO">KTO</channel>
    <channel update="i" site="programme-television.org" site_id="403" xmltv_id="Elle Girl">Elle Girl</channel>
    <channel update="i" site="programme-television.org" site_id="659" xmltv_id="Vivolta">Vivolta</channel>
    <channel update="i" site="programme-television.org" site_id="987" xmltv_id="MCE">MCE</channel>
    <channel update="i" site="programme-television.org" site_id="1960" xmltv_id="BET">BET</channel>
    <channel update="i" site="programme-television.org" site_id="1408" xmltv_id="Non Stop People">Non Stop People</channel>
    <channel update="i" site="programme-television.org" site_id="701" xmltv_id="IDF1">IDF1</channel>
    <channel update="i" site="programme-television.org" site_id="3037" xmltv_id="TELEFOOT">TELEFOOT</channel>
    <channel update="i" site="programme-television.org" site_id="35" xmltv_id="Canal+ sport">Canal+ sport</channel>
    <channel update="i" site="programme-television.org" site_id="529" xmltv_id="France 24">France 24</channel>
    <channel update="i" site="programme-television.org" site_id="992" xmltv_id="LCP 100%">LCP 100%</channel>
    <channel update="i" site="programme-television.org" site_id="1073" xmltv_id="BFM Business">BFM Business</channel>
    <channel update="i" site="programme-television.org" site_id="140" xmltv_id="Euronews">Euronews</channel>
    <channel update="i" site="programme-television.org" site_id="1290" xmltv_id="BeIN Sports 1">BeIN Sports 1</channel>
    <channel update="i" site="programme-television.org" site_id="1304" xmltv_id="BeIN Sports 2">BeIN Sports 2</channel>
    <channel update="i" site="programme-television.org" site_id="1335" xmltv_id="BeIN Sports 3">BeIN Sports 3</channel>
    <channel update="i" site="programme-television.org" site_id="76" xmltv_id="Eurosport">Eurosport</channel>
    <channel update="i" site="programme-television.org" site_id="439" xmltv_id="Eurosport 2">Eurosport 2</channel>
    <channel update="i" site="programme-television.org" site_id="94" xmltv_id="Infosport+">Infosport+</channel>
    <channel update="i" site="programme-television.org" site_id="1295" xmltv_id="Golf +">Golf +</channel>
    <channel update="i" site="programme-television.org" site_id="1166" xmltv_id="Golf Channel">Golf Channel</channel>
    <channel update="i" site="programme-television.org" site_id="64" xmltv_id="Equidia Live">Equidia Live</channel>
    <channel update="i" site="programme-television.org" site_id="1146" xmltv_id="Equidia Life">Equidia Life</channel>
    <channel update="i" site="programme-television.org" site_id="2391" xmltv_id="RMC Sport Access 3">RMC Sport Access 3</channel>
    <channel update="i" site="programme-television.org" site_id="253" xmltv_id="Extreme Sports Channel">Extreme Sports Channel</channel>
    <channel update="i" site="programme-television.org" site_id="675" xmltv_id="RMC Sport Access 2">RMC Sport Access 2</channel>
    <channel update="i" site="programme-television.org" site_id="463" xmltv_id="OL TV">OL TV</channel>
    <channel update="i" site="programme-television.org" site_id="334" xmltv_id="OMtv">OMtv</channel>
    <channel update="i" site="programme-television.org" site_id="1382" xmltv_id="RMC Sport 4">RMC Sport 4</channel>
    <channel update="i" site="programme-television.org" site_id="1168" xmltv_id="Trace Sport Stars">Trace Sport Stars</channel>
    <channel update="i" site="programme-television.org" site_id="15" xmltv_id="AB Moteurs">AB Moteurs</channel>
    <channel update="i" site="programme-television.org" site_id="237" xmltv_id="Motors TV">Motors TV</channel>
    <channel update="i" site="programme-television.org" site_id="2095" xmltv_id="RMC Sport Access 1">RMC Sport Access 1</channel>
    <channel update="i" site="programme-television.org" site_id="2029" xmltv_id="RMC Sport 1 UHD">RMC Sport 1 UHD</channel>
    <channel update="i" site="programme-television.org" site_id="2665" xmltv_id="RMC Sport 1">RMC Sport 1</channel>
    <channel update="i" site="programme-television.org" site_id="2666" xmltv_id="RMC Sport 2">RMC Sport 2</channel>
    <channel update="i" site="programme-television.org" site_id="2667" xmltv_id="RMC Sport 3">RMC Sport 3</channel>
    <channel update="i" site="programme-television.org" site_id="2668" xmltv_id="RMC Sport Live 5">RMC Sport Live 5</channel>
    <channel update="i" site="programme-television.org" site_id="2669" xmltv_id="RMC Sport Live 6">RMC Sport Live 6</channel>
    <channel update="i" site="programme-television.org" site_id="2670" xmltv_id="RMC Sport Live 7">RMC Sport Live 7</channel>
    <channel update="i" site="programme-television.org" site_id="2671" xmltv_id="RMC Sport Live 8">RMC Sport Live 8</channel>
    <channel update="i" site="programme-television.org" site_id="2672" xmltv_id="RMC Sport Live 9">RMC Sport Live 9</channel>
    <channel update="i" site="programme-television.org" site_id="2673" xmltv_id="RMC Sport Live 10">RMC Sport Live 10</channel>
    <channel update="i" site="programme-television.org" site_id="2674" xmltv_id="RMC Sport Live 11">RMC Sport Live 11</channel>
    <channel update="i" site="programme-television.org" site_id="2675" xmltv_id="RMC Sport Live 12">RMC Sport Live 12</channel>
    <channel update="i" site="programme-television.org" site_id="2676" xmltv_id="RMC Sport Live 13">RMC Sport Live 13</channel>
    <channel update="i" site="programme-television.org" site_id="2677" xmltv_id="RMC Sport Live 14">RMC Sport Live 14</channel>
    <channel update="i" site="programme-television.org" site_id="2678" xmltv_id="RMC Sport Live 15">RMC Sport Live 15</channel>
    <channel update="i" site="programme-television.org" site_id="2679" xmltv_id="RMC Sport Live 16">RMC Sport Live 16</channel>
    <channel update="i" site="programme-television.org" site_id="2096" xmltv_id="RMC Sport News">RMC Sport News</channel>
    <channel update="i" site="programme-television.org" site_id="415" xmltv_id="Nautical Channel">Nautical Channel</channel>
    <channel update="i" site="programme-television.org" site_id="719" xmltv_id="National Geographic Wild">National Geographic Wild</channel>
    <channel update="i" site="programme-television.org" site_id="243" xmltv_id="National Geographic">National Geographic</channel>
    <channel update="i" site="programme-television.org" site_id="400" xmltv_id="Discovery Channel">Discovery Channel</channel>
    <channel update="i" site="programme-television.org" site_id="2184" xmltv_id="Discovery Investigation">Discovery Investigation</channel>
    <channel update="i" site="programme-television.org" site_id="1374" xmltv_id="Discovery Science">Discovery Science</channel>
    <channel update="i" site="programme-television.org" site_id="147" xmltv_id="Planète+">Planète+</channel>
    <channel update="i" site="programme-television.org" site_id="402" xmltv_id="Planète+ A&amp;E">Planète+ A&amp;E</channel>
    <channel update="i" site="programme-television.org" site_id="662" xmltv_id="Planète+ CI">Planète+ CI</channel>
    <channel update="i" site="programme-television.org" site_id="7" xmltv_id="Toute l histoire">Toute l histoire</channel>
    <channel update="i" site="programme-television.org" site_id="88" xmltv_id="Histoire">Histoire</channel>
    <channel update="i" site="programme-television.org" site_id="2037" xmltv_id="Crime District">Crime District</channel>
    <channel update="i" site="programme-television.org" site_id="1072" xmltv_id="Museum HD">Museum HD</channel>
    <channel update="i" site="programme-television.org" site_id="2021" xmltv_id="MCS Maison">MCS Maison</channel>
    <channel update="i" site="programme-television.org" site_id="2301" xmltv_id="My Cuisine">My Cuisine</channel>
    <channel update="i" site="programme-television.org" site_id="829" xmltv_id="MyZen TV">MyZen TV</channel>
    <channel update="i" site="programme-television.org" site_id="2171" xmltv_id="Vice TV">Vice TV</channel>
    <channel update="i" site="programme-television.org" site_id="57" xmltv_id="Demain TV">Demain TV</channel>
    <channel update="i" site="programme-television.org" site_id="1776" xmltv_id="Trek">Trek</channel>
    <channel update="i" site="programme-television.org" site_id="212" xmltv_id="Voyage">Voyage</channel>
    <channel update="i" site="programme-television.org" site_id="451" xmltv_id="Ushuaia TV">Ushuaia TV</channel>
    <channel update="i" site="programme-television.org" site_id="63" xmltv_id="Sciences &amp; vie TV">Sciences &amp; vie TV</channel>
    <channel update="i" site="programme-television.org" site_id="12" xmltv_id="Animaux">Animaux</channel>
    <channel update="i" site="programme-television.org" site_id="173" xmltv_id="Seasons">Seasons</channel>
    <channel update="i" site="programme-television.org" site_id="38" xmltv_id="Chasse et pêche">Chasse et pêche</channel>
    <channel update="i" site="programme-television.org" site_id="1451" xmltv_id="Campagnes TV">Campagnes TV</channel>
    <channel update="i" site="programme-television.org" site_id="405" xmltv_id="E ! Entertainment">E ! Entertainment</channel>
    <channel update="i" site="programme-television.org" site_id="787" xmltv_id="NoLife">NoLife</channel>
    <channel update="i" site="programme-television.org" site_id="652" xmltv_id="Disney Cinema">Disney Cinema</channel>
    <channel update="i" site="programme-television.org" site_id="87" xmltv_id="Game One">Game One</channel>
    <channel update="i" site="programme-television.org" site_id="6" xmltv_id="Mangas">Mangas</channel>
    <channel update="i" site="programme-television.org" site_id="1585" xmltv_id="J-One">J-One</channel>
    <channel update="i" site="programme-television.org" site_id="621" xmltv_id="Gong Max">Gong Max</channel>
    <channel update="i" site="programme-television.org" site_id="2040" xmltv_id="Toonami">Toonami</channel>
    <channel update="i" site="programme-television.org" site_id="58" xmltv_id="Disney Channel">Disney Channel</channel>
    <channel update="i" site="programme-television.org" site_id="32" xmltv_id="Canal J">Canal J</channel>
    <channel update="i" site="programme-television.org" site_id="36" xmltv_id="Cartoon Network">Cartoon Network</channel>
    <channel update="i" site="programme-television.org" site_id="321" xmltv_id="Boomerang">Boomerang</channel>
    <channel update="i" site="programme-television.org" site_id="79" xmltv_id="Disney XD">Disney XD</channel>
    <channel update="i" site="programme-television.org" site_id="229" xmltv_id="TIJI">TIJI</channel>
    <channel update="i" site="programme-television.org" site_id="344" xmltv_id="Piwi+">Piwi+</channel>
    <channel update="i" site="programme-television.org" site_id="888" xmltv_id="Nickelodeon Junior">Nickelodeon Junior</channel>
    <channel update="i" site="programme-television.org" site_id="197" xmltv_id="TéléToon+">TéléToon+</channel>
    <channel update="i" site="programme-television.org" site_id="300" xmltv_id="Disney Junior">Disney Junior</channel>
    <channel update="i" site="programme-television.org" site_id="483" xmltv_id="Baby TV">Baby TV</channel>
    <channel update="i" site="programme-television.org" site_id="473" xmltv_id="Nickelodéon">Nickelodéon</channel>
    <channel update="i" site="programme-television.org" site_id="121" xmltv_id="MCM">MCM</channel>
    <channel update="i" site="programme-television.org" site_id="343" xmltv_id="MCM Top">MCM Top</channel>
    <channel update="i" site="programme-television.org" site_id="128" xmltv_id="MTV">MTV</channel>
    <channel update="i" site="programme-television.org" site_id="2006" xmltv_id="MTV Hits">MTV Hits</channel>
    <channel update="i" site="programme-television.org" site_id="264" xmltv_id="MTV Rocks">MTV Rocks</channel>
    <channel update="i" site="programme-television.org" site_id="453" xmltv_id="M6 Music">M6 Music</channel>
    <channel update="i" site="programme-television.org" site_id="605" xmltv_id="NRJ Hits">NRJ Hits</channel>
    <channel update="i" site="programme-television.org" site_id="325" xmltv_id="Trace Urban">Trace Urban</channel>
    <channel update="i" site="programme-television.org" site_id="753" xmltv_id="Trace Tropical">Trace Tropical</channel>
    <channel update="i" site="programme-television.org" site_id="265" xmltv_id="Mélody">Mélody</channel>
    <channel update="i" site="programme-television.org" site_id="125" xmltv_id="Mezzo">Mezzo</channel>
    <channel update="i" site="programme-television.org" site_id="907" xmltv_id="Mezzo Live HD">Mezzo Live HD</channel>
    <channel update="i" site="programme-television.org" site_id="2730" xmltv_id="France 3 Nouvelle-Aquitaine">France 3 Nouvelle-Aquitaine</channel>
    <channel update="i" site="programme-television.org" site_id="703" xmltv_id="Canal Partagé TNT Ile de France">Canal Partagé TNT Ile de France</channel>
    <channel update="i" site="programme-television.org" site_id="421" xmltv_id="TV8 Montblanc">TV8 Montblanc</channel>
    <channel update="i" site="programme-television.org" site_id="273" xmltv_id="TV7 Bordeaux">TV7 Bordeaux</channel>
    <channel update="i" site="programme-television.org" site_id="540" xmltv_id="TV Tours">TV Tours</channel>
    <channel update="i" site="programme-television.org" site_id="539" xmltv_id="TVR">TVR</channel>
    <channel update="i" site="programme-television.org" site_id="534" xmltv_id="Canal 32">Canal 32</channel>
    <channel update="i" site="programme-television.org" site_id="492" xmltv_id="LCM">LCM</channel>
    <channel update="i" site="programme-television.org" site_id="930" xmltv_id="Grand Lille TV">Grand Lille TV</channel>
    <channel update="i" site="programme-television.org" site_id="449" xmltv_id="TéléSud">TéléSud</channel>
    <channel update="i" site="programme-television.org" site_id="1095" xmltv_id="Vosges TV">Vosges TV</channel>
    <channel update="i" site="programme-television.org" site_id="1109" xmltv_id="Télé locale Provence">Télé locale Provence</channel>
    <channel update="i" site="programme-television.org" site_id="1151" xmltv_id="TL7 Saint-Etienne">TL7 Saint-Etienne</channel>
    <channel update="i" site="programme-television.org" site_id="491" xmltv_id="TéléNantes">TéléNantes</channel>
    <channel update="i" site="programme-television.org" site_id="704" xmltv_id="TV Sud">TV Sud</channel>
    <channel update="i" site="programme-television.org" site_id="1045" xmltv_id="Mirabelle TV">Mirabelle TV</channel>
    <channel update="i" site="programme-television.org" site_id="524" xmltv_id="Alsace 20">Alsace 20</channel>
    <channel update="i" site="programme-television.org" site_id="1156" xmltv_id="Var Azur">Var Azur</channel>
    <channel update="i" site="programme-television.org" site_id="116" xmltv_id="TLM">TLM</channel>
    <channel update="i" site="programme-television.org" site_id="537" xmltv_id="Télé Grenoble Isère">Télé Grenoble Isère</channel>
    <channel update="i" site="programme-television.org" site_id="1268" xmltv_id="TV Vendée">TV Vendée</channel>
    <channel update="i" site="programme-television.org" site_id="809" xmltv_id="Wéo">Wéo</channel>
    <channel update="i" site="programme-television.org" site_id="202" xmltv_id="RTS Un">RTS Un</channel>
    <channel update="i" site="programme-television.org" site_id="183" xmltv_id="RTS Deux">RTS Deux</channel>
    <channel update="i" site="programme-television.org" site_id="164" xmltv_id="La Une">La Une</channel>
    <channel update="i" site="programme-television.org" site_id="187" xmltv_id="La Deux">La Deux</channel>
    <channel update="i" site="programme-television.org" site_id="892" xmltv_id="La Trois">La Trois</channel>
    <channel update="i" site="programme-television.org" site_id="50" xmltv_id="Club RTL">Club RTL</channel>
    <channel update="i" site="programme-television.org" site_id="377" xmltv_id="Plug RTL">Plug RTL</channel>
    <channel update="i" site="programme-television.org" site_id="168" xmltv_id="RTL TVI">RTL TVI</channel>
    <channel update="i" site="programme-television.org" site_id="254" xmltv_id="AB3">AB3</channel>
    <channel update="i" site="programme-television.org" site_id="303" xmltv_id="AB4">AB4</channel>
    <channel update="i" site="programme-television.org" site_id="218" xmltv_id="XXL">XXL</channel>
    <channel update="i" site="programme-television.org" site_id="560" xmltv_id="Dorcel TV">Dorcel TV</channel>
    <channel update="i" site="programme-television.org" site_id="475" xmltv_id="Brazzers TV">Brazzers TV</channel>
    <channel update="i" site="programme-television.org" site_id="416" xmltv_id="Hustler TV">Hustler TV</channel>
    <channel update="i" site="programme-television.org" site_id="406" xmltv_id="Pink TV">Pink TV</channel>
  </channels>
</site>