﻿<?xml version="1.0" encoding="UTF-8"?>
<site generator-info-name="WebGrab+Plus/w MDB &amp; REX Postprocess -- version  V1.57 -- Jan van Straaten" site="media-press.tv">
  <channels>
    <channel update="i" site="media-press.tv" site_id="BFLI" xmltv_id="FOX Life">FOX Life</channel>
    <channel update="i" site="media-press.tv" site_id="3SA" xmltv_id="3sat">3sat</channel>
    <channel update="i" site="media-press.tv" site_id="ARD" xmltv_id="ARD">ARD</channel>
    <channel update="i" site="media-press.tv" site_id="ART" xmltv_id="Arte">Arte</channel>
    <channel update="i" site="media-press.tv" site_id="ATV" xmltv_id="ATV">ATV</channel>
    <channel update="i" site="media-press.tv" site_id="BA3" xmltv_id="Bayern 3">Bayern 3</channel>
    <channel update="i" site="media-press.tv" site_id="BB1" xmltv_id="BBC1">BBC1</channel>
    <channel update="i" site="media-press.tv" site_id="BNTW" xmltv_id="BNT World">BNT World</channel>
    <channel update="i" site="media-press.tv" site_id="BNT1" xmltv_id="BNT1">BNT1</channel>
    <channel update="i" site="media-press.tv" site_id="BNT2" xmltv_id="BNT2">BNT2</channel>
    <channel update="i" site="media-press.tv" site_id="BBTV" xmltv_id="bTV">bTV</channel>
    <channel update="i" site="media-press.tv" site_id="BBTA" xmltv_id="bTV Action">bTV Action</channel>
    <channel update="i" site="media-press.tv" site_id="BBTC" xmltv_id="bTV Cinema">bTV Cinema</channel>
    <channel update="i" site="media-press.tv" site_id="BBTM" xmltv_id="bTV Comedy">bTV Comedy</channel>
    <channel update="i" site="media-press.tv" site_id="BBTL" xmltv_id="bTV Lady">bTV Lady</channel>
    <channel update="i" site="media-press.tv" site_id="BBOA" xmltv_id="Bulgaria on Air">Bulgaria on Air</channel>
    <channel update="i" site="media-press.tv" site_id="CCI" xmltv_id="Canale 5">Canale 5</channel>
    <channel update="i" site="media-press.tv" site_id="CNBE" xmltv_id="CNBC Europe">CNBC Europe</channel>
    <channel update="i" site="media-press.tv" site_id="CNN" xmltv_id="CNN">CNN</channel>
    <channel update="i" site="media-press.tv" site_id="BNDI" xmltv_id="Diema">Diema</channel>
    <channel update="i" site="media-press.tv" site_id="BNFA" xmltv_id="Diema Family">Diema Family</channel>
    <channel update="i" site="media-press.tv" site_id="BFOX" xmltv_id="FOX">FOX</channel>
    <channel update="i" site="media-press.tv" site_id="BFCR" xmltv_id="FOX Crime">FOX Crime</channel>
    <channel update="i" site="media-press.tv" site_id="KAB" xmltv_id="Kabel 1">Kabel 1</channel>
    <channel update="i" site="media-press.tv" site_id="KKA" xmltv_id="Kinderkanal">Kinderkanal</channel>
    <channel update="i" site="media-press.tv" site_id="BNKN" xmltv_id="Kino Nova">Kino Nova</channel>
    <channel update="i" site="media-press.tv" site_id="BNSP" xmltv_id="Nova Sport">Nova Sport</channel>
    <channel update="i" site="media-press.tv" site_id="BNTV" xmltv_id="Nova TV">Nova TV</channel>
    <channel update="i" site="media-press.tv" site_id="FS1" xmltv_id="ORF 1">ORF 1</channel>
    <channel update="i" site="media-press.tv" site_id="FS2" xmltv_id="ORF 2">ORF 2</channel>
    <channel update="i" site="media-press.tv" site_id="FSSP" xmltv_id="ORF Sport Plus">ORF Sport Plus</channel>
    <channel update="i" site="media-press.tv" site_id="PR7" xmltv_id="Pro 7">Pro 7</channel>
    <channel update="i" site="media-press.tv" site_id="RAI" xmltv_id="RAI 1">RAI 1</channel>
    <channel update="i" site="media-press.tv" site_id="RA2" xmltv_id="RAI 2">RAI 2</channel>
    <channel update="i" site="media-press.tv" site_id="BBTS" xmltv_id="Ring.bg (bTV Sport)">Ring.bg (bTV Sport)</channel>
    <channel update="i" site="media-press.tv" site_id="RTL" xmltv_id="RTL">RTL</channel>
    <channel update="i" site="media-press.tv" site_id="RT2" xmltv_id="RTL 2">RTL 2</channel>
    <channel update="i" site="media-press.tv" site_id="SA1" xmltv_id="Sat.1">Sat.1</channel>
    <channel update="i" site="media-press.tv" site_id="SERT" xmltv_id="Servus TV">Servus TV</channel>
    <channel update="i" site="media-press.tv" site_id="BSKA" xmltv_id="SKAT TV">SKAT TV</channel>
    <channel update="i" site="media-press.tv" site_id="DSF" xmltv_id="Sport1">Sport1</channel>
    <channel update="i" site="media-press.tv" site_id="DRS" xmltv_id="SRF 1">SRF 1</channel>
    <channel update="i" site="media-press.tv" site_id="CH4" xmltv_id="SRF zwei">SRF zwei</channel>
    <channel update="i" site="media-press.tv" site_id="B7SU" xmltv_id="Super 7">Super 7</channel>
    <channel update="i" site="media-press.tv" site_id="SRT" xmltv_id="Super RTL">Super RTL</channel>
    <channel update="i" site="media-press.tv" site_id="TL5" xmltv_id="Tele 5">Tele 5</channel>
    <channel update="i" site="media-press.tv" site_id="TF1" xmltv_id="TF 1">TF 1</channel>
    <channel update="i" site="media-press.tv" site_id="B7TV" xmltv_id="TV7">TV7</channel>
    <channel update="i" site="media-press.tv" site_id="ZDF" xmltv_id="ZDF">ZDF</channel>
  </channels>
</site>