﻿<?xml version="1.0" encoding="UTF-8"?>
<site generator-info-name="WebGrab+Plus/w MDB &amp; REX Postprocess -- version V2.1.10.0 -- Jan van Straaten" site="promo.mytvsuper.com.E">
  <channels>
    <channel update="i" site="promo.mytvsuper.com.E" site_id="tc#C18" xmltv_id="myTV SUPER 18台 (18)">myTV SUPER 18台 (18)</channel>
    <channel update="i" site="promo.mytvsuper.com.E" site_id="tc#J" xmltv_id="翡翠台 (81)">翡翠台 (81)</channel>
    <channel update="i" site="promo.mytvsuper.com.E" site_id="tc#B" xmltv_id="J2 (82)">J2 (82)</channel>
    <channel update="i" site="promo.mytvsuper.com.E" site_id="tc#C" xmltv_id="無綫新聞台 (83)">無綫新聞台 (83)</channel>
    <channel update="i" site="promo.mytvsuper.com.E" site_id="tc#P" xmltv_id="明珠台 (84)">明珠台 (84)</channel>
    <channel update="i" site="promo.mytvsuper.com.E" site_id="tc#A" xmltv_id="無綫財經 · 資訊台 (85)">無綫財經 · 資訊台 (85)</channel>
    <channel update="i" site="promo.mytvsuper.com.E" site_id="tc#CTVC" xmltv_id="TVB經典台 (86)">TVB經典台 (86)</channel>
    <channel update="i" site="promo.mytvsuper.com.E" site_id="tc#CTVS" xmltv_id="韓劇台 (87)">韓劇台 (87)</channel>
    <channel update="i" site="promo.mytvsuper.com.E" site_id="tc#CTVD" xmltv_id="日劇台 (88)">日劇台 (88)</channel>
    <channel update="i" site="promo.mytvsuper.com.E" site_id="tc#CDR3" xmltv_id="華語劇台 (89)">華語劇台 (89)</channel>
    <channel update="i" site="promo.mytvsuper.com.E" site_id="tc#CTVE" xmltv_id="娛樂新聞台 (91)">娛樂新聞台 (91)</channel>
    <channel update="i" site="promo.mytvsuper.com.E" site_id="tc#CWIN" xmltv_id="綜藝旅遊台 (92)">綜藝旅遊台 (92)</channel>
    <channel update="i" site="promo.mytvsuper.com.E" site_id="tc#CTVL" xmltv_id="為食台 (93)">為食台 (93)</channel>
    <channel update="i" site="promo.mytvsuper.com.E" site_id="tc#CTVM" xmltv_id="TVB Radio (97)">TVB Radio (97)</channel>
    <channel update="i" site="promo.mytvsuper.com.E" site_id="tc#CCOC" xmltv_id="戲曲台 (98)">戲曲台 (98)</channel>
    <channel update="i" site="promo.mytvsuper.com.E" site_id="tc#CDJC" xmltv_id="Disney Junior (101)">Disney Junior (101)</channel>
    <channel update="i" site="promo.mytvsuper.com.E" site_id="tc#CDIS" xmltv_id="Disney Channel (102)">Disney Channel (102)</channel>
    <channel update="i" site="promo.mytvsuper.com.E" site_id="tc#BBB" xmltv_id="CBeebies (103)">CBeebies (103)</channel>
    <channel update="i" site="promo.mytvsuper.com.E" site_id="tc#CNIKO" xmltv_id="Nickelodeon (104)">Nickelodeon (104)</channel>
    <channel update="i" site="promo.mytvsuper.com.E" site_id="tc#CNIJR" xmltv_id="Nick Jr (105)">Nick Jr (105)</channel>
    <channel update="i" site="promo.mytvsuper.com.E" site_id="tc#CCLM" xmltv_id="粵語片台 (200)">粵語片台 (200)</channel>
    <channel update="i" site="promo.mytvsuper.com.E" site_id="tc#CMAM" xmltv_id="美亞電影台 (201)">美亞電影台 (201)</channel>
    <channel update="i" site="promo.mytvsuper.com.E" site_id="tc#CTHR" xmltv_id="Thrill (202)">Thrill (202)</channel>
    <channel update="i" site="promo.mytvsuper.com.E" site_id="tc#CCCM" xmltv_id="天映經典頻道 (203)">天映經典頻道 (203)</channel>
    <channel update="i" site="promo.mytvsuper.com.E" site_id="tc#BE1" xmltv_id="beIN SPORTS 1 (301)">beIN SPORTS 1 (301)</channel>
    <channel update="i" site="promo.mytvsuper.com.E" site_id="tc#BE2" xmltv_id="beIN SPORTS 2 (302)">beIN SPORTS 2 (302)</channel>
    <channel update="i" site="promo.mytvsuper.com.E" site_id="tc#BEM" xmltv_id="beIN SPORTS MAX (303)">beIN SPORTS MAX (303)</channel>
    <channel update="i" site="promo.mytvsuper.com.E" site_id="tc#CKIX" xmltv_id="KIX (304)">KIX (304)</channel>
    <channel update="i" site="promo.mytvsuper.com.E" site_id="tc#EUS" xmltv_id="歐洲體育台 (305)">歐洲體育台 (305)</channel>
    <channel update="i" site="promo.mytvsuper.com.E" site_id="tc#SW1" xmltv_id="體通天下 1 台 (306)">體通天下 1 台 (306)</channel>
    <channel update="i" site="promo.mytvsuper.com.E" site_id="tc#SW2" xmltv_id="體通天下 2 台 (307)">體通天下 2 台 (307)</channel>
    <channel update="i" site="promo.mytvsuper.com.E" site_id="tc#SW3" xmltv_id="體通天下 3 台 (308)">體通天下 3 台 (308)</channel>
    <channel update="i" site="promo.mytvsuper.com.E" site_id="tc#BBE" xmltv_id="BBC Earth (401)">BBC Earth (401)</channel>
    <channel update="i" site="promo.mytvsuper.com.E" site_id="tc#LNH" xmltv_id="Love Nature HD (*此頻道只提供HD畫質) (402)">Love Nature HD (*此頻道只提供HD畫質) (402)</channel>
    <channel update="i" site="promo.mytvsuper.com.E" site_id="tc#LN4" xmltv_id="Love Nature 4K (403)">Love Nature 4K (403)</channel>
    <channel update="i" site="promo.mytvsuper.com.E" site_id="tc#ANP" xmltv_id="動物星球頻道 (404)">動物星球頻道 (404)</channel>
    <channel update="i" site="promo.mytvsuper.com.E" site_id="tc#DSC" xmltv_id="Discovery頻道 (405)">Discovery頻道 (405)</channel>
    <channel update="i" site="promo.mytvsuper.com.E" site_id="tc#SCI" xmltv_id="Discovery科學頻道 (406)">Discovery科學頻道 (406)</channel>
    <channel update="i" site="promo.mytvsuper.com.E" site_id="tc#CRTX" xmltv_id="Blue Ant超極娛樂 (500)">Blue Ant超極娛樂 (500)</channel>
    <channel update="i" site="promo.mytvsuper.com.E" site_id="tc#CRTE" xmltv_id="Blue Ant綜藝娛樂 (501)">Blue Ant綜藝娛樂 (501)</channel>
    <channel update="i" site="promo.mytvsuper.com.E" site_id="tc#CAXN" xmltv_id="AXN (502)">AXN (502)</channel>
    <channel update="i" site="promo.mytvsuper.com.E" site_id="tc#CANI" xmltv_id="Animax (504)">Animax (504)</channel>
    <channel update="i" site="promo.mytvsuper.com.E" site_id="tc#CJTV" xmltv_id="tvN (505)">tvN (505)</channel>
    <channel update="i" site="promo.mytvsuper.com.E" site_id="tc#CTS1" xmltv_id="無線衛星亞洲台 (601)">無線衛星亞洲台 (601)</channel>
    <channel update="i" site="promo.mytvsuper.com.E" site_id="tc#CRE" xmltv_id="創世電視 (602)">創世電視 (602)</channel>
    <channel update="i" site="promo.mytvsuper.com.E" site_id="tc#CFF1" xmltv_id="FASHION ONE (603)">FASHION ONE (603)</channel>
    <channel update="i" site="promo.mytvsuper.com.E" site_id="tc#CMEZ" xmltv_id="Mezzo Live HD (604)">Mezzo Live HD (604)</channel>
    <channel update="i" site="promo.mytvsuper.com.E" site_id="tc#BBL" xmltv_id="BBC Lifestyle (605)">BBC Lifestyle (605)</channel>
    <channel update="i" site="promo.mytvsuper.com.E" site_id="tc#CTN2" xmltv_id="無綫新聞台 (700)">無綫新聞台 (700)</channel>
    <channel update="i" site="promo.mytvsuper.com.E" site_id="tc#CMN1" xmltv_id="神州新聞台 (701)">神州新聞台 (701)</channel>
    <channel update="i" site="promo.mytvsuper.com.E" site_id="tc#CTSN" xmltv_id="無線衛星新聞台 (702)">無線衛星新聞台 (702)</channel>
    <channel update="i" site="promo.mytvsuper.com.E" site_id="tc#CCNA" xmltv_id="亞洲新聞台 (703)">亞洲新聞台 (703)</channel>
    <channel update="i" site="promo.mytvsuper.com.E" site_id="tc#CJAZ" xmltv_id="半島電視台英語頻道 (704)">半島電視台英語頻道 (704)</channel>
    <channel update="i" site="promo.mytvsuper.com.E" site_id="tc#CF24" xmltv_id="France 24 (705)">France 24 (705)</channel>
    <channel update="i" site="promo.mytvsuper.com.E" site_id="tc#CDW1" xmltv_id="DW (706)">DW (706)</channel>
    <channel update="i" site="promo.mytvsuper.com.E" site_id="tc#CNHK" xmltv_id="NHK World-Japan (707)">NHK World-Japan (707)</channel>
    <channel update="i" site="promo.mytvsuper.com.E" site_id="tc#CARI" xmltv_id="Arirang TV (708)">Arirang TV (708)</channel>
    <channel update="i" site="promo.mytvsuper.com.E" site_id="tc#BBW" xmltv_id="BBC World News (709)">BBC World News (709)</channel>
    <channel update="i" site="promo.mytvsuper.com.E" site_id="en#C18" xmltv_id="myTV SUPER 18 (18)">myTV SUPER 18 (18)</channel>
    <channel update="i" site="promo.mytvsuper.com.E" site_id="en#J" xmltv_id="Jade (81)">Jade (81)</channel>
    <channel update="i" site="promo.mytvsuper.com.E" site_id="en#B" xmltv_id="J2 (82)">J2 (82)</channel>
    <channel update="i" site="promo.mytvsuper.com.E" site_id="en#C" xmltv_id="TVB News Channel (83)">TVB News Channel (83)</channel>
    <channel update="i" site="promo.mytvsuper.com.E" site_id="en#P" xmltv_id="Pearl (84)">Pearl (84)</channel>
    <channel update="i" site="promo.mytvsuper.com.E" site_id="en#A" xmltv_id="TVB Finance &amp; Information Channel (85)">TVB Finance &amp; Information Channel (85)</channel>
    <channel update="i" site="promo.mytvsuper.com.E" site_id="en#CTVC" xmltv_id="TVB Classic (86)">TVB Classic (86)</channel>
    <channel update="i" site="promo.mytvsuper.com.E" site_id="en#CTVS" xmltv_id="Korean Drama (87)">Korean Drama (87)</channel>
    <channel update="i" site="promo.mytvsuper.com.E" site_id="en#CTVD" xmltv_id="Japanese Drama (88)">Japanese Drama (88)</channel>
    <channel update="i" site="promo.mytvsuper.com.E" site_id="en#CDR3" xmltv_id="Chinese Drama (89)">Chinese Drama (89)</channel>
    <channel update="i" site="promo.mytvsuper.com.E" site_id="en#CTVE" xmltv_id="Entertainment News (91)">Entertainment News (91)</channel>
    <channel update="i" site="promo.mytvsuper.com.E" site_id="en#CWIN" xmltv_id="Variety and Travel (92)">Variety and Travel (92)</channel>
    <channel update="i" site="promo.mytvsuper.com.E" site_id="en#CTVL" xmltv_id="Food (93)">Food (93)</channel>
    <channel update="i" site="promo.mytvsuper.com.E" site_id="en#CTVM" xmltv_id="TVB Radio (97)">TVB Radio (97)</channel>
    <channel update="i" site="promo.mytvsuper.com.E" site_id="en#CCOC" xmltv_id="Chinese Opera Channel (98)">Chinese Opera Channel (98)</channel>
    <channel update="i" site="promo.mytvsuper.com.E" site_id="en#CDJC" xmltv_id="Disney Junior (101)">Disney Junior (101)</channel>
    <channel update="i" site="promo.mytvsuper.com.E" site_id="en#CDIS" xmltv_id="Disney Channel (102)">Disney Channel (102)</channel>
    <channel update="i" site="promo.mytvsuper.com.E" site_id="en#BBB" xmltv_id="CBeebies (103)">CBeebies (103)</channel>
    <channel update="i" site="promo.mytvsuper.com.E" site_id="en#CNIKO" xmltv_id="Nickelodeon (104)">Nickelodeon (104)</channel>
    <channel update="i" site="promo.mytvsuper.com.E" site_id="en#CNIJR" xmltv_id="Nick Jr (105)">Nick Jr (105)</channel>
    <channel update="i" site="promo.mytvsuper.com.E" site_id="en#CCLM" xmltv_id="Classic Movies (200)">Classic Movies (200)</channel>
    <channel update="i" site="promo.mytvsuper.com.E" site_id="en#CMAM" xmltv_id="Mei Ah Movie Channel (201)">Mei Ah Movie Channel (201)</channel>
    <channel update="i" site="promo.mytvsuper.com.E" site_id="en#CTHR" xmltv_id="Thrill (202)">Thrill (202)</channel>
    <channel update="i" site="promo.mytvsuper.com.E" site_id="en#CCCM" xmltv_id="CCM (203)">CCM (203)</channel>
    <channel update="i" site="promo.mytvsuper.com.E" site_id="en#BE1" xmltv_id="beIN SPORTS 1 (301)">beIN SPORTS 1 (301)</channel>
    <channel update="i" site="promo.mytvsuper.com.E" site_id="en#BE2" xmltv_id="beIN SPORTS 2 (302)">beIN SPORTS 2 (302)</channel>
    <channel update="i" site="promo.mytvsuper.com.E" site_id="en#BEM" xmltv_id="beIN SPORTS MAX (303)">beIN SPORTS MAX (303)</channel>
    <channel update="i" site="promo.mytvsuper.com.E" site_id="en#CKIX" xmltv_id="KIX (304)">KIX (304)</channel>
    <channel update="i" site="promo.mytvsuper.com.E" site_id="en#EUS" xmltv_id="Eurosport (305)">Eurosport (305)</channel>
    <channel update="i" site="promo.mytvsuper.com.E" site_id="en#SW1" xmltv_id="Sports2World 1 (306)">Sports2World 1 (306)</channel>
    <channel update="i" site="promo.mytvsuper.com.E" site_id="en#SW2" xmltv_id="Sports2World 2 (307)">Sports2World 2 (307)</channel>
    <channel update="i" site="promo.mytvsuper.com.E" site_id="en#SW3" xmltv_id="Sports2World 3 (308)">Sports2World 3 (308)</channel>
    <channel update="i" site="promo.mytvsuper.com.E" site_id="en#BBE" xmltv_id="BBC Earth (401)">BBC Earth (401)</channel>
    <channel update="i" site="promo.mytvsuper.com.E" site_id="en#LNH" xmltv_id="Love Nature HD (*This channel is only available in HD resolution) (402)">Love Nature HD (*This channel is only available in HD resolution) (402)</channel>
    <channel update="i" site="promo.mytvsuper.com.E" site_id="en#LN4" xmltv_id="Love Nature 4K (403)">Love Nature 4K (403)</channel>
    <channel update="i" site="promo.mytvsuper.com.E" site_id="en#ANP" xmltv_id="Animal Planet (404)">Animal Planet (404)</channel>
    <channel update="i" site="promo.mytvsuper.com.E" site_id="en#DSC" xmltv_id="Discovery Channel (405)">Discovery Channel (405)</channel>
    <channel update="i" site="promo.mytvsuper.com.E" site_id="en#SCI" xmltv_id="Discovery Science (406)">Discovery Science (406)</channel>
    <channel update="i" site="promo.mytvsuper.com.E" site_id="en#CRTX" xmltv_id="Blue Ant Extreme (500)">Blue Ant Extreme (500)</channel>
    <channel update="i" site="promo.mytvsuper.com.E" site_id="en#CRTE" xmltv_id="Blue Ant Entertainment (501)">Blue Ant Entertainment (501)</channel>
    <channel update="i" site="promo.mytvsuper.com.E" site_id="en#CAXN" xmltv_id="AXN (502)">AXN (502)</channel>
    <channel update="i" site="promo.mytvsuper.com.E" site_id="en#CANI" xmltv_id="Animax (504)">Animax (504)</channel>
    <channel update="i" site="promo.mytvsuper.com.E" site_id="en#CJTV" xmltv_id="tvN (505)">tvN (505)</channel>
    <channel update="i" site="promo.mytvsuper.com.E" site_id="en#CTS1" xmltv_id="TVBS Asia (601)">TVBS Asia (601)</channel>
    <channel update="i" site="promo.mytvsuper.com.E" site_id="en#CRE" xmltv_id="Creation TV (602)">Creation TV (602)</channel>
    <channel update="i" site="promo.mytvsuper.com.E" site_id="en#CFF1" xmltv_id="Fashion One (603)">Fashion One (603)</channel>
    <channel update="i" site="promo.mytvsuper.com.E" site_id="en#CMEZ" xmltv_id="Mezzo Live HD (604)">Mezzo Live HD (604)</channel>
    <channel update="i" site="promo.mytvsuper.com.E" site_id="en#BBL" xmltv_id="BBC Lifestyle (605)">BBC Lifestyle (605)</channel>
    <channel update="i" site="promo.mytvsuper.com.E" site_id="en#CTN2" xmltv_id="TVB News Channel (700)">TVB News Channel (700)</channel>
    <channel update="i" site="promo.mytvsuper.com.E" site_id="en#CMN1" xmltv_id="Mainland News (701)">Mainland News (701)</channel>
    <channel update="i" site="promo.mytvsuper.com.E" site_id="en#CTSN" xmltv_id="TVBS News (702)">TVBS News (702)</channel>
    <channel update="i" site="promo.mytvsuper.com.E" site_id="en#CCNA" xmltv_id="Channel NewsAsia (703)">Channel NewsAsia (703)</channel>
    <channel update="i" site="promo.mytvsuper.com.E" site_id="en#CJAZ" xmltv_id="Al Jazeera English (704)">Al Jazeera English (704)</channel>
    <channel update="i" site="promo.mytvsuper.com.E" site_id="en#CF24" xmltv_id="France 24 (705)">France 24 (705)</channel>
    <channel update="i" site="promo.mytvsuper.com.E" site_id="en#CDW1" xmltv_id="DW (706)">DW (706)</channel>
    <channel update="i" site="promo.mytvsuper.com.E" site_id="en#CNHK" xmltv_id="NHK World-Japan (707)">NHK World-Japan (707)</channel>
    <channel update="i" site="promo.mytvsuper.com.E" site_id="en#CARI" xmltv_id="Arirang TV (708)">Arirang TV (708)</channel>
    <channel update="i" site="promo.mytvsuper.com.E" site_id="en#BBW" xmltv_id="BBC World News (709)">BBC World News (709)</channel>
  </channels>
</site>