<?xml version="1.0" encoding="UTF-8"?>
<site generator-info-name="WebGrab+Plus/w MDB &amp; REX Postprocess -- version V3.0.0.8 -- Jan van Straaten" site="humo.be">
  <channels>
    <channel update="i" site="humo.be" site_id="##type=main##id=22" xmltv_id="één">één</channel>
    <channel update="i" site="humo.be" site_id="##type=main##id=18" xmltv_id="Canvas">Canvas</channel>
    <channel update="i" site="humo.be" site_id="##type=main##id=6" xmltv_id="vtm">vtm</channel>
    <channel update="i" site="humo.be" site_id="##type=main##id=40" xmltv_id="Q2">Q2</channel>
    <channel update="i" site="humo.be" site_id="##type=main##id=2" xmltv_id="VIER">VIER</channel>
    <channel update="i" site="humo.be" site_id="##type=main##id=4" xmltv_id="VIJF">VIJF</channel>
    <channel update="i" site="humo.be" site_id="##type=main##id=117" xmltv_id="ZES">ZES</channel>
    <channel update="i" site="humo.be" site_id="##type=main##id=119" xmltv_id="National Geographic">National Geographic</channel>
    <channel update="i" site="humo.be" site_id="##type=main##id=20" xmltv_id="Discovery">Discovery</channel>
    <channel update="i" site="humo.be" site_id="##type=main##id=38" xmltv_id="Vitaya">Vitaya</channel>
    <channel update="i" site="humo.be" site_id="##type=main##id=8" xmltv_id="CAZ">CAZ</channel>
    <channel update="i" site="humo.be" site_id="##type=main##id=30" xmltv_id="NPO 1">NPO 1</channel>
    <channel update="i" site="humo.be" site_id="##type=main##id=32" xmltv_id="NPO 2">NPO 2</channel>
    <channel update="i" site="humo.be" site_id="##type=main##id=34" xmltv_id="NPO 3">NPO 3</channel>
    <channel update="i" site="humo.be" site_id="##type=main##id=28" xmltv_id="Njam!">Njam!</channel>
    <channel update="i" site="humo.be" site_id="##type=main##id=36" xmltv_id="TLC">TLC</channel>
    <channel update="i" site="humo.be" site_id="##type=main##id=111" xmltv_id="FOX">FOX</channel>
    <channel update="i" site="humo.be" site_id="##type=rest##id=10" xmltv_id="BBC 1">BBC 1</channel>
    <channel update="i" site="humo.be" site_id="##type=rest##id=12" xmltv_id="BBC 2">BBC 2</channel>
    <channel update="i" site="humo.be" site_id="##type=rest##id=45" xmltv_id="Arte">Arte</channel>
    <channel update="i" site="humo.be" site_id="##type=rest##id=49" xmltv_id="Eurosport 1">Eurosport 1</channel>
    <channel update="i" site="humo.be" site_id="##type=rest##id=67" xmltv_id="La Une">La Une</channel>
    <channel update="i" site="humo.be" site_id="##type=rest##id=61" xmltv_id="La Deux">La Deux</channel>
    <channel update="i" site="humo.be" site_id="##type=rest##id=51" xmltv_id="France 2">France 2</channel>
    <channel update="i" site="humo.be" site_id="##type=rest##id=53" xmltv_id="France 3">France 3</channel>
    <channel update="i" site="humo.be" site_id="##type=rest##id=43" xmltv_id="ARD">ARD</channel>
    <channel update="i" site="humo.be" site_id="##type=rest##id=105" xmltv_id="ZDF">ZDF</channel>
    <channel update="i" site="humo.be" site_id="##type=rest##id=103" xmltv_id="WDR">WDR</channel>
    <channel update="i" site="humo.be" site_id="##type=rest##id=115" xmltv_id="Kadet">Kadet</channel>
    <channel update="i" site="humo.be" site_id="##type=rest##id=113" xmltv_id="Comedy Central">Comedy Central</channel>
    <channel update="i" site="humo.be" site_id="##type=rest##id=69" xmltv_id="MTV">MTV</channel>
    <channel update="i" site="humo.be" site_id="##type=rest##id=65" xmltv_id="La Trois">La Trois</channel>
    <channel update="i" site="humo.be" site_id="##type=rest##id=99" xmltv_id="TVE">TVE</channel>
    <channel update="i" site="humo.be" site_id="##type=rest##id=87" xmltv_id="RTL-TVi">RTL-TVi</channel>
    <channel update="i" site="humo.be" site_id="##type=rest##id=85" xmltv_id="RAI Uno">RAI Uno</channel>
    <channel update="i" site="humo.be" site_id="##type=rest##id=95" xmltv_id="TF1">TF1</channel>
    <channel update="i" site="humo.be" site_id="##type=rest##id=121" xmltv_id="VICELAND">VICELAND</channel>
    <channel update="i" site="humo.be" site_id="##type=rest##id=107" xmltv_id="AMC">AMC</channel>
    <channel update="i" site="humo.be" site_id="##type=rest##id=59" xmltv_id="Ketnet">Ketnet</channel>
    <channel update="i" site="humo.be" site_id="##type=rest##id=101" xmltv_id="VTM Kzoom">VTM Kzoom</channel>
    <channel update="i" site="humo.be" site_id="##type=rest##id=91" xmltv_id="Studio 100 TV">Studio 100 TV</channel>
    <channel update="i" site="humo.be" site_id="##type=rest##id=47" xmltv_id="Disney Channel">Disney Channel</channel>
    <channel update="i" site="humo.be" site_id="##type=rest##id=73" xmltv_id="Nickelodeon">Nickelodeon</channel>
    <channel update="i" site="humo.be" site_id="##type=rest##id=109" xmltv_id="Cartoon Network">Cartoon Network</channel>
  </channels>
</site>
