﻿<?xml version="1.0" encoding="UTF-8"?>
<site generator-info-name="WebGrab+Plus/w MDB &amp; REX Postprocess -- version V3.1.1.1 -- Jan van Straaten" site="livetv.tv-vlaanderen.be.E">
  <channels>
    <channel update="i" site="livetv.tv-vlaanderen.be.E" site_id="1790975744" xmltv_id="één HD">één HD</channel>
    <channel update="i" site="livetv.tv-vlaanderen.be.E" site_id="1790975808" xmltv_id="Canvas HD">Canvas HD</channel>
    <channel update="i" site="livetv.tv-vlaanderen.be.E" site_id="1791046592" xmltv_id="VTM HD">VTM HD</channel>
    <channel update="i" site="livetv.tv-vlaanderen.be.E" site_id="1791046080" xmltv_id="VIER HD">VIER HD</channel>
    <channel update="i" site="livetv.tv-vlaanderen.be.E" site_id="1791031936" xmltv_id="VTM 2">VTM 2</channel>
    <channel update="i" site="livetv.tv-vlaanderen.be.E" site_id="1791046144" xmltv_id="VIJF">VIJF</channel>
    <channel update="i" site="livetv.tv-vlaanderen.be.E" site_id="1791046208" xmltv_id="VTM 3">VTM 3</channel>
    <channel update="i" site="livetv.tv-vlaanderen.be.E" site_id="1791000960" xmltv_id="VTM 4">VTM 4</channel>
    <channel update="i" site="livetv.tv-vlaanderen.be.E" site_id="1791859136" xmltv_id="ZES">ZES</channel>
    <channel update="i" site="livetv.tv-vlaanderen.be.E" site_id="1791850752" xmltv_id="CAZ 2">CAZ 2</channel>
    <channel update="i" site="livetv.tv-vlaanderen.be.E" site_id="1790984192" xmltv_id="VTM Kids">VTM Kids</channel>
    <channel update="i" site="livetv.tv-vlaanderen.be.E" site_id="1790975872" xmltv_id="Ketnet / één+ / Canvas+">Ketnet / één+ / Canvas+</channel>
    <channel update="i" site="livetv.tv-vlaanderen.be.E" site_id="1791001024" xmltv_id="Eclips TV">Eclips TV</channel>
    <channel update="i" site="livetv.tv-vlaanderen.be.E" site_id="1791001280" xmltv_id="Infokanaal">Infokanaal</channel>
    <channel update="i" site="livetv.tv-vlaanderen.be.E" site_id="1791608704" xmltv_id="NPO 1 HD">NPO 1 HD</channel>
    <channel update="i" site="livetv.tv-vlaanderen.be.E" site_id="1791608768" xmltv_id="NPO 2 HD">NPO 2 HD</channel>
    <channel update="i" site="livetv.tv-vlaanderen.be.E" site_id="1791608832" xmltv_id="NPO 3 HD">NPO 3 HD</channel>
    <channel update="i" site="livetv.tv-vlaanderen.be.E" site_id="1791945856" xmltv_id="Kanaal Z">Kanaal Z</channel>
    <channel update="i" site="livetv.tv-vlaanderen.be.E" site_id="1790968640" xmltv_id="BVN">BVN</channel>
    <channel update="i" site="livetv.tv-vlaanderen.be.E" site_id="1791950464" xmltv_id="MENT TV">MENT TV</channel>
    <channel update="i" site="livetv.tv-vlaanderen.be.E" site_id="1791745472" xmltv_id="Fox">Fox</channel>
    <channel update="i" site="livetv.tv-vlaanderen.be.E" site_id="1790975552" xmltv_id="History">History</channel>
    <channel update="i" site="livetv.tv-vlaanderen.be.E" site_id="592379392" xmltv_id="BBC First HD">BBC First HD</channel>
    <channel update="i" site="livetv.tv-vlaanderen.be.E" site_id="592379456" xmltv_id="BBC Entertainment">BBC Entertainment</channel>
    <channel update="i" site="livetv.tv-vlaanderen.be.E" site_id="1790991936" xmltv_id="NatGeo HD">NatGeo HD</channel>
    <channel update="i" site="livetv.tv-vlaanderen.be.E" site_id="592273472" xmltv_id="DOCUBOX">DOCUBOX</channel>
    <channel update="i" site="livetv.tv-vlaanderen.be.E" site_id="592306048" xmltv_id="Travelxp HD">Travelxp HD</channel>
    <channel update="i" site="livetv.tv-vlaanderen.be.E" site_id="1791893568" xmltv_id="Comedy Central">Comedy Central</channel>
    <channel update="i" site="livetv.tv-vlaanderen.be.E" site_id="1791952576" xmltv_id="ELEVEN Pro League 1 NL">ELEVEN Pro League 1 NL</channel>
    <channel update="i" site="livetv.tv-vlaanderen.be.E" site_id="1791952640" xmltv_id="ELEVEN Pro League 2 NL">ELEVEN Pro League 2 NL</channel>
    <channel update="i" site="livetv.tv-vlaanderen.be.E" site_id="1791952704" xmltv_id="ELEVEN Pro League 3 NL">ELEVEN Pro League 3 NL</channel>
    <channel update="i" site="livetv.tv-vlaanderen.be.E" site_id="591420864" xmltv_id="National Geographic Wild HD">National Geographic Wild HD</channel>
    <channel update="i" site="livetv.tv-vlaanderen.be.E" site_id="592273280" xmltv_id="Fishing and Hunting">Fishing and Hunting</channel>
    <channel update="i" site="livetv.tv-vlaanderen.be.E" site_id="1791943104" xmltv_id="Love Nature HD">Love Nature HD</channel>
    <channel update="i" site="livetv.tv-vlaanderen.be.E" site_id="1791006016" xmltv_id="ONS">ONS</channel>
    <channel update="i" site="livetv.tv-vlaanderen.be.E" site_id="1791850432" xmltv_id="Nick Jr.">Nick Jr.</channel>
    <channel update="i" site="livetv.tv-vlaanderen.be.E" site_id="1790987392" xmltv_id="Cartoon Network">Cartoon Network</channel>
    <channel update="i" site="livetv.tv-vlaanderen.be.E" site_id="1790987328" xmltv_id="Boomerang">Boomerang</channel>
    <channel update="i" site="livetv.tv-vlaanderen.be.E" site_id="1790973248" xmltv_id="Disney XD HD (04u-18u)">Disney XD HD (04u-18u)</channel>
    <channel update="i" site="livetv.tv-vlaanderen.be.E" site_id="1791610240" xmltv_id="Disney Channel">Disney Channel</channel>
    <channel update="i" site="livetv.tv-vlaanderen.be.E" site_id="1790975168" xmltv_id="Nickelodeon / Spike BE">Nickelodeon / Spike BE</channel>
    <channel update="i" site="livetv.tv-vlaanderen.be.E" site_id="1790988928" xmltv_id="duck tv">duck tv</channel>
    <channel update="i" site="livetv.tv-vlaanderen.be.E" site_id="1791885824" xmltv_id="Baby TV">Baby TV</channel>
    <channel update="i" site="livetv.tv-vlaanderen.be.E" site_id="591408128" xmltv_id="Stingray iConcerts HD">Stingray iConcerts HD</channel>
    <channel update="i" site="livetv.tv-vlaanderen.be.E" site_id="1791856064" xmltv_id="192TV">192TV</channel>
    <channel update="i" site="livetv.tv-vlaanderen.be.E" site_id="1790974784" xmltv_id="MTV NL">MTV NL</channel>
    <channel update="i" site="livetv.tv-vlaanderen.be.E" site_id="591408064" xmltv_id="MTV Music 24">MTV Music 24</channel>
    <channel update="i" site="livetv.tv-vlaanderen.be.E" site_id="592287616" xmltv_id="Stingray CMusic">Stingray CMusic</channel>
    <channel update="i" site="livetv.tv-vlaanderen.be.E" site_id="591423616" xmltv_id="VH-1">VH-1</channel>
    <channel update="i" site="livetv.tv-vlaanderen.be.E" site_id="591423680" xmltv_id="VH-1 Classic">VH-1 Classic</channel>
    <channel update="i" site="livetv.tv-vlaanderen.be.E" site_id="343938944" xmltv_id="Retro Music TV">Retro Music TV</channel>
    <channel update="i" site="livetv.tv-vlaanderen.be.E" site_id="742415040" xmltv_id="Mezzo HD">Mezzo HD</channel>
    <channel update="i" site="livetv.tv-vlaanderen.be.E" site_id="591403264" xmltv_id="Stingray Classica HD">Stingray Classica HD</channel>
    <channel update="i" site="livetv.tv-vlaanderen.be.E" site_id="344906624" xmltv_id="Ocko Black HD">Ocko Black HD</channel>
    <channel update="i" site="livetv.tv-vlaanderen.be.E" site_id="1790979200" xmltv_id="TV Oranje">TV Oranje</channel>
    <channel update="i" site="livetv.tv-vlaanderen.be.E" site_id="1790971136" xmltv_id="Schlager TV">Schlager TV</channel>
    <channel update="i" site="livetv.tv-vlaanderen.be.E" site_id="592296192" xmltv_id="Insight TV HD">Insight TV HD</channel>
    <channel update="i" site="livetv.tv-vlaanderen.be.E" site_id="592296256" xmltv_id="Insight TV UHD">Insight TV UHD</channel>
    <channel update="i" site="livetv.tv-vlaanderen.be.E" site_id="743047872" xmltv_id="France 2 HD">France 2 HD</channel>
    <channel update="i" site="livetv.tv-vlaanderen.be.E" site_id="343969984" xmltv_id="(18+) Leo TV (22-06)">(18+) Leo TV (22-06)</channel>
    <channel update="i" site="livetv.tv-vlaanderen.be.E" site_id="591431616" xmltv_id="(18+) Brazzers TV (22-05)">(18+) Brazzers TV (22-05)</channel>
    <channel update="i" site="livetv.tv-vlaanderen.be.E" site_id="591433664" xmltv_id="(18+) Hustler TV">(18+) Hustler TV</channel>
    <channel update="i" site="livetv.tv-vlaanderen.be.E" site_id="592284608" xmltv_id="(18+) Penthouse Gold">(18+) Penthouse Gold</channel>
    <channel update="i" site="livetv.tv-vlaanderen.be.E" site_id="592284672" xmltv_id="(18+) Penthouse Quickies">(18+) Penthouse Quickies</channel>
    <channel update="i" site="livetv.tv-vlaanderen.be.E" site_id="591408576" xmltv_id="(18+) VividTV">(18+) VividTV</channel>
    <channel update="i" site="livetv.tv-vlaanderen.be.E" site_id="591396992" xmltv_id="(18+) Reality Kings">(18+) Reality Kings</channel>
    <channel update="i" site="livetv.tv-vlaanderen.be.E" site_id="742428928" xmltv_id="(18+) Man-X (00-06)">(18+) Man-X (00-06)</channel>
    <channel update="i" site="livetv.tv-vlaanderen.be.E" site_id="1791877824" xmltv_id="ELEVEN 1 NL">ELEVEN 1 NL</channel>
    <channel update="i" site="livetv.tv-vlaanderen.be.E" site_id="1791877952" xmltv_id="ELEVEN 1 HD NL">ELEVEN 1 HD NL</channel>
    <channel update="i" site="livetv.tv-vlaanderen.be.E" site_id="1791877760" xmltv_id="ELEVEN 2 NL">ELEVEN 2 NL</channel>
    <channel update="i" site="livetv.tv-vlaanderen.be.E" site_id="1791878016" xmltv_id="ELEVEN 2 HD NL">ELEVEN 2 HD NL</channel>
    <channel update="i" site="livetv.tv-vlaanderen.be.E" site_id="1791879680" xmltv_id="ELEVEN 3 HD NL">ELEVEN 3 HD NL</channel>
    <channel update="i" site="livetv.tv-vlaanderen.be.E" site_id="592272256" xmltv_id="FIGHTBOX">FIGHTBOX</channel>
    <channel update="i" site="livetv.tv-vlaanderen.be.E" site_id="592325056" xmltv_id="Fuel TV HD">Fuel TV HD</channel>
    <channel update="i" site="livetv.tv-vlaanderen.be.E" site_id="592161408" xmltv_id="MyZen.tv">MyZen.tv</channel>
    <channel update="i" site="livetv.tv-vlaanderen.be.E" site_id="419467840" xmltv_id="AutoMotorSport HD">AutoMotorSport HD</channel>
    <channel update="i" site="livetv.tv-vlaanderen.be.E" site_id="591434368" xmltv_id="Nautical Channel HD">Nautical Channel HD</channel>
    <channel update="i" site="livetv.tv-vlaanderen.be.E" site_id="1920" xmltv_id="Sky News">Sky News</channel>
    <channel update="i" site="livetv.tv-vlaanderen.be.E" site_id="592041792" xmltv_id="BBC World News HD">BBC World News HD</channel>
    <channel update="i" site="livetv.tv-vlaanderen.be.E" site_id="591397248" xmltv_id="CNBC HD">CNBC HD</channel>
    <channel update="i" site="livetv.tv-vlaanderen.be.E" site_id="592042048" xmltv_id="France 24 (in English)">France 24 (in English)</channel>
    <channel update="i" site="livetv.tv-vlaanderen.be.E" site_id="742413248" xmltv_id="Euronews (Français)">Euronews (Français)</channel>
    <channel update="i" site="livetv.tv-vlaanderen.be.E" site_id="742392384" xmltv_id="TV5MONDE HD (F,B,CH)">TV5MONDE HD (F,B,CH)</channel>
    <channel update="i" site="livetv.tv-vlaanderen.be.E" site_id="743037632" xmltv_id="TV5MONDE Europe">TV5MONDE Europe</channel>
    <channel update="i" site="livetv.tv-vlaanderen.be.E" site_id="591397824" xmltv_id="CNN International">CNN International</channel>
    <channel update="i" site="livetv.tv-vlaanderen.be.E" site_id="256" xmltv_id="CNEWS HD">CNEWS HD</channel>
    <channel update="i" site="livetv.tv-vlaanderen.be.E" site_id="591397056" xmltv_id="Al Jazeera English HD">Al Jazeera English HD</channel>
    <channel update="i" site="livetv.tv-vlaanderen.be.E" site_id="592279744" xmltv_id="NHK World HD">NHK World HD</channel>
    <channel update="i" site="livetv.tv-vlaanderen.be.E" site_id="921472" xmltv_id="RT HD">RT HD</channel>
    <channel update="i" site="livetv.tv-vlaanderen.be.E" site_id="592042496" xmltv_id="Bloomberg Europe">Bloomberg Europe</channel>
    <channel update="i" site="livetv.tv-vlaanderen.be.E" site_id="886080" xmltv_id="Rai News 24">Rai News 24</channel>
    <channel update="i" site="livetv.tv-vlaanderen.be.E" site_id="743097536" xmltv_id="LCI HD">LCI HD</channel>
    <channel update="i" site="livetv.tv-vlaanderen.be.E" site_id="1790976576" xmltv_id="TV Noord">TV Noord</channel>
    <channel update="i" site="livetv.tv-vlaanderen.be.E" site_id="1790976896" xmltv_id="Omroep Zeeland">Omroep Zeeland</channel>
    <channel update="i" site="livetv.tv-vlaanderen.be.E" site_id="1790977152" xmltv_id="L1MBURG">L1MBURG</channel>
    <channel update="i" site="livetv.tv-vlaanderen.be.E" site_id="1790976832" xmltv_id="Omroep Brabant">Omroep Brabant</channel>
    <channel update="i" site="livetv.tv-vlaanderen.be.E" site_id="1790976512" xmltv_id="TV Gelderland">TV Gelderland</channel>
    <channel update="i" site="livetv.tv-vlaanderen.be.E" site_id="1790976448" xmltv_id="Omrop Fryslan">Omrop Fryslan</channel>
    <channel update="i" site="livetv.tv-vlaanderen.be.E" site_id="1790976640" xmltv_id="TV Oost">TV Oost</channel>
    <channel update="i" site="livetv.tv-vlaanderen.be.E" site_id="1790977024" xmltv_id="TV Drenthe">TV Drenthe</channel>
    <channel update="i" site="livetv.tv-vlaanderen.be.E" site_id="419431168" xmltv_id="Das Erste HD">Das Erste HD</channel>
    <channel update="i" site="livetv.tv-vlaanderen.be.E" site_id="419438720" xmltv_id="ZDF HD">ZDF HD</channel>
    <channel update="i" site="livetv.tv-vlaanderen.be.E" site_id="420077248" xmltv_id="3sat HD">3sat HD</channel>
    <channel update="i" site="livetv.tv-vlaanderen.be.E" site_id="420077312" xmltv_id="SAT.1">SAT.1</channel>
    <channel update="i" site="livetv.tv-vlaanderen.be.E" site_id="420153664" xmltv_id="SAT.1 Gold Österreich">SAT.1 Gold Österreich</channel>
    <channel update="i" site="livetv.tv-vlaanderen.be.E" site_id="419430720" xmltv_id="RTL Television">RTL Television</channel>
    <channel update="i" site="livetv.tv-vlaanderen.be.E" site_id="419438848" xmltv_id="RTLZWEI">RTLZWEI</channel>
    <channel update="i" site="livetv.tv-vlaanderen.be.E" site_id="420077568" xmltv_id="NITRO">NITRO</channel>
    <channel update="i" site="livetv.tv-vlaanderen.be.E" site_id="420317632" xmltv_id="RTLplus">RTLplus</channel>
    <channel update="i" site="livetv.tv-vlaanderen.be.E" site_id="419436928" xmltv_id="ProSieben">ProSieben</channel>
    <channel update="i" site="livetv.tv-vlaanderen.be.E" site_id="419431616" xmltv_id="ProSieben MAXX Austria">ProSieben MAXX Austria</channel>
    <channel update="i" site="livetv.tv-vlaanderen.be.E" site_id="978112" xmltv_id="VOXup">VOXup</channel>
    <channel update="i" site="livetv.tv-vlaanderen.be.E" site_id="419438080" xmltv_id="VOX">VOX</channel>
    <channel update="i" site="livetv.tv-vlaanderen.be.E" site_id="420077824" xmltv_id="sixx">sixx</channel>
    <channel update="i" site="livetv.tv-vlaanderen.be.E" site_id="419446848" xmltv_id="Kabel Eins">Kabel Eins</channel>
    <channel update="i" site="livetv.tv-vlaanderen.be.E" site_id="420077952" xmltv_id="DMAX">DMAX</channel>
    <channel update="i" site="livetv.tv-vlaanderen.be.E" site_id="420320768" xmltv_id="N24 Doku">N24 Doku</channel>
    <channel update="i" site="livetv.tv-vlaanderen.be.E" site_id="420321024" xmltv_id="Kabel Eins Doku Austria">Kabel Eins Doku Austria</channel>
    <channel update="i" site="livetv.tv-vlaanderen.be.E" site_id="419431680" xmltv_id="Tele 5">Tele 5</channel>
    <channel update="i" site="livetv.tv-vlaanderen.be.E" site_id="419438912" xmltv_id="arte HD">arte HD</channel>
    <channel update="i" site="livetv.tv-vlaanderen.be.E" site_id="420078144" xmltv_id="ONE HD">ONE HD</channel>
    <channel update="i" site="livetv.tv-vlaanderen.be.E" site_id="420342720" xmltv_id="Welt der Wunder">Welt der Wunder</channel>
    <channel update="i" site="livetv.tv-vlaanderen.be.E" site_id="419432768" xmltv_id="ZDF_neo HD">ZDF_neo HD</channel>
    <channel update="i" site="livetv.tv-vlaanderen.be.E" site_id="420337728" xmltv_id="Euronews (Deutsch)">Euronews (Deutsch)</channel>
    <channel update="i" site="livetv.tv-vlaanderen.be.E" site_id="419433024" xmltv_id="ZDFinfo HD">ZDFinfo HD</channel>
    <channel update="i" site="livetv.tv-vlaanderen.be.E" site_id="420078464" xmltv_id="ARD-alpha HD">ARD-alpha HD</channel>
    <channel update="i" site="livetv.tv-vlaanderen.be.E" site_id="420078528" xmltv_id="phoenix HD">phoenix HD</channel>
    <channel update="i" site="livetv.tv-vlaanderen.be.E" site_id="420078592" xmltv_id="Tagesschau 24 HD">Tagesschau 24 HD</channel>
    <channel update="i" site="livetv.tv-vlaanderen.be.E" site_id="420078656" xmltv_id="Welt">Welt</channel>
    <channel update="i" site="livetv.tv-vlaanderen.be.E" site_id="420078720" xmltv_id="n-tv">n-tv</channel>
    <channel update="i" site="livetv.tv-vlaanderen.be.E" site_id="419443904" xmltv_id="Servus TV HD Deutschland">Servus TV HD Deutschland</channel>
    <channel update="i" site="livetv.tv-vlaanderen.be.E" site_id="419444096" xmltv_id="Eurosport 1 Deutschland">Eurosport 1 Deutschland</channel>
    <channel update="i" site="livetv.tv-vlaanderen.be.E" site_id="419432064" xmltv_id="sport1">sport1</channel>
    <channel update="i" site="livetv.tv-vlaanderen.be.E" site_id="1344" xmltv_id="DW-TV (Deutsche Welle)">DW-TV (Deutsche Welle)</channel>
    <channel update="i" site="livetv.tv-vlaanderen.be.E" site_id="1600" xmltv_id="Anixe HD Serie">Anixe HD Serie</channel>
    <channel update="i" site="livetv.tv-vlaanderen.be.E" site_id="420153408" xmltv_id="Disney Channel DE">Disney Channel DE</channel>
    <channel update="i" site="livetv.tv-vlaanderen.be.E" site_id="419447040" xmltv_id="Nickelodeon">Nickelodeon</channel>
    <channel update="i" site="livetv.tv-vlaanderen.be.E" site_id="419442688" xmltv_id="SUPER RTL">SUPER RTL</channel>
    <channel update="i" site="livetv.tv-vlaanderen.be.E" site_id="419442752" xmltv_id="KiKA HD">KiKA HD</channel>
    <channel update="i" site="livetv.tv-vlaanderen.be.E" site_id="13888" xmltv_id="RiC">RiC</channel>
    <channel update="i" site="livetv.tv-vlaanderen.be.E" site_id="420321408" xmltv_id="OE24.TV">OE24.TV</channel>
    <channel update="i" site="livetv.tv-vlaanderen.be.E" site_id="419526528" xmltv_id="ORF 2 Europe">ORF 2 Europe</channel>
    <channel update="i" site="livetv.tv-vlaanderen.be.E" site_id="419444480" xmltv_id="WDR HD Köln">WDR HD Köln</channel>
    <channel update="i" site="livetv.tv-vlaanderen.be.E" site_id="419442816" xmltv_id="R9 Österreich HD">R9 Österreich HD</channel>
    <channel update="i" site="livetv.tv-vlaanderen.be.E" site_id="420411712" xmltv_id="Krone TV">Krone TV</channel>
    <channel update="i" site="livetv.tv-vlaanderen.be.E" site_id="420080256" xmltv_id="RBB Brandenburg HD">RBB Brandenburg HD</channel>
    <channel update="i" site="livetv.tv-vlaanderen.be.E" site_id="419443968" xmltv_id="RBB Berlin HD">RBB Berlin HD</channel>
    <channel update="i" site="livetv.tv-vlaanderen.be.E" site_id="727296" xmltv_id="Anixe +">Anixe +</channel>
    <channel update="i" site="livetv.tv-vlaanderen.be.E" site_id="984512" xmltv_id="Aristo TV">Aristo TV</channel>
    <channel update="i" site="livetv.tv-vlaanderen.be.E" site_id="419444160" xmltv_id="SWR BW HD">SWR BW HD</channel>
    <channel update="i" site="livetv.tv-vlaanderen.be.E" site_id="420156736" xmltv_id="SWR RP HD">SWR RP HD</channel>
    <channel update="i" site="livetv.tv-vlaanderen.be.E" site_id="420139584" xmltv_id="SR Fernsehen HD">SR Fernsehen HD</channel>
    <channel update="i" site="livetv.tv-vlaanderen.be.E" site_id="419445120" xmltv_id="BR Nord HD">BR Nord HD</channel>
    <channel update="i" site="livetv.tv-vlaanderen.be.E" site_id="419445184" xmltv_id="BR Süd HD">BR Süd HD</channel>
    <channel update="i" site="livetv.tv-vlaanderen.be.E" site_id="419445248" xmltv_id="NDR FS NDS HD">NDR FS NDS HD</channel>
    <channel update="i" site="livetv.tv-vlaanderen.be.E" site_id="419445312" xmltv_id="NDR FS MV HD">NDR FS MV HD</channel>
    <channel update="i" site="livetv.tv-vlaanderen.be.E" site_id="419445376" xmltv_id="NDR FS SH HD">NDR FS SH HD</channel>
    <channel update="i" site="livetv.tv-vlaanderen.be.E" site_id="419445440" xmltv_id="NDR FS HH HD">NDR FS HH HD</channel>
    <channel update="i" site="livetv.tv-vlaanderen.be.E" site_id="419445504" xmltv_id="MDR Sachsen HD">MDR Sachsen HD</channel>
    <channel update="i" site="livetv.tv-vlaanderen.be.E" site_id="419445568" xmltv_id="MDR S-Anhalt HD">MDR S-Anhalt HD</channel>
    <channel update="i" site="livetv.tv-vlaanderen.be.E" site_id="419445632" xmltv_id="MDR Thüringen HD">MDR Thüringen HD</channel>
    <channel update="i" site="livetv.tv-vlaanderen.be.E" site_id="419445696" xmltv_id="hr-fernsehen HD">hr-fernsehen HD</channel>
    <channel update="i" site="livetv.tv-vlaanderen.be.E" site_id="910400" xmltv_id="INTV HD">INTV HD</channel>
    <channel update="i" site="livetv.tv-vlaanderen.be.E" site_id="11520" xmltv_id="RFO (na 18u)">RFO (na 18u)</channel>
    <channel update="i" site="livetv.tv-vlaanderen.be.E" site_id="910464" xmltv_id="München TV HD">München TV HD</channel>
    <channel update="i" site="livetv.tv-vlaanderen.be.E" site_id="11072" xmltv_id="TV Mittelrhein">TV Mittelrhein</channel>
    <channel update="i" site="livetv.tv-vlaanderen.be.E" site_id="15360" xmltv_id="Rhein Main TV">Rhein Main TV</channel>
    <channel update="i" site="livetv.tv-vlaanderen.be.E" site_id="15488" xmltv_id="Ulm-Allgäu HD">Ulm-Allgäu HD</channel>
    <channel update="i" site="livetv.tv-vlaanderen.be.E" site_id="15680" xmltv_id="Franken Fernsehen HD">Franken Fernsehen HD</channel>
    <channel update="i" site="livetv.tv-vlaanderen.be.E" site_id="420374656" xmltv_id="HGTV (Deutschland)">HGTV (Deutschland)</channel>
    <channel update="i" site="livetv.tv-vlaanderen.be.E" site_id="912256" xmltv_id="Shop 24 Direct">Shop 24 Direct</channel>
    <channel update="i" site="livetv.tv-vlaanderen.be.E" site_id="419446144" xmltv_id="Comedy Central (D)">Comedy Central (D)</channel>
    <channel update="i" site="livetv.tv-vlaanderen.be.E" site_id="912384" xmltv_id="MTV Deutschland">MTV Deutschland</channel>
    <channel update="i" site="livetv.tv-vlaanderen.be.E" site_id="419446208" xmltv_id="Radio Bremen TV">Radio Bremen TV</channel>
    <channel update="i" site="livetv.tv-vlaanderen.be.E" site_id="15872" xmltv_id="Go TV">Go TV</channel>
    <channel update="i" site="livetv.tv-vlaanderen.be.E" site_id="15936" xmltv_id="Melodie TV">Melodie TV</channel>
    <channel update="i" site="livetv.tv-vlaanderen.be.E" site_id="16064" xmltv_id="Volkmusic TV">Volkmusic TV</channel>
    <channel update="i" site="livetv.tv-vlaanderen.be.E" site_id="16128" xmltv_id="Deutsches Musik Fernsehen">Deutsches Musik Fernsehen</channel>
    <channel update="i" site="livetv.tv-vlaanderen.be.E" site_id="419446592" xmltv_id="Deluxe Music">Deluxe Music</channel>
    <channel update="i" site="livetv.tv-vlaanderen.be.E" site_id="419446400" xmltv_id="TLC Deutschland">TLC Deutschland</channel>
    <channel update="i" site="livetv.tv-vlaanderen.be.E" site_id="16256" xmltv_id="Sparhandy">Sparhandy</channel>
    <channel update="i" site="livetv.tv-vlaanderen.be.E" site_id="984704" xmltv_id="Schlager Deluxe">Schlager Deluxe</channel>
    <channel update="i" site="livetv.tv-vlaanderen.be.E" site_id="420154752" xmltv_id="LT1">LT1</channel>
    <channel update="i" site="livetv.tv-vlaanderen.be.E" site_id="420154880" xmltv_id="Schau TV">Schau TV</channel>
    <channel update="i" site="livetv.tv-vlaanderen.be.E" site_id="740864" xmltv_id="Equi 8">Equi 8</channel>
    <channel update="i" site="livetv.tv-vlaanderen.be.E" site_id="741056" xmltv_id="Regio TV">Regio TV</channel>
    <channel update="i" site="livetv.tv-vlaanderen.be.E" site_id="419440768" xmltv_id="SUPER RTL Austria">SUPER RTL Austria</channel>
    <channel update="i" site="livetv.tv-vlaanderen.be.E" site_id="10624" xmltv_id="RTL Nitro Austria">RTL Nitro Austria</channel>
    <channel update="i" site="livetv.tv-vlaanderen.be.E" site_id="419441088" xmltv_id="SAT.1 Österreich">SAT.1 Österreich</channel>
    <channel update="i" site="livetv.tv-vlaanderen.be.E" site_id="419446912" xmltv_id="ProSieben Austria">ProSieben Austria</channel>
    <channel update="i" site="livetv.tv-vlaanderen.be.E" site_id="419447168" xmltv_id="Comedy Central Austria">Comedy Central Austria</channel>
    <channel update="i" site="livetv.tv-vlaanderen.be.E" site_id="774272" xmltv_id="Sky Sport News HD">Sky Sport News HD</channel>
    <channel update="i" site="livetv.tv-vlaanderen.be.E" site_id="16896" xmltv_id="MeinTVshop">MeinTVshop</channel>
    <channel update="i" site="livetv.tv-vlaanderen.be.E" site_id="901120" xmltv_id="Health.TV">Health.TV</channel>
    <channel update="i" site="livetv.tv-vlaanderen.be.E" site_id="420085952" xmltv_id="HSE24 HD">HSE24 HD</channel>
    <channel update="i" site="livetv.tv-vlaanderen.be.E" site_id="419458304" xmltv_id="QVC HD Germany">QVC HD Germany</channel>
    <channel update="i" site="livetv.tv-vlaanderen.be.E" site_id="17088" xmltv_id="Juwelo HD">Juwelo HD</channel>
    <channel update="i" site="livetv.tv-vlaanderen.be.E" site_id="974976" xmltv_id="DW-TV HD">DW-TV HD</channel>
    <channel update="i" site="livetv.tv-vlaanderen.be.E" site_id="17344" xmltv_id="CGTN News">CGTN News</channel>
    <channel update="i" site="livetv.tv-vlaanderen.be.E" site_id="17408" xmltv_id="CGTN 9 Documentary">CGTN 9 Documentary</channel>
    <channel update="i" site="livetv.tv-vlaanderen.be.E" site_id="895168" xmltv_id="CGTN Documentary HD">CGTN Documentary HD</channel>
    <channel update="i" site="livetv.tv-vlaanderen.be.E" site_id="742409280" xmltv_id="LCP HD">LCP HD</channel>
    <channel update="i" site="livetv.tv-vlaanderen.be.E" site_id="17600" xmltv_id="Arirang TV">Arirang TV</channel>
    <channel update="i" site="livetv.tv-vlaanderen.be.E" site_id="17664" xmltv_id="RTL Tele Letzebuerg">RTL Tele Letzebuerg</channel>
    <channel update="i" site="livetv.tv-vlaanderen.be.E" site_id="17728" xmltv_id="Chamber TV HD">Chamber TV HD</channel>
    <channel update="i" site="livetv.tv-vlaanderen.be.E" site_id="978240" xmltv_id="TVE Internacional (13)">TVE Internacional (13)</channel>
    <channel update="i" site="livetv.tv-vlaanderen.be.E" site_id="978304" xmltv_id="Canal 24 Horas (13)">Canal 24 Horas (13)</channel>
    <channel update="i" site="livetv.tv-vlaanderen.be.E" site_id="789248" xmltv_id="TV Record (13)">TV Record (13)</channel>
    <channel update="i" site="livetv.tv-vlaanderen.be.E" site_id="922304" xmltv_id="Extremadura TV">Extremadura TV</channel>
    <channel update="i" site="livetv.tv-vlaanderen.be.E" site_id="17856" xmltv_id="Cubavision Internacional">Cubavision Internacional</channel>
    <channel update="i" site="livetv.tv-vlaanderen.be.E" site_id="884288" xmltv_id="RT Espanol HD">RT Espanol HD</channel>
    <channel update="i" site="livetv.tv-vlaanderen.be.E" site_id="17984" xmltv_id="ARAGON TV">ARAGON TV</channel>
    <channel update="i" site="livetv.tv-vlaanderen.be.E" site_id="18112" xmltv_id="TV Galicia HD">TV Galicia HD</channel>
    <channel update="i" site="livetv.tv-vlaanderen.be.E" site_id="18240" xmltv_id="Canal Sur Andalucia">Canal Sur Andalucia</channel>
    <channel update="i" site="livetv.tv-vlaanderen.be.E" site_id="18304" xmltv_id="i24 News Français">i24 News Français</channel>
    <channel update="i" site="livetv.tv-vlaanderen.be.E" site_id="18432" xmltv_id="TRWAM">TRWAM</channel>
    <channel update="i" site="livetv.tv-vlaanderen.be.E" site_id="926144" xmltv_id="RTS Svet HD">RTS Svet HD</channel>
    <channel update="i" site="livetv.tv-vlaanderen.be.E" site_id="2457880640" xmltv_id="TV 8">TV 8</channel>
    <channel update="i" site="livetv.tv-vlaanderen.be.E" site_id="344806144" xmltv_id="REBEL">REBEL</channel>
    <channel update="i" site="livetv.tv-vlaanderen.be.E" site_id="344841856" xmltv_id="Ocko Star">Ocko Star</channel>
    <channel update="i" site="livetv.tv-vlaanderen.be.E" site_id="343998016" xmltv_id="Ocko">Ocko</channel>
    <channel update="i" site="livetv.tv-vlaanderen.be.E" site_id="344825216" xmltv_id="CT 24 HD">CT 24 HD</channel>
    <channel update="i" site="livetv.tv-vlaanderen.be.E" site_id="343951488" xmltv_id="Noe TV HD">Noe TV HD</channel>
    <channel update="i" site="livetv.tv-vlaanderen.be.E" site_id="2457880832" xmltv_id="TV Lux HD">TV Lux HD</channel>
    <channel update="i" site="livetv.tv-vlaanderen.be.E" site_id="343951744" xmltv_id="regionalnitelevize.cz">regionalnitelevize.cz</channel>
    <channel update="i" site="livetv.tv-vlaanderen.be.E" site_id="18880" xmltv_id="SonLife Broadcasting Network">SonLife Broadcasting Network</channel>
    <channel update="i" site="livetv.tv-vlaanderen.be.E" site_id="19008" xmltv_id="GOD Europe">GOD Europe</channel>
    <channel update="i" site="livetv.tv-vlaanderen.be.E" site_id="19200" xmltv_id="EWTN katholisches TV">EWTN katholisches TV</channel>
    <channel update="i" site="livetv.tv-vlaanderen.be.E" site_id="419449472" xmltv_id="Bibel TV HD">Bibel TV HD</channel>
    <channel update="i" site="livetv.tv-vlaanderen.be.E" site_id="19136" xmltv_id="K-TV Fernsehen">K-TV Fernsehen</channel>
    <channel update="i" site="livetv.tv-vlaanderen.be.E" site_id="712960" xmltv_id="TBN Europe (13)">TBN Europe (13)</channel>
    <channel update="i" site="livetv.tv-vlaanderen.be.E" site_id="713088" xmltv_id="Hilsong Channel (13)">Hilsong Channel (13)</channel>
    <channel update="i" site="livetv.tv-vlaanderen.be.E" site_id="712512" xmltv_id="Daystar TV (13)">Daystar TV (13)</channel>
    <channel update="i" site="livetv.tv-vlaanderen.be.E" site_id="712768" xmltv_id="S Neu Jerusalem (13)">S Neu Jerusalem (13)</channel>
    <channel update="i" site="livetv.tv-vlaanderen.be.E" site_id="707328" xmltv_id="Tele Padre Pio (13)">Tele Padre Pio (13)</channel>
    <channel update="i" site="livetv.tv-vlaanderen.be.E" site_id="708480" xmltv_id="Bethel Television (13)">Bethel Television (13)</channel>
    <channel update="i" site="livetv.tv-vlaanderen.be.E" site_id="925056" xmltv_id="Angel TV (13)">Angel TV (13)</channel>
    <channel update="i" site="livetv.tv-vlaanderen.be.E" site_id="925120" xmltv_id="KICC TV (13)">KICC TV (13)</channel>
    <channel update="i" site="livetv.tv-vlaanderen.be.E" site_id="706944" xmltv_id="sonnenklar.TV HD">sonnenklar.TV HD</channel>
    <channel update="i" site="livetv.tv-vlaanderen.be.E" site_id="27712" xmltv_id="AstroTV">AstroTV</channel>
    <channel update="i" site="livetv.tv-vlaanderen.be.E" site_id="27776" xmltv_id="Juwelo TV">Juwelo TV</channel>
    <channel update="i" site="livetv.tv-vlaanderen.be.E" site_id="27840" xmltv_id="HSE24 Extra">HSE24 Extra</channel>
    <channel update="i" site="livetv.tv-vlaanderen.be.E" site_id="924864" xmltv_id="TV Rus">TV Rus</channel>
    <channel update="i" site="livetv.tv-vlaanderen.be.E" site_id="419458368" xmltv_id="1-2-3.tv HD">1-2-3.tv HD</channel>
    <channel update="i" site="livetv.tv-vlaanderen.be.E" site_id="28032" xmltv_id="Channel 21 Shop">Channel 21 Shop</channel>
    <channel update="i" site="livetv.tv-vlaanderen.be.E" site_id="28096" xmltv_id="Genius Teleshopping">Genius Teleshopping</channel>
    <channel update="i" site="livetv.tv-vlaanderen.be.E" site_id="896768" xmltv_id="TRT World HD">TRT World HD</channel>
    <channel update="i" site="livetv.tv-vlaanderen.be.E" site_id="755392" xmltv_id="Algérie 3">Algérie 3</channel>
    <channel update="i" site="livetv.tv-vlaanderen.be.E" site_id="973568" xmltv_id="8 Kanal International">8 Kanal International</channel>
    <channel update="i" site="livetv.tv-vlaanderen.be.E" site_id="924672" xmltv_id="NTV Mir">NTV Mir</channel>
    <channel update="i" site="livetv.tv-vlaanderen.be.E" site_id="344841792" xmltv_id="CS History (Monitor)">CS History (Monitor)</channel>
    <channel update="i" site="livetv.tv-vlaanderen.be.E" site_id="420153984" xmltv_id="Sony AXN (Monitor)">Sony AXN (Monitor)</channel>
    <channel update="i" site="livetv.tv-vlaanderen.be.E" site_id="420153728" xmltv_id="Kabel Eins CLASSICS (Monitor)">Kabel Eins CLASSICS (Monitor)</channel>
    <channel update="i" site="livetv.tv-vlaanderen.be.E" site_id="420153792" xmltv_id="Planet (Monitor)">Planet (Monitor)</channel>
    <channel update="i" site="livetv.tv-vlaanderen.be.E" site_id="420154112" xmltv_id="SPORTDIGITAL FUSSBALL (Monitor)">SPORTDIGITAL FUSSBALL (Monitor)</channel>
    <channel update="i" site="livetv.tv-vlaanderen.be.E" site_id="784192" xmltv_id="SES UHD Demo Channel">SES UHD Demo Channel</channel>
    <channel update="i" site="livetv.tv-vlaanderen.be.E" site_id="784256" xmltv_id="UHD1 by ASTRA">UHD1 by ASTRA</channel>
    <channel update="i" site="livetv.tv-vlaanderen.be.E" site_id="784320" xmltv_id="QVC2 UHD">QVC2 UHD</channel>
    <channel update="i" site="livetv.tv-vlaanderen.be.E" site_id="913728" xmltv_id="QVC Deutschland UHD">QVC Deutschland UHD</channel>
    <channel update="i" site="livetv.tv-vlaanderen.be.E" site_id="921984" xmltv_id="NASA 4K (13)">NASA 4K (13)</channel>
    <channel update="i" site="livetv.tv-vlaanderen.be.E" site_id="891712" xmltv_id="Hotbird 4K1 (13)">Hotbird 4K1 (13)</channel>
    <channel update="i" site="livetv.tv-vlaanderen.be.E" site_id="891200" xmltv_id="Fashion TV UHD (13)">Fashion TV UHD (13)</channel>
    <channel update="i" site="livetv.tv-vlaanderen.be.E" site_id="893184" xmltv_id="SES UHD Demo2">SES UHD Demo2</channel>
    <channel update="i" site="livetv.tv-vlaanderen.be.E" site_id="973888" xmltv_id="MS Motor TV">MS Motor TV</channel>
    <channel update="i" site="livetv.tv-vlaanderen.be.E" site_id="706816" xmltv_id="Voice of America (13)">Voice of America (13)</channel>
    <channel update="i" site="livetv.tv-vlaanderen.be.E" site_id="896512" xmltv_id="VOA TV 2 (13)">VOA TV 2 (13)</channel>
    <channel update="i" site="livetv.tv-vlaanderen.be.E" site_id="974400" xmltv_id="BFC (13)">BFC (13)</channel>
    <channel update="i" site="livetv.tv-vlaanderen.be.E" site_id="921920" xmltv_id="NASA HDTV (13)">NASA HDTV (13)</channel>
    <channel update="i" site="livetv.tv-vlaanderen.be.E" site_id="925952" xmltv_id="MS Channel">MS Channel</channel>
    <channel update="i" site="livetv.tv-vlaanderen.be.E" site_id="987136" xmltv_id="TV Yes (13)">TV Yes (13)</channel>
    <channel update="i" site="livetv.tv-vlaanderen.be.E" site_id="987072" xmltv_id="MyTV Plus (13)">MyTV Plus (13)</channel>
    <channel update="i" site="livetv.tv-vlaanderen.be.E" site_id="888832" xmltv_id="W9 HD Suisse (9)">W9 HD Suisse (9)</channel>
    <channel update="i" site="livetv.tv-vlaanderen.be.E" site_id="888896" xmltv_id="6ter Suisse (9)">6ter Suisse (9)</channel>
    <channel update="i" site="livetv.tv-vlaanderen.be.E" site_id="888000" xmltv_id="M6 HD Suisse (9)">M6 HD Suisse (9)</channel>
    <channel update="i" site="livetv.tv-vlaanderen.be.E" site_id="921536" xmltv_id="RT France HD">RT France HD</channel>
    <channel update="i" site="livetv.tv-vlaanderen.be.E" site_id="742424384" xmltv_id="La Une HD (13)">La Une HD (13)</channel>
    <channel update="i" site="livetv.tv-vlaanderen.be.E" site_id="742462592" xmltv_id="Tipik (13)">Tipik (13)</channel>
    <channel update="i" site="livetv.tv-vlaanderen.be.E" site_id="742467840" xmltv_id="RTL-TVI HD (13)">RTL-TVI HD (13)</channel>
    <channel update="i" site="livetv.tv-vlaanderen.be.E" site_id="742458240" xmltv_id="Club RTL / Kidz RTL (13)">Club RTL / Kidz RTL (13)</channel>
    <channel update="i" site="livetv.tv-vlaanderen.be.E" site_id="742466560" xmltv_id="Plug RTL (13)">Plug RTL (13)</channel>
    <channel update="i" site="livetv.tv-vlaanderen.be.E" site_id="742462720" xmltv_id="La Trois (13)">La Trois (13)</channel>
    <channel update="i" site="livetv.tv-vlaanderen.be.E" site_id="742430912" xmltv_id="AB3">AB3</channel>
    <channel update="i" site="livetv.tv-vlaanderen.be.E" site_id="742424768" xmltv_id="TF 1 HD">TF 1 HD</channel>
    <channel update="i" site="livetv.tv-vlaanderen.be.E" site_id="742432896" xmltv_id="France 3">France 3</channel>
    <channel update="i" site="livetv.tv-vlaanderen.be.E" site_id="742432960" xmltv_id="France 4">France 4</channel>
    <channel update="i" site="livetv.tv-vlaanderen.be.E" site_id="742433088" xmltv_id="France 5">France 5</channel>
    <channel update="i" site="livetv.tv-vlaanderen.be.E" site_id="742431488" xmltv_id="TV Breizh HD">TV Breizh HD</channel>
    <channel update="i" site="livetv.tv-vlaanderen.be.E" site_id="742432128" xmltv_id="Comédie+ HD">Comédie+ HD</channel>
    <channel update="i" site="livetv.tv-vlaanderen.be.E" site_id="743366400" xmltv_id="MCM">MCM</channel>
    <channel update="i" site="livetv.tv-vlaanderen.be.E" site_id="743318016" xmltv_id="TMC">TMC</channel>
    <channel update="i" site="livetv.tv-vlaanderen.be.E" site_id="742435264" xmltv_id="TFX">TFX</channel>
    <channel update="i" site="livetv.tv-vlaanderen.be.E" site_id="742430848" xmltv_id="AB1">AB1</channel>
    <channel update="i" site="livetv.tv-vlaanderen.be.E" site_id="742432448" xmltv_id="Disney Channel HD">Disney Channel HD</channel>
    <channel update="i" site="livetv.tv-vlaanderen.be.E" site_id="742432512" xmltv_id="Disney Channel+1 HD">Disney Channel+1 HD</channel>
    <channel update="i" site="livetv.tv-vlaanderen.be.E" site_id="743048768" xmltv_id="Disney Junior HD">Disney Junior HD</channel>
    <channel update="i" site="livetv.tv-vlaanderen.be.E" site_id="742433280" xmltv_id="Gulli">Gulli</channel>
    <channel update="i" site="livetv.tv-vlaanderen.be.E" site_id="742420096" xmltv_id="Nickelodeon HD(+)">Nickelodeon HD(+)</channel>
    <channel update="i" site="livetv.tv-vlaanderen.be.E" site_id="742436160" xmltv_id="TiJi HD">TiJi HD</channel>
    <channel update="i" site="livetv.tv-vlaanderen.be.E" site_id="742431552" xmltv_id="Canal J HD">Canal J HD</channel>
    <channel update="i" site="livetv.tv-vlaanderen.be.E" site_id="742435968" xmltv_id="Télétoon+ HD">Télétoon+ HD</channel>
    <channel update="i" site="livetv.tv-vlaanderen.be.E" site_id="742436032" xmltv_id="Télétoon+1 HD">Télétoon+1 HD</channel>
    <channel update="i" site="livetv.tv-vlaanderen.be.E" site_id="742435328" xmltv_id="Piwi+ HD">Piwi+ HD</channel>
    <channel update="i" site="livetv.tv-vlaanderen.be.E" site_id="742434176" xmltv_id="Mangas">Mangas</channel>
    <channel update="i" site="livetv.tv-vlaanderen.be.E" site_id="742431168" xmltv_id="Action HD">Action HD</channel>
    <channel update="i" site="livetv.tv-vlaanderen.be.E" site_id="742431808" xmltv_id="Crime District">Crime District</channel>
    <channel update="i" site="livetv.tv-vlaanderen.be.E" site_id="742432640" xmltv_id="Science &amp; Vie TV HD">Science &amp; Vie TV HD</channel>
    <channel update="i" site="livetv.tv-vlaanderen.be.E" site_id="742435392" xmltv_id="Planéte+ HD">Planéte+ HD</channel>
    <channel update="i" site="livetv.tv-vlaanderen.be.E" site_id="742433344" xmltv_id="Histoire HD">Histoire HD</channel>
    <channel update="i" site="livetv.tv-vlaanderen.be.E" site_id="742435840" xmltv_id="Toute l'Histoire">Toute l'Histoire</channel>
    <channel update="i" site="livetv.tv-vlaanderen.be.E" site_id="742436224" xmltv_id="Trek HD">Trek HD</channel>
    <channel update="i" site="livetv.tv-vlaanderen.be.E" site_id="742431232" xmltv_id="Animaux HD">Animaux HD</channel>
    <channel update="i" site="livetv.tv-vlaanderen.be.E" site_id="742436288" xmltv_id="Ushuaia TV HD">Ushuaia TV HD</channel>
    <channel update="i" site="livetv.tv-vlaanderen.be.E" site_id="41408" xmltv_id="Golf Channel France">Golf Channel France</channel>
    <channel update="i" site="livetv.tv-vlaanderen.be.E" site_id="742435008" xmltv_id="National Geographic FR HD">National Geographic FR HD</channel>
    <channel update="i" site="livetv.tv-vlaanderen.be.E" site_id="742435072" xmltv_id="National Geographic Wild HD (FR)">National Geographic Wild HD (FR)</channel>
    <channel update="i" site="livetv.tv-vlaanderen.be.E" site_id="742431680" xmltv_id="Chasse et Pêche">Chasse et Pêche</channel>
    <channel update="i" site="livetv.tv-vlaanderen.be.E" site_id="742436800" xmltv_id="(18+) XXL">(18+) XXL</channel>
    <channel update="i" site="livetv.tv-vlaanderen.be.E" site_id="592055616" xmltv_id="(18+) Hustler HD">(18+) Hustler HD</channel>
    <channel update="i" site="livetv.tv-vlaanderen.be.E" site_id="591441984" xmltv_id="(18+) Redlight HD">(18+) Redlight HD</channel>
    <channel update="i" site="livetv.tv-vlaanderen.be.E" site_id="591436160" xmltv_id="(18+) Private tv HD">(18+) Private tv HD</channel>
    <channel update="i" site="livetv.tv-vlaanderen.be.E" site_id="1790974080" xmltv_id="VRT Radio1">VRT Radio1</channel>
    <channel update="i" site="livetv.tv-vlaanderen.be.E" site_id="1790974592" xmltv_id="VRT Radio2">VRT Radio2</channel>
    <channel update="i" site="livetv.tv-vlaanderen.be.E" site_id="1790974464" xmltv_id="MNM">MNM</channel>
    <channel update="i" site="livetv.tv-vlaanderen.be.E" site_id="1790974528" xmltv_id="Studio Brussel">Studio Brussel</channel>
    <channel update="i" site="livetv.tv-vlaanderen.be.E" site_id="1790974144" xmltv_id="Klara">Klara</channel>
    <channel update="i" site="livetv.tv-vlaanderen.be.E" site_id="1790973184" xmltv_id="QMusic">QMusic</channel>
    <channel update="i" site="livetv.tv-vlaanderen.be.E" site_id="1791005440" xmltv_id="Joe">Joe</channel>
    <channel update="i" site="livetv.tv-vlaanderen.be.E" site_id="1791013504" xmltv_id="Nostalgie">Nostalgie</channel>
    <channel update="i" site="livetv.tv-vlaanderen.be.E" site_id="925312" xmltv_id="NRJ">NRJ</channel>
    <channel update="i" site="livetv.tv-vlaanderen.be.E" site_id="13376" xmltv_id="Classicnl">Classicnl</channel>
    <channel update="i" site="livetv.tv-vlaanderen.be.E" site_id="5632" xmltv_id="BNR Nieuwsradio">BNR Nieuwsradio</channel>
    <channel update="i" site="livetv.tv-vlaanderen.be.E" site_id="591402176" xmltv_id="Sky Radio">Sky Radio</channel>
    <channel update="i" site="livetv.tv-vlaanderen.be.E" site_id="5504" xmltv_id="Radio 10">Radio 10</channel>
    <channel update="i" site="livetv.tv-vlaanderen.be.E" site_id="1790969856" xmltv_id="Radio 538">Radio 538</channel>
    <channel update="i" site="livetv.tv-vlaanderen.be.E" site_id="1790973696" xmltv_id="Veronica Radio">Veronica Radio</channel>
    <channel update="i" site="livetv.tv-vlaanderen.be.E" site_id="40768" xmltv_id="RTL Radio">RTL Radio</channel>
    <channel update="i" site="livetv.tv-vlaanderen.be.E" site_id="944448" xmltv_id="L1 Radio">L1 Radio</channel>
    <channel update="i" site="livetv.tv-vlaanderen.be.E" site_id="5952" xmltv_id="FunX">FunX</channel>
    <channel update="i" site="livetv.tv-vlaanderen.be.E" site_id="1790973376" xmltv_id="Arrow Classic Rock">Arrow Classic Rock</channel>
    <channel update="i" site="livetv.tv-vlaanderen.be.E" site_id="1790979136" xmltv_id="100% NL">100% NL</channel>
    <channel update="i" site="livetv.tv-vlaanderen.be.E" site_id="1790972672" xmltv_id="NPO Radio 1">NPO Radio 1</channel>
    <channel update="i" site="livetv.tv-vlaanderen.be.E" site_id="1790972736" xmltv_id="NPO Radio 2">NPO Radio 2</channel>
    <channel update="i" site="livetv.tv-vlaanderen.be.E" site_id="1790972800" xmltv_id="NPO 3FM">NPO 3FM</channel>
    <channel update="i" site="livetv.tv-vlaanderen.be.E" site_id="1790972864" xmltv_id="NPO Radio 4">NPO Radio 4</channel>
    <channel update="i" site="livetv.tv-vlaanderen.be.E" site_id="1790972928" xmltv_id="NPO Radio 5">NPO Radio 5</channel>
    <channel update="i" site="livetv.tv-vlaanderen.be.E" site_id="5696" xmltv_id="SLAM!">SLAM!</channel>
    <channel update="i" site="livetv.tv-vlaanderen.be.E" site_id="880960" xmltv_id="COUNTRY JZ">COUNTRY JZ</channel>
    <channel update="i" site="livetv.tv-vlaanderen.be.E" site_id="881024" xmltv_id="COUNTRY SV">COUNTRY SV</channel>
    <channel update="i" site="livetv.tv-vlaanderen.be.E" site_id="41920" xmltv_id="Country Radio">Country Radio</channel>
    <channel update="i" site="livetv.tv-vlaanderen.be.E" site_id="41984" xmltv_id="Beat JM">Beat JM</channel>
    <channel update="i" site="livetv.tv-vlaanderen.be.E" site_id="42048" xmltv_id="Radio Beat">Radio Beat</channel>
    <channel update="i" site="livetv.tv-vlaanderen.be.E" site_id="12672" xmltv_id="Radio Gelderland">Radio Gelderland</channel>
    <channel update="i" site="livetv.tv-vlaanderen.be.E" site_id="12608" xmltv_id="Radio Oost">Radio Oost</channel>
    <channel update="i" site="livetv.tv-vlaanderen.be.E" site_id="42304" xmltv_id="BBC World Service">BBC World Service</channel>
    <channel update="i" site="livetv.tv-vlaanderen.be.E" site_id="714176" xmltv_id="Jazz Radio">Jazz Radio</channel>
    <channel update="i" site="livetv.tv-vlaanderen.be.E" site_id="880704" xmltv_id="CRo JAZZ">CRo JAZZ</channel>
    <channel update="i" site="livetv.tv-vlaanderen.be.E" site_id="880576" xmltv_id="CRo RADIO WAVE">CRo RADIO WAVE</channel>
    <channel update="i" site="livetv.tv-vlaanderen.be.E" site_id="42560" xmltv_id="CRo Radiozurnal">CRo Radiozurnal</channel>
    <channel update="i" site="livetv.tv-vlaanderen.be.E" site_id="42752" xmltv_id="RTL">RTL</channel>
    <channel update="i" site="livetv.tv-vlaanderen.be.E" site_id="42816" xmltv_id="RTL 2 FR">RTL 2 FR</channel>
    <channel update="i" site="livetv.tv-vlaanderen.be.E" site_id="42880" xmltv_id="Fun Radio">Fun Radio</channel>
    <channel update="i" site="livetv.tv-vlaanderen.be.E" site_id="42944" xmltv_id="Radio Classique">Radio Classique</channel>
    <channel update="i" site="livetv.tv-vlaanderen.be.E" site_id="43008" xmltv_id="NRJ FR">NRJ FR</channel>
    <channel update="i" site="livetv.tv-vlaanderen.be.E" site_id="43072" xmltv_id="Europe 1">Europe 1</channel>
    <channel update="i" site="livetv.tv-vlaanderen.be.E" site_id="43328" xmltv_id="Virgin Radio FR">Virgin Radio FR</channel>
    <channel update="i" site="livetv.tv-vlaanderen.be.E" site_id="43392" xmltv_id="Sky Rock">Sky Rock</channel>
    <channel update="i" site="livetv.tv-vlaanderen.be.E" site_id="64384" xmltv_id="Nova">Nova</channel>
    <channel update="i" site="livetv.tv-vlaanderen.be.E" site_id="43840" xmltv_id="RFM">RFM</channel>
    <channel update="i" site="livetv.tv-vlaanderen.be.E" site_id="43648" xmltv_id="Cherie FM">Cherie FM</channel>
    <channel update="i" site="livetv.tv-vlaanderen.be.E" site_id="43712" xmltv_id="France Culture">France Culture</channel>
    <channel update="i" site="livetv.tv-vlaanderen.be.E" site_id="43776" xmltv_id="France Info">France Info</channel>
    <channel update="i" site="livetv.tv-vlaanderen.be.E" site_id="43904" xmltv_id="France Inter">France Inter</channel>
    <channel update="i" site="livetv.tv-vlaanderen.be.E" site_id="43968" xmltv_id="France Musique">France Musique</channel>
    <channel update="i" site="livetv.tv-vlaanderen.be.E" site_id="44288" xmltv_id="France Bleu IDF">France Bleu IDF</channel>
    <channel update="i" site="livetv.tv-vlaanderen.be.E" site_id="44544" xmltv_id="CRo Radio Praha">CRo Radio Praha</channel>
    <channel update="i" site="livetv.tv-vlaanderen.be.E" site_id="44608" xmltv_id="RFI Int">RFI Int</channel>
    <channel update="i" site="livetv.tv-vlaanderen.be.E" site_id="44672" xmltv_id="RMC Info">RMC Info</channel>
    <channel update="i" site="livetv.tv-vlaanderen.be.E" site_id="44736" xmltv_id="Rire &amp; Chansons">Rire &amp; Chansons</channel>
    <channel update="i" site="livetv.tv-vlaanderen.be.E" site_id="44800" xmltv_id="Mc Doualiya">Mc Doualiya</channel>
    <channel update="i" site="livetv.tv-vlaanderen.be.E" site_id="44928" xmltv_id="TSF Jazz">TSF Jazz</channel>
    <channel update="i" site="livetv.tv-vlaanderen.be.E" site_id="45184" xmltv_id="BFM Business Radio">BFM Business Radio</channel>
    <channel update="i" site="livetv.tv-vlaanderen.be.E" site_id="45248" xmltv_id="Mouv">Mouv</channel>
    <channel update="i" site="livetv.tv-vlaanderen.be.E" site_id="45312" xmltv_id="Radio FG">Radio FG</channel>
    <channel update="i" site="livetv.tv-vlaanderen.be.E" site_id="45376" xmltv_id="Contact FM">Contact FM</channel>
    <channel update="i" site="livetv.tv-vlaanderen.be.E" site_id="743424" xmltv_id="Radio Regenbogen">Radio Regenbogen</channel>
    <channel update="i" site="livetv.tv-vlaanderen.be.E" site_id="42688" xmltv_id="BBC ARABIC">BBC ARABIC</channel>
    <channel update="i" site="livetv.tv-vlaanderen.be.E" site_id="45440" xmltv_id="Oui FM">Oui FM</channel>
    <channel update="i" site="livetv.tv-vlaanderen.be.E" site_id="45568" xmltv_id="Beur FM">Beur FM</channel>
    <channel update="i" site="livetv.tv-vlaanderen.be.E" site_id="45632" xmltv_id="Sud Radio">Sud Radio</channel>
    <channel update="i" site="livetv.tv-vlaanderen.be.E" site_id="37568" xmltv_id="La prem1ère">La prem1ère</channel>
    <channel update="i" site="livetv.tv-vlaanderen.be.E" site_id="44864" xmltv_id="VivaCité">VivaCité</channel>
    <channel update="i" site="livetv.tv-vlaanderen.be.E" site_id="43136" xmltv_id="Musiq 3">Musiq 3</channel>
    <channel update="i" site="livetv.tv-vlaanderen.be.E" site_id="38720" xmltv_id="Classic21">Classic21</channel>
    <channel update="i" site="livetv.tv-vlaanderen.be.E" site_id="38272" xmltv_id="Tipik radio">Tipik radio</channel>
    <channel update="i" site="livetv.tv-vlaanderen.be.E" site_id="38592" xmltv_id="Bel RTL">Bel RTL</channel>
    <channel update="i" site="livetv.tv-vlaanderen.be.E" site_id="37824" xmltv_id="Mint">Mint</channel>
    <channel update="i" site="livetv.tv-vlaanderen.be.E" site_id="38848" xmltv_id="Radio Contact">Radio Contact</channel>
    <channel update="i" site="livetv.tv-vlaanderen.be.E" site_id="28352" xmltv_id="RNE Radio Nacional">RNE Radio Nacional</channel>
    <channel update="i" site="livetv.tv-vlaanderen.be.E" site_id="28416" xmltv_id="RNE Radio Clasica">RNE Radio Clasica</channel>
    <channel update="i" site="livetv.tv-vlaanderen.be.E" site_id="28480" xmltv_id="RNE Radio 3">RNE Radio 3</channel>
    <channel update="i" site="livetv.tv-vlaanderen.be.E" site_id="28544" xmltv_id="RNE Radio 4">RNE Radio 4</channel>
    <channel update="i" site="livetv.tv-vlaanderen.be.E" site_id="28608" xmltv_id="RNE Radio 5 Todo Noticias">RNE Radio 5 Todo Noticias</channel>
    <channel update="i" site="livetv.tv-vlaanderen.be.E" site_id="28672" xmltv_id="RNE Radio Exterior">RNE Radio Exterior</channel>
    <channel update="i" site="livetv.tv-vlaanderen.be.E" site_id="28736" xmltv_id="FIP">FIP</channel>
    <channel update="i" site="livetv.tv-vlaanderen.be.E" site_id="28800" xmltv_id="RTL Radio Letzebuerg">RTL Radio Letzebuerg</channel>
    <channel update="i" site="livetv.tv-vlaanderen.be.E" site_id="28864" xmltv_id="Radio 100">Radio 100</channel>
    <channel update="i" site="livetv.tv-vlaanderen.be.E" site_id="28928" xmltv_id="Antenne Bayern">Antenne Bayern</channel>
    <channel update="i" site="livetv.tv-vlaanderen.be.E" site_id="28992" xmltv_id="NDR Blue">NDR Blue</channel>
    <channel update="i" site="livetv.tv-vlaanderen.be.E" site_id="29056" xmltv_id="Bayern 1">Bayern 1</channel>
    <channel update="i" site="livetv.tv-vlaanderen.be.E" site_id="29120" xmltv_id="Bayern 2">Bayern 2</channel>
    <channel update="i" site="livetv.tv-vlaanderen.be.E" site_id="29184" xmltv_id="BAYERN 3">BAYERN 3</channel>
    <channel update="i" site="livetv.tv-vlaanderen.be.E" site_id="29248" xmltv_id="Bayern4Klassik">Bayern4Klassik</channel>
    <channel update="i" site="livetv.tv-vlaanderen.be.E" site_id="29312" xmltv_id="B5 aktuell">B5 aktuell</channel>
    <channel update="i" site="livetv.tv-vlaanderen.be.E" site_id="29376" xmltv_id="BAYERN plus">BAYERN plus</channel>
    <channel update="i" site="livetv.tv-vlaanderen.be.E" site_id="29440" xmltv_id="PULS">PULS</channel>
    <channel update="i" site="livetv.tv-vlaanderen.be.E" site_id="897024" xmltv_id="DR Dokumente &amp; Debatten">DR Dokumente &amp; Debatten</channel>
    <channel update="i" site="livetv.tv-vlaanderen.be.E" site_id="29504" xmltv_id="hr1">hr1</channel>
    <channel update="i" site="livetv.tv-vlaanderen.be.E" site_id="29568" xmltv_id="hr2">hr2</channel>
    <channel update="i" site="livetv.tv-vlaanderen.be.E" site_id="29632" xmltv_id="hr3">hr3</channel>
    <channel update="i" site="livetv.tv-vlaanderen.be.E" site_id="29696" xmltv_id="hr4">hr4</channel>
    <channel update="i" site="livetv.tv-vlaanderen.be.E" site_id="29760" xmltv_id="You FM">You FM</channel>
    <channel update="i" site="livetv.tv-vlaanderen.be.E" site_id="29824" xmltv_id="hr-info">hr-info</channel>
    <channel update="i" site="livetv.tv-vlaanderen.be.E" site_id="48576" xmltv_id="MDR Jump">MDR Jump</channel>
    <channel update="i" site="livetv.tv-vlaanderen.be.E" site_id="48640" xmltv_id="MDR 1 Sachsen">MDR 1 Sachsen</channel>
    <channel update="i" site="livetv.tv-vlaanderen.be.E" site_id="48704" xmltv_id="MDR1 S-Anhalt">MDR1 S-Anhalt</channel>
    <channel update="i" site="livetv.tv-vlaanderen.be.E" site_id="48768" xmltv_id="MDR1 Thuringen">MDR1 Thuringen</channel>
    <channel update="i" site="livetv.tv-vlaanderen.be.E" site_id="48832" xmltv_id="MDR Figaro">MDR Figaro</channel>
    <channel update="i" site="livetv.tv-vlaanderen.be.E" site_id="48896" xmltv_id="MDR Info">MDR Info</channel>
    <channel update="i" site="livetv.tv-vlaanderen.be.E" site_id="48960" xmltv_id="NDR Kultur">NDR Kultur</channel>
    <channel update="i" site="livetv.tv-vlaanderen.be.E" site_id="49024" xmltv_id="NDR Info">NDR Info</channel>
    <channel update="i" site="livetv.tv-vlaanderen.be.E" site_id="49088" xmltv_id="N-Joy">N-Joy</channel>
    <channel update="i" site="livetv.tv-vlaanderen.be.E" site_id="49152" xmltv_id="NDR 90.3">NDR 90.3</channel>
    <channel update="i" site="livetv.tv-vlaanderen.be.E" site_id="49216" xmltv_id="NDR 1 Radio MV">NDR 1 Radio MV</channel>
    <channel update="i" site="livetv.tv-vlaanderen.be.E" site_id="49280" xmltv_id="NDR 1 Radio Niedersachsen">NDR 1 Radio Niedersachsen</channel>
    <channel update="i" site="livetv.tv-vlaanderen.be.E" site_id="49344" xmltv_id="NDR Info Spezial">NDR Info Spezial</channel>
    <channel update="i" site="livetv.tv-vlaanderen.be.E" site_id="49408" xmltv_id="NDR 1 Welle Nord">NDR 1 Welle Nord</channel>
    <channel update="i" site="livetv.tv-vlaanderen.be.E" site_id="49472" xmltv_id="Info Radio">Info Radio</channel>
    <channel update="i" site="livetv.tv-vlaanderen.be.E" site_id="49536" xmltv_id="kulturradio">kulturradio</channel>
    <channel update="i" site="livetv.tv-vlaanderen.be.E" site_id="49600" xmltv_id="Antenne Brandenburg">Antenne Brandenburg</channel>
    <channel update="i" site="livetv.tv-vlaanderen.be.E" site_id="49664" xmltv_id="Radio Berlin 88.8">Radio Berlin 88.8</channel>
    <channel update="i" site="livetv.tv-vlaanderen.be.E" site_id="49728" xmltv_id="SR3 (Saarlandwelle)">SR3 (Saarlandwelle)</channel>
    <channel update="i" site="livetv.tv-vlaanderen.be.E" site_id="49792" xmltv_id="SPUTNIK">SPUTNIK</channel>
    <channel update="i" site="livetv.tv-vlaanderen.be.E" site_id="49856" xmltv_id="SR1 (Europawelle)">SR1 (Europawelle)</channel>
    <channel update="i" site="livetv.tv-vlaanderen.be.E" site_id="49920" xmltv_id="SR2 (Kulturradio)">SR2 (Kulturradio)</channel>
    <channel update="i" site="livetv.tv-vlaanderen.be.E" site_id="896960" xmltv_id="NDR Plus">NDR Plus</channel>
    <channel update="i" site="livetv.tv-vlaanderen.be.E" site_id="419480384" xmltv_id="SWR1 BW">SWR1 BW</channel>
    <channel update="i" site="livetv.tv-vlaanderen.be.E" site_id="50048" xmltv_id="SWR1 RP">SWR1 RP</channel>
    <channel update="i" site="livetv.tv-vlaanderen.be.E" site_id="50112" xmltv_id="SWR2 BW">SWR2 BW</channel>
    <channel update="i" site="livetv.tv-vlaanderen.be.E" site_id="50176" xmltv_id="SWR3">SWR3</channel>
    <channel update="i" site="livetv.tv-vlaanderen.be.E" site_id="50240" xmltv_id="SWR4 BW">SWR4 BW</channel>
    <channel update="i" site="livetv.tv-vlaanderen.be.E" site_id="50304" xmltv_id="SWR4 RP">SWR4 RP</channel>
    <channel update="i" site="livetv.tv-vlaanderen.be.E" site_id="50368" xmltv_id="DAS DING">DAS DING</channel>
    <channel update="i" site="livetv.tv-vlaanderen.be.E" site_id="50432" xmltv_id="SWR Aktuell">SWR Aktuell</channel>
    <channel update="i" site="livetv.tv-vlaanderen.be.E" site_id="50496" xmltv_id="1LIVE">1LIVE</channel>
    <channel update="i" site="livetv.tv-vlaanderen.be.E" site_id="50560" xmltv_id="WDR 2 Koln">WDR 2 Koln</channel>
    <channel update="i" site="livetv.tv-vlaanderen.be.E" site_id="6848" xmltv_id="WDR 3">WDR 3</channel>
    <channel update="i" site="livetv.tv-vlaanderen.be.E" site_id="50688" xmltv_id="WDR 4">WDR 4</channel>
    <channel update="i" site="livetv.tv-vlaanderen.be.E" site_id="50752" xmltv_id="WDR 5">WDR 5</channel>
    <channel update="i" site="livetv.tv-vlaanderen.be.E" site_id="50816" xmltv_id="WDR Cosmo">WDR Cosmo</channel>
    <channel update="i" site="livetv.tv-vlaanderen.be.E" site_id="50880" xmltv_id="1LIVE diGGi">1LIVE diGGi</channel>
    <channel update="i" site="livetv.tv-vlaanderen.be.E" site_id="50944" xmltv_id="WDR Die Maus">WDR Die Maus</channel>
    <channel update="i" site="livetv.tv-vlaanderen.be.E" site_id="51008" xmltv_id="ERF Radio">ERF Radio</channel>
    <channel update="i" site="livetv.tv-vlaanderen.be.E" site_id="51072" xmltv_id="Deutschlandfunk Kultur">Deutschlandfunk Kultur</channel>
    <channel update="i" site="livetv.tv-vlaanderen.be.E" site_id="7424" xmltv_id="Deutschlandfunk">Deutschlandfunk</channel>
    <channel update="i" site="livetv.tv-vlaanderen.be.E" site_id="51200" xmltv_id="Radio U1 Tirol">Radio U1 Tirol</channel>
    <channel update="i" site="livetv.tv-vlaanderen.be.E" site_id="51264" xmltv_id="OE1 DD">OE1 DD</channel>
    <channel update="i" site="livetv.tv-vlaanderen.be.E" site_id="51328" xmltv_id="OE1">OE1</channel>
    <channel update="i" site="livetv.tv-vlaanderen.be.E" site_id="51392" xmltv_id="OE2B">OE2B</channel>
    <channel update="i" site="livetv.tv-vlaanderen.be.E" site_id="51456" xmltv_id="OE2K">OE2K</channel>
    <channel update="i" site="livetv.tv-vlaanderen.be.E" site_id="51520" xmltv_id="OE2N">OE2N</channel>
    <channel update="i" site="livetv.tv-vlaanderen.be.E" site_id="51584" xmltv_id="OE2O">OE2O</channel>
    <channel update="i" site="livetv.tv-vlaanderen.be.E" site_id="51648" xmltv_id="OE2S">OE2S</channel>
    <channel update="i" site="livetv.tv-vlaanderen.be.E" site_id="51712" xmltv_id="OE2ST">OE2ST</channel>
    <channel update="i" site="livetv.tv-vlaanderen.be.E" site_id="51776" xmltv_id="OE2T">OE2T</channel>
    <channel update="i" site="livetv.tv-vlaanderen.be.E" site_id="51840" xmltv_id="OE2V">OE2V</channel>
    <channel update="i" site="livetv.tv-vlaanderen.be.E" site_id="51904" xmltv_id="OE2W">OE2W</channel>
    <channel update="i" site="livetv.tv-vlaanderen.be.E" site_id="51968" xmltv_id="OE3">OE3</channel>
    <channel update="i" site="livetv.tv-vlaanderen.be.E" site_id="52032" xmltv_id="FM4">FM4</channel>
    <channel update="i" site="livetv.tv-vlaanderen.be.E" site_id="52096" xmltv_id="Rockantenne">Rockantenne</channel>
    <channel update="i" site="livetv.tv-vlaanderen.be.E" site_id="52160" xmltv_id="Radio Maria">Radio Maria</channel>
    <channel update="i" site="livetv.tv-vlaanderen.be.E" site_id="52224" xmltv_id="Hit Radio FFH">Hit Radio FFH</channel>
    <channel update="i" site="livetv.tv-vlaanderen.be.E" site_id="724288" xmltv_id="Hitradio OE3">Hitradio OE3</channel>
    <channel update="i" site="livetv.tv-vlaanderen.be.E" site_id="887104" xmltv_id="Radio Lebensquelle">Radio Lebensquelle</channel>
    <channel update="i" site="livetv.tv-vlaanderen.be.E" site_id="52352" xmltv_id="Harmony FM">Harmony FM</channel>
    <channel update="i" site="livetv.tv-vlaanderen.be.E" site_id="52416" xmltv_id="Sunshine Live">Sunshine Live</channel>
    <channel update="i" site="livetv.tv-vlaanderen.be.E" site_id="52544" xmltv_id="Planet Radio">Planet Radio</channel>
    <channel update="i" site="livetv.tv-vlaanderen.be.E" site_id="52608" xmltv_id="Klassik Radio">Klassik Radio</channel>
    <channel update="i" site="livetv.tv-vlaanderen.be.E" site_id="52672" xmltv_id="Nordwestradio">Nordwestradio</channel>
    <channel update="i" site="livetv.tv-vlaanderen.be.E" site_id="52736" xmltv_id="Radio neue Hoffnung">Radio neue Hoffnung</channel>
    <channel update="i" site="livetv.tv-vlaanderen.be.E" site_id="52800" xmltv_id="Radio Horeb">Radio Horeb</channel>
    <channel update="i" site="livetv.tv-vlaanderen.be.E" site_id="52864" xmltv_id="Radio Paloma">Radio Paloma</channel>
    <channel update="i" site="livetv.tv-vlaanderen.be.E" site_id="52928" xmltv_id="Fritz">Fritz</channel>
    <channel update="i" site="livetv.tv-vlaanderen.be.E" site_id="52992" xmltv_id="Deutschlandfunk Nova">Deutschlandfunk Nova</channel>
    <channel update="i" site="livetv.tv-vlaanderen.be.E" site_id="53056" xmltv_id="Radio Freundes-Dienst">Radio Freundes-Dienst</channel>
    <channel update="i" site="livetv.tv-vlaanderen.be.E" site_id="53120" xmltv_id="B5 plus">B5 plus</channel>
    <channel update="i" site="livetv.tv-vlaanderen.be.E" site_id="53184" xmltv_id="Bremen Eins">Bremen Eins</channel>
    <channel update="i" site="livetv.tv-vlaanderen.be.E" site_id="53248" xmltv_id="Bremen Vier">Bremen Vier</channel>
    <channel update="i" site="livetv.tv-vlaanderen.be.E" site_id="944320" xmltv_id="Regenbogen 2">Regenbogen 2</channel>
    <channel update="i" site="livetv.tv-vlaanderen.be.E" site_id="53376" xmltv_id="FFN Digital">FFN Digital</channel>
    <channel update="i" site="livetv.tv-vlaanderen.be.E" site_id="591405120" xmltv_id="BBC Radio 1 (28)">BBC Radio 1 (28)</channel>
    <channel update="i" site="livetv.tv-vlaanderen.be.E" site_id="53504" xmltv_id="BBC 1 Xtra (28)">BBC 1 Xtra (28)</channel>
    <channel update="i" site="livetv.tv-vlaanderen.be.E" site_id="591406336" xmltv_id="BBC Radio 2 (28)">BBC Radio 2 (28)</channel>
    <channel update="i" site="livetv.tv-vlaanderen.be.E" site_id="591406400" xmltv_id="BBC Radio 3 (28)">BBC Radio 3 (28)</channel>
    <channel update="i" site="livetv.tv-vlaanderen.be.E" site_id="591407040" xmltv_id="BBC Radio 4 (28)">BBC Radio 4 (28)</channel>
    <channel update="i" site="livetv.tv-vlaanderen.be.E" site_id="53760" xmltv_id="BBC Radio Five Live (28)">BBC Radio Five Live (28)</channel>
    <channel update="i" site="livetv.tv-vlaanderen.be.E" site_id="53824" xmltv_id="BBC Radio Five Live Sport (28)">BBC Radio Five Live Sport (28)</channel>
    <channel update="i" site="livetv.tv-vlaanderen.be.E" site_id="53888" xmltv_id="BBC 6 Music (28)">BBC 6 Music (28)</channel>
    <channel update="i" site="livetv.tv-vlaanderen.be.E" site_id="53952" xmltv_id="BBC Radio 4 Extra (28)">BBC Radio 4 Extra (28)</channel>
    <channel update="i" site="livetv.tv-vlaanderen.be.E" site_id="54016" xmltv_id="BBC London (28)">BBC London (28)</channel>
    <channel update="i" site="livetv.tv-vlaanderen.be.E" site_id="54080" xmltv_id="Capital FM (28)">Capital FM (28)</channel>
    <channel update="i" site="livetv.tv-vlaanderen.be.E" site_id="54144" xmltv_id="Absolute Classic Rock (28)">Absolute Classic Rock (28)</channel>
    <channel update="i" site="livetv.tv-vlaanderen.be.E" site_id="54208" xmltv_id="Classic FM (28)">Classic FM (28)</channel>
    <channel update="i" site="livetv.tv-vlaanderen.be.E" site_id="54272" xmltv_id="Gold (28)">Gold (28)</channel>
    <channel update="i" site="livetv.tv-vlaanderen.be.E" site_id="776256" xmltv_id="Absolute (28)">Absolute (28)</channel>
    <channel update="i" site="livetv.tv-vlaanderen.be.E" site_id="54400" xmltv_id="Jazz FM (28)">Jazz FM (28)</channel>
    <channel update="i" site="livetv.tv-vlaanderen.be.E" site_id="54464" xmltv_id="talkSPORT (28)">talkSPORT (28)</channel>
    <channel update="i" site="livetv.tv-vlaanderen.be.E" site_id="54528" xmltv_id="Planet Rock (28)">Planet Rock (28)</channel>
    <channel update="i" site="livetv.tv-vlaanderen.be.E" site_id="54592" xmltv_id="Capital Xtra (28)">Capital Xtra (28)</channel>
    <channel update="i" site="livetv.tv-vlaanderen.be.E" site_id="54656" xmltv_id="Smooth (28)">Smooth (28)</channel>
    <channel update="i" site="livetv.tv-vlaanderen.be.E" site_id="54720" xmltv_id="Radio X (28)">Radio X (28)</channel>
    <channel update="i" site="livetv.tv-vlaanderen.be.E" site_id="891136" xmltv_id="WRN Europe (28)">WRN Europe (28)</channel>
    <channel update="i" site="livetv.tv-vlaanderen.be.E" site_id="54784" xmltv_id="Absolute 80s (28)">Absolute 80s (28)</channel>
    <channel update="i" site="livetv.tv-vlaanderen.be.E" site_id="54848" xmltv_id="Absolute 90s (28)">Absolute 90s (28)</channel>
    <channel update="i" site="livetv.tv-vlaanderen.be.E" site_id="776320" xmltv_id="BFBS Radio (28)">BFBS Radio (28)</channel>
    <channel update="i" site="livetv.tv-vlaanderen.be.E" site_id="927680" xmltv_id="Virgin Radio UK">Virgin Radio UK</channel>
    <channel update="i" site="livetv.tv-vlaanderen.be.E" site_id="892032" xmltv_id="Euronews English HD (13)">Euronews English HD (13)</channel>
    <channel update="i" site="livetv.tv-vlaanderen.be.E" site_id="1153437568" xmltv_id="Rai 1 (13)">Rai 1 (13)</channel>
    <channel update="i" site="livetv.tv-vlaanderen.be.E" site_id="3904" xmltv_id="Rai 2 (13)">Rai 2 (13)</channel>
    <channel update="i" site="livetv.tv-vlaanderen.be.E" site_id="1153488640" xmltv_id="Rai 3 (13)">Rai 3 (13)</channel>
    <channel update="i" site="livetv.tv-vlaanderen.be.E" site_id="56384" xmltv_id="RadioNorba TV (13)">RadioNorba TV (13)</channel>
    <channel update="i" site="livetv.tv-vlaanderen.be.E" site_id="914112" xmltv_id="Radio Zeta Radiovisione (13)">Radio Zeta Radiovisione (13)</channel>
    <channel update="i" site="livetv.tv-vlaanderen.be.E" site_id="55232" xmltv_id="Radio Italia TV (13)">Radio Italia TV (13)</channel>
    <channel update="i" site="livetv.tv-vlaanderen.be.E" site_id="672512" xmltv_id="RTL 102.5 HD (13)">RTL 102.5 HD (13)</channel>
    <channel update="i" site="livetv.tv-vlaanderen.be.E" site_id="895616" xmltv_id="Radio freccia TV HD (13)">Radio freccia TV HD (13)</channel>
    <channel update="i" site="livetv.tv-vlaanderen.be.E" site_id="55424" xmltv_id="Rai Storia (13)">Rai Storia (13)</channel>
    <channel update="i" site="livetv.tv-vlaanderen.be.E" site_id="55488" xmltv_id="Rai Scuola (13)">Rai Scuola (13)</channel>
    <channel update="i" site="livetv.tv-vlaanderen.be.E" site_id="924096" xmltv_id="RDS Social TV">RDS Social TV</channel>
    <channel update="i" site="livetv.tv-vlaanderen.be.E" site_id="895680" xmltv_id="Rai Gulp (13)">Rai Gulp (13)</channel>
    <channel update="i" site="livetv.tv-vlaanderen.be.E" site_id="55104" xmltv_id="Rai News 24 (13)">Rai News 24 (13)</channel>
    <channel update="i" site="livetv.tv-vlaanderen.be.E" site_id="672832" xmltv_id="TgCom24 (13)">TgCom24 (13)</channel>
    <channel update="i" site="livetv.tv-vlaanderen.be.E" site_id="883648" xmltv_id="TRM (13)">TRM (13)</channel>
    <channel update="i" site="livetv.tv-vlaanderen.be.E" site_id="55744" xmltv_id="Rai Sport (13)">Rai Sport (13)</channel>
    <channel update="i" site="livetv.tv-vlaanderen.be.E" site_id="673216" xmltv_id="Fishing TV (13)">Fishing TV (13)</channel>
    <channel update="i" site="livetv.tv-vlaanderen.be.E" site_id="984384" xmltv_id="RDS Relax (13)">RDS Relax (13)</channel>
    <channel update="i" site="livetv.tv-vlaanderen.be.E" site_id="46016" xmltv_id="TV Moda(13)">TV Moda(13)</channel>
    <channel update="i" site="livetv.tv-vlaanderen.be.E" site_id="977984" xmltv_id="Radio kiss kiss TV">Radio kiss kiss TV</channel>
    <channel update="i" site="livetv.tv-vlaanderen.be.E" site_id="55872" xmltv_id="SRF Info HD (13)">SRF Info HD (13)</channel>
    <channel update="i" site="livetv.tv-vlaanderen.be.E" site_id="983808" xmltv_id="Folx TV">Folx TV</channel>
    <channel update="i" site="livetv.tv-vlaanderen.be.E" site_id="56192" xmltv_id="RT Doc HD (13)">RT Doc HD (13)</channel>
    <channel update="i" site="livetv.tv-vlaanderen.be.E" site_id="885184" xmltv_id="1TVRUS Europe (13)">1TVRUS Europe (13)</channel>
    <channel update="i" site="livetv.tv-vlaanderen.be.E" site_id="673472" xmltv_id="RTP International (13)">RTP International (13)</channel>
    <channel update="i" site="livetv.tv-vlaanderen.be.E" site_id="742393664" xmltv_id="France 24 Fr HD (13)">France 24 Fr HD (13)</channel>
    <channel update="i" site="livetv.tv-vlaanderen.be.E" site_id="709632" xmltv_id="4Fun.TV (13)">4Fun.TV (13)</channel>
    <channel update="i" site="livetv.tv-vlaanderen.be.E" site_id="55936" xmltv_id="RTR Planeta (13)">RTR Planeta (13)</channel>
    <channel update="i" site="livetv.tv-vlaanderen.be.E" site_id="673664" xmltv_id="TV Romania International (13)">TV Romania International (13)</channel>
    <channel update="i" site="livetv.tv-vlaanderen.be.E" site_id="706752" xmltv_id="4Fun Dance (13)">4Fun Dance (13)</channel>
    <channel update="i" site="livetv.tv-vlaanderen.be.E" site_id="709504" xmltv_id="4Fun Kids (13)">4Fun Kids (13)</channel>
    <channel update="i" site="livetv.tv-vlaanderen.be.E" site_id="673728" xmltv_id="Tele 5 polska (13)">Tele 5 polska (13)</channel>
    <channel update="i" site="livetv.tv-vlaanderen.be.E" site_id="897536" xmltv_id="CNBC (13)">CNBC (13)</channel>
    <channel update="i" site="livetv.tv-vlaanderen.be.E" site_id="984576" xmltv_id="Gold (13)">Gold (13)</channel>
    <channel update="i" site="livetv.tv-vlaanderen.be.E" site_id="900608" xmltv_id="Euronews (Italiano) (13)">Euronews (Italiano) (13)</channel>
    <channel update="i" site="livetv.tv-vlaanderen.be.E" site_id="895872" xmltv_id="Stars TV (13)">Stars TV (13)</channel>
    <channel update="i" site="livetv.tv-vlaanderen.be.E" site_id="900224" xmltv_id="UnireSat HD (13)">UnireSat HD (13)</channel>
    <channel update="i" site="livetv.tv-vlaanderen.be.E" site_id="883712" xmltv_id="Eska TV (13)">Eska TV (13)</channel>
    <channel update="i" site="livetv.tv-vlaanderen.be.E" site_id="45888" xmltv_id="TVS-TV Silesia (13)">TVS-TV Silesia (13)</channel>
    <channel update="i" site="livetv.tv-vlaanderen.be.E" site_id="973952" xmltv_id="Fashion TV (13)">Fashion TV (13)</channel>
    <channel update="i" site="livetv.tv-vlaanderen.be.E" site_id="923904" xmltv_id="Radio Italia Trend TV">Radio Italia Trend TV</channel>
    <channel update="i" site="livetv.tv-vlaanderen.be.E" site_id="46080" xmltv_id="BBC Arabic TV (13)">BBC Arabic TV (13)</channel>
    <channel update="i" site="livetv.tv-vlaanderen.be.E" site_id="886144" xmltv_id="ERT World (13)">ERT World (13)</channel>
    <channel update="i" site="livetv.tv-vlaanderen.be.E" site_id="46144" xmltv_id="KBS World HD (13)">KBS World HD (13)</channel>
    <channel update="i" site="livetv.tv-vlaanderen.be.E" site_id="742438016" xmltv_id="Arte HD (13)">Arte HD (13)</channel>
    <channel update="i" site="livetv.tv-vlaanderen.be.E" site_id="46272" xmltv_id="Al Aoula Inter 1 (13)">Al Aoula Inter 1 (13)</channel>
    <channel update="i" site="livetv.tv-vlaanderen.be.E" site_id="46336" xmltv_id="2M Monde (13)">2M Monde (13)</channel>
    <channel update="i" site="livetv.tv-vlaanderen.be.E" site_id="46400" xmltv_id="Arriadia 3 (13)">Arriadia 3 (13)</channel>
    <channel update="i" site="livetv.tv-vlaanderen.be.E" site_id="46464" xmltv_id="Arrabiaa 4 (13)">Arrabiaa 4 (13)</channel>
    <channel update="i" site="livetv.tv-vlaanderen.be.E" site_id="46528" xmltv_id="Al Maghribiyah 5 (13)">Al Maghribiyah 5 (13)</channel>
    <channel update="i" site="livetv.tv-vlaanderen.be.E" site_id="46592" xmltv_id="Al Masriyah (13)">Al Masriyah (13)</channel>
    <channel update="i" site="livetv.tv-vlaanderen.be.E" site_id="984256" xmltv_id="Sky News Arabia HD (13)">Sky News Arabia HD (13)</channel>
    <channel update="i" site="livetv.tv-vlaanderen.be.E" site_id="46720" xmltv_id="Medi 1 Sat (13)">Medi 1 Sat (13)</channel>
    <channel update="i" site="livetv.tv-vlaanderen.be.E" site_id="2059459840" xmltv_id="TVP Polonia (13)">TVP Polonia (13)</channel>
    <channel update="i" site="livetv.tv-vlaanderen.be.E" site_id="46848" xmltv_id="Al Jazeera Mubasher (13)">Al Jazeera Mubasher (13)</channel>
    <channel update="i" site="livetv.tv-vlaanderen.be.E" site_id="709440" xmltv_id="TVP Info HD (13)">TVP Info HD (13)</channel>
    <channel update="i" site="livetv.tv-vlaanderen.be.E" site_id="46912" xmltv_id="Al Jazeera Documentary (13)">Al Jazeera Documentary (13)</channel>
    <channel update="i" site="livetv.tv-vlaanderen.be.E" site_id="899072" xmltv_id="i24 News Francais HD (13)">i24 News Francais HD (13)</channel>
    <channel update="i" site="livetv.tv-vlaanderen.be.E" site_id="895808" xmltv_id="Wine TV (13)">Wine TV (13)</channel>
    <channel update="i" site="livetv.tv-vlaanderen.be.E" site_id="983616" xmltv_id="Rudaw HD">Rudaw HD</channel>
    <channel update="i" site="livetv.tv-vlaanderen.be.E" site_id="984640" xmltv_id="Red Carpet TV (13)">Red Carpet TV (13)</channel>
    <channel update="i" site="livetv.tv-vlaanderen.be.E" site_id="47040" xmltv_id="AD SPORT1 (13)">AD SPORT1 (13)</channel>
    <channel update="i" site="livetv.tv-vlaanderen.be.E" site_id="47104" xmltv_id="Dubai TV HD (13)">Dubai TV HD (13)</channel>
    <channel update="i" site="livetv.tv-vlaanderen.be.E" site_id="47168" xmltv_id="Dubai Sports 3 HD (13)">Dubai Sports 3 HD (13)</channel>
    <channel update="i" site="livetv.tv-vlaanderen.be.E" site_id="47232" xmltv_id="Sama Dubai HD (13)">Sama Dubai HD (13)</channel>
    <channel update="i" site="livetv.tv-vlaanderen.be.E" site_id="47296" xmltv_id="AL SHARQIYA HD (13)">AL SHARQIYA HD (13)</channel>
    <channel update="i" site="livetv.tv-vlaanderen.be.E" site_id="717824" xmltv_id="RADIOUNO (13)">RADIOUNO (13)</channel>
    <channel update="i" site="livetv.tv-vlaanderen.be.E" site_id="717888" xmltv_id="RADIODUE (13)">RADIODUE (13)</channel>
    <channel update="i" site="livetv.tv-vlaanderen.be.E" site_id="717952" xmltv_id="RADIOTRE (13)">RADIOTRE (13)</channel>
    <channel update="i" site="livetv.tv-vlaanderen.be.E" site_id="712192" xmltv_id="BBC Persian (13)">BBC Persian (13)</channel>
    <channel update="i" site="livetv.tv-vlaanderen.be.E" site_id="47360" xmltv_id="Al Arabia (13)">Al Arabia (13)</channel>
    <channel update="i" site="livetv.tv-vlaanderen.be.E" site_id="47424" xmltv_id="Tunis 7 (13)">Tunis 7 (13)</channel>
    <channel update="i" site="livetv.tv-vlaanderen.be.E" site_id="890432" xmltv_id="Canal Algerie">Canal Algerie</channel>
    <channel update="i" site="livetv.tv-vlaanderen.be.E" site_id="47552" xmltv_id="CCTV 4 (13)">CCTV 4 (13)</channel>
    <channel update="i" site="livetv.tv-vlaanderen.be.E" site_id="892736" xmltv_id="Power TV (13)">Power TV (13)</channel>
    <channel update="i" site="livetv.tv-vlaanderen.be.E" site_id="895296" xmltv_id="CCTV 4 HD (13)">CCTV 4 HD (13)</channel>
    <channel update="i" site="livetv.tv-vlaanderen.be.E" site_id="47744" xmltv_id="ARIRANG WORLD (13)">ARIRANG WORLD (13)</channel>
    <channel update="i" site="livetv.tv-vlaanderen.be.E" site_id="47808" xmltv_id="Thai TV Global Network  (13)">Thai TV Global Network  (13)</channel>
    <channel update="i" site="livetv.tv-vlaanderen.be.E" site_id="899008" xmltv_id="i24 News English HD (13)">i24 News English HD (13)</channel>
    <channel update="i" site="livetv.tv-vlaanderen.be.E" site_id="888512" xmltv_id="Manoto HD (13)">Manoto HD (13)</channel>
    <channel update="i" site="livetv.tv-vlaanderen.be.E" site_id="742392256" xmltv_id="BFM TV (13)">BFM TV (13)</channel>
    <channel update="i" site="livetv.tv-vlaanderen.be.E" site_id="592137152" xmltv_id="BBC One HD (28)">BBC One HD (28)</channel>
    <channel update="i" site="livetv.tv-vlaanderen.be.E" site_id="592137216" xmltv_id="BBC Two HD (28)">BBC Two HD (28)</channel>
    <channel update="i" site="livetv.tv-vlaanderen.be.E" site_id="48192" xmltv_id="ITV HD (28)">ITV HD (28)</channel>
    <channel update="i" site="livetv.tv-vlaanderen.be.E" site_id="38400" xmltv_id="Channel 4 HD (28)">Channel 4 HD (28)</channel>
    <channel update="i" site="livetv.tv-vlaanderen.be.E" site_id="37888" xmltv_id="Channel 5 HD (28)">Channel 5 HD (28)</channel>
    <channel update="i" site="livetv.tv-vlaanderen.be.E" site_id="591444992" xmltv_id="BBC Four HD (28)">BBC Four HD (28)</channel>
    <channel update="i" site="livetv.tv-vlaanderen.be.E" site_id="32704" xmltv_id="BBC ALBA (28)">BBC ALBA (28)</channel>
    <channel update="i" site="livetv.tv-vlaanderen.be.E" site_id="887360" xmltv_id="S4C HD (28)">S4C HD (28)</channel>
    <channel update="i" site="livetv.tv-vlaanderen.be.E" site_id="928384" xmltv_id="BBC Scotland">BBC Scotland</channel>
    <channel update="i" site="livetv.tv-vlaanderen.be.E" site_id="48256" xmltv_id="ITV +1 (28)">ITV +1 (28)</channel>
    <channel update="i" site="livetv.tv-vlaanderen.be.E" site_id="48320" xmltv_id="ITV 2 (28)">ITV 2 (28)</channel>
    <channel update="i" site="livetv.tv-vlaanderen.be.E" site_id="48384" xmltv_id="ITV 2 +1 (28)">ITV 2 +1 (28)</channel>
    <channel update="i" site="livetv.tv-vlaanderen.be.E" site_id="48448" xmltv_id="ITV 3 (28)">ITV 3 (28)</channel>
    <channel update="i" site="livetv.tv-vlaanderen.be.E" site_id="48512" xmltv_id="ITV 3 +1 (28)">ITV 3 +1 (28)</channel>
    <channel update="i" site="livetv.tv-vlaanderen.be.E" site_id="38912" xmltv_id="ITV 4 (28)">ITV 4 (28)</channel>
    <channel update="i" site="livetv.tv-vlaanderen.be.E" site_id="38976" xmltv_id="ITV4 +1 (28)">ITV4 +1 (28)</channel>
    <channel update="i" site="livetv.tv-vlaanderen.be.E" site_id="38784" xmltv_id="ITV Be (28)">ITV Be (28)</channel>
    <channel update="i" site="livetv.tv-vlaanderen.be.E" site_id="38656" xmltv_id="ITV Be +1 (28)">ITV Be +1 (28)</channel>
    <channel update="i" site="livetv.tv-vlaanderen.be.E" site_id="38464" xmltv_id="Channel 4 +1 (28)">Channel 4 +1 (28)</channel>
    <channel update="i" site="livetv.tv-vlaanderen.be.E" site_id="37312" xmltv_id="More 4 (28)">More 4 (28)</channel>
    <channel update="i" site="livetv.tv-vlaanderen.be.E" site_id="37376" xmltv_id="More 4 +1 (28)">More 4 +1 (28)</channel>
    <channel update="i" site="livetv.tv-vlaanderen.be.E" site_id="36928" xmltv_id="E4 UK (28)">E4 UK (28)</channel>
    <channel update="i" site="livetv.tv-vlaanderen.be.E" site_id="35264" xmltv_id="E4 +1 (28)">E4 +1 (28)</channel>
    <channel update="i" site="livetv.tv-vlaanderen.be.E" site_id="36864" xmltv_id="4seven (28)">4seven (28)</channel>
    <channel update="i" site="livetv.tv-vlaanderen.be.E" site_id="37952" xmltv_id="Channel 5 +1 (28)">Channel 5 +1 (28)</channel>
    <channel update="i" site="livetv.tv-vlaanderen.be.E" site_id="922368" xmltv_id="UTV (Ulster) (28)">UTV (Ulster) (28)</channel>
    <channel update="i" site="livetv.tv-vlaanderen.be.E" site_id="922432" xmltv_id="UTV +1 (28)">UTV +1 (28)</channel>
    <channel update="i" site="livetv.tv-vlaanderen.be.E" site_id="38080" xmltv_id="5SELECT (28)">5SELECT (28)</channel>
    <channel update="i" site="livetv.tv-vlaanderen.be.E" site_id="38144" xmltv_id="5 USA (28)">5 USA (28)</channel>
    <channel update="i" site="livetv.tv-vlaanderen.be.E" site_id="37696" xmltv_id="5 USA +1 (28)">5 USA +1 (28)</channel>
    <channel update="i" site="livetv.tv-vlaanderen.be.E" site_id="37760" xmltv_id="5STAR (28)">5STAR (28)</channel>
    <channel update="i" site="livetv.tv-vlaanderen.be.E" site_id="37184" xmltv_id="5STAR +1 (28)">5STAR +1 (28)</channel>
    <channel update="i" site="livetv.tv-vlaanderen.be.E" site_id="907008" xmltv_id="Dave (28)">Dave (28)</channel>
    <channel update="i" site="livetv.tv-vlaanderen.be.E" site_id="891072" xmltv_id="Blaze (28)">Blaze (28)</channel>
    <channel update="i" site="livetv.tv-vlaanderen.be.E" site_id="987264" xmltv_id="Sky Arts (28)">Sky Arts (28)</channel>
    <channel update="i" site="livetv.tv-vlaanderen.be.E" site_id="906880" xmltv_id="Forces TV (28)">Forces TV (28)</channel>
    <channel update="i" site="livetv.tv-vlaanderen.be.E" site_id="32256" xmltv_id="BET U.K. (28)">BET U.K. (28)</channel>
    <channel update="i" site="livetv.tv-vlaanderen.be.E" site_id="913984" xmltv_id="Together">Together</channel>
    <channel update="i" site="livetv.tv-vlaanderen.be.E" site_id="882816" xmltv_id="Yesterday (28)">Yesterday (28)</channel>
    <channel update="i" site="livetv.tv-vlaanderen.be.E" site_id="906944" xmltv_id="HGTV UK (28)">HGTV UK (28)</channel>
    <channel update="i" site="livetv.tv-vlaanderen.be.E" site_id="984320" xmltv_id="HGTV +1 UK (28)">HGTV +1 UK (28)</channel>
    <channel update="i" site="livetv.tv-vlaanderen.be.E" site_id="882752" xmltv_id="Really (28)">Really (28)</channel>
    <channel update="i" site="livetv.tv-vlaanderen.be.E" site_id="906048" xmltv_id="Quest (28)">Quest (28)</channel>
    <channel update="i" site="livetv.tv-vlaanderen.be.E" site_id="906368" xmltv_id="Quest+1 (28)">Quest+1 (28)</channel>
    <channel update="i" site="livetv.tv-vlaanderen.be.E" site_id="906176" xmltv_id="Quest Red (28)">Quest Red (28)</channel>
    <channel update="i" site="livetv.tv-vlaanderen.be.E" site_id="906304" xmltv_id="Quest Red +1 (28)">Quest Red +1 (28)</channel>
    <channel update="i" site="livetv.tv-vlaanderen.be.E" site_id="4288" xmltv_id="Food Network (28)">Food Network (28)</channel>
    <channel update="i" site="livetv.tv-vlaanderen.be.E" site_id="35904" xmltv_id="Food Network +1 (28)">Food Network +1 (28)</channel>
    <channel update="i" site="livetv.tv-vlaanderen.be.E" site_id="927808" xmltv_id="DMAX UK">DMAX UK</channel>
    <channel update="i" site="livetv.tv-vlaanderen.be.E" site_id="789888" xmltv_id="PBS America (28)">PBS America (28)</channel>
    <channel update="i" site="livetv.tv-vlaanderen.be.E" site_id="33088" xmltv_id="BBC Parliament (28)">BBC Parliament (28)</channel>
    <channel update="i" site="livetv.tv-vlaanderen.be.E" site_id="32640" xmltv_id="BBC News HD (28)">BBC News HD (28)</channel>
    <channel update="i" site="livetv.tv-vlaanderen.be.E" site_id="978880" xmltv_id="Sky News UK">Sky News UK</channel>
    <channel update="i" site="livetv.tv-vlaanderen.be.E" site_id="896896" xmltv_id="Bloomberg HD (28)">Bloomberg HD (28)</channel>
    <channel update="i" site="livetv.tv-vlaanderen.be.E" site_id="897600" xmltv_id="CNBC UK HD (28)">CNBC UK HD (28)</channel>
    <channel update="i" site="livetv.tv-vlaanderen.be.E" site_id="901312" xmltv_id="Euronews English (28)">Euronews English (28)</channel>
    <channel update="i" site="livetv.tv-vlaanderen.be.E" site_id="927040" xmltv_id="Smithsonian Channel UK">Smithsonian Channel UK</channel>
    <channel update="i" site="livetv.tv-vlaanderen.be.E" site_id="987200" xmltv_id="Court TV (28)">Court TV (28)</channel>
    <channel update="i" site="livetv.tv-vlaanderen.be.E" site_id="789952" xmltv_id="CGTN (28)">CGTN (28)</channel>
    <channel update="i" site="livetv.tv-vlaanderen.be.E" site_id="30272" xmltv_id="PCNE (28)">PCNE (28)</channel>
    <channel update="i" site="livetv.tv-vlaanderen.be.E" site_id="30144" xmltv_id="NHK World HD (28)">NHK World HD (28)</channel>
    <channel update="i" site="livetv.tv-vlaanderen.be.E" site_id="790016" xmltv_id="RT HD (28)">RT HD (28)</channel>
    <channel update="i" site="livetv.tv-vlaanderen.be.E" site_id="896576" xmltv_id="TRT World (28)">TRT World (28)</channel>
    <channel update="i" site="livetv.tv-vlaanderen.be.E" site_id="897728" xmltv_id="TVC News (28)">TVC News (28)</channel>
    <channel update="i" site="livetv.tv-vlaanderen.be.E" site_id="901824" xmltv_id="Times Now - India (28)">Times Now - India (28)</channel>
    <channel update="i" site="livetv.tv-vlaanderen.be.E" site_id="974848" xmltv_id="Travel XP (UK)">Travel XP (UK)</channel>
    <channel update="i" site="livetv.tv-vlaanderen.be.E" site_id="974912" xmltv_id="Food XP">Food XP</channel>
    <channel update="i" site="livetv.tv-vlaanderen.be.E" site_id="974720" xmltv_id="Freesports HD">Freesports HD</channel>
    <channel update="i" site="livetv.tv-vlaanderen.be.E" site_id="979328" xmltv_id="Showcase (28)">Showcase (28)</channel>
    <channel update="i" site="livetv.tv-vlaanderen.be.E" site_id="978944" xmltv_id="Live 360">Live 360</channel>
    <channel update="i" site="livetv.tv-vlaanderen.be.E" site_id="35328" xmltv_id="Pick TV (28)">Pick TV (28)</channel>
    <channel update="i" site="livetv.tv-vlaanderen.be.E" site_id="35392" xmltv_id="Pick TV +1 (28)">Pick TV +1 (28)</channel>
    <channel update="i" site="livetv.tv-vlaanderen.be.E" site_id="983744" xmltv_id="Pick TV UK (28)">Pick TV UK (28)</channel>
    <channel update="i" site="livetv.tv-vlaanderen.be.E" site_id="35456" xmltv_id="Challenge (28)">Challenge (28)</channel>
    <channel update="i" site="livetv.tv-vlaanderen.be.E" site_id="923520" xmltv_id="Paramount Network (28)">Paramount Network (28)</channel>
    <channel update="i" site="livetv.tv-vlaanderen.be.E" site_id="914752" xmltv_id="Sony Crime (28)">Sony Crime (28)</channel>
    <channel update="i" site="livetv.tv-vlaanderen.be.E" site_id="591416512" xmltv_id="CBS Reality (28)">CBS Reality (28)</channel>
    <channel update="i" site="livetv.tv-vlaanderen.be.E" site_id="35648" xmltv_id="CBS Reality +1 (28)">CBS Reality +1 (28)</channel>
    <channel update="i" site="livetv.tv-vlaanderen.be.E" site_id="35712" xmltv_id="CBS Action (28)">CBS Action (28)</channel>
    <channel update="i" site="livetv.tv-vlaanderen.be.E" site_id="35776" xmltv_id="CBS Drama (28)">CBS Drama (28)</channel>
    <channel update="i" site="livetv.tv-vlaanderen.be.E" site_id="882688" xmltv_id="Drama (28)">Drama (28)</channel>
    <channel update="i" site="livetv.tv-vlaanderen.be.E" site_id="36736" xmltv_id="Sony Channel (28)">Sony Channel (28)</channel>
    <channel update="i" site="livetv.tv-vlaanderen.be.E" site_id="34176" xmltv_id="Sony Channel +1 (28)">Sony Channel +1 (28)</channel>
    <channel update="i" site="livetv.tv-vlaanderen.be.E" site_id="36224" xmltv_id="Film4 (28)">Film4 (28)</channel>
    <channel update="i" site="livetv.tv-vlaanderen.be.E" site_id="36288" xmltv_id="Film4 +1 (28)">Film4 +1 (28)</channel>
    <channel update="i" site="livetv.tv-vlaanderen.be.E" site_id="36352" xmltv_id="Sony Movies Christmas (28)">Sony Movies Christmas (28)</channel>
    <channel update="i" site="livetv.tv-vlaanderen.be.E" site_id="36416" xmltv_id="Sony Movies Christmas +1 (28)">Sony Movies Christmas +1 (28)</channel>
    <channel update="i" site="livetv.tv-vlaanderen.be.E" site_id="36480" xmltv_id="Sony Movies Action">Sony Movies Action</channel>
    <channel update="i" site="livetv.tv-vlaanderen.be.E" site_id="36544" xmltv_id="Sony Movies Action+1 (28)">Sony Movies Action+1 (28)</channel>
    <channel update="i" site="livetv.tv-vlaanderen.be.E" site_id="926016" xmltv_id="Sony Movies">Sony Movies</channel>
    <channel update="i" site="livetv.tv-vlaanderen.be.E" site_id="926080" xmltv_id="Sony Movies +1">Sony Movies +1</channel>
    <channel update="i" site="livetv.tv-vlaanderen.be.E" site_id="885824" xmltv_id="Talking Pictures (28)">Talking Pictures (28)</channel>
    <channel update="i" site="livetv.tv-vlaanderen.be.E" site_id="36096" xmltv_id="Horror Channel (28)">Horror Channel (28)</channel>
    <channel update="i" site="livetv.tv-vlaanderen.be.E" site_id="36160" xmltv_id="Horror Channel+1 (28)">Horror Channel+1 (28)</channel>
    <channel update="i" site="livetv.tv-vlaanderen.be.E" site_id="34240" xmltv_id="CBBC HD (28)">CBBC HD (28)</channel>
    <channel update="i" site="livetv.tv-vlaanderen.be.E" site_id="34304" xmltv_id="CBeebies HD (28)">CBeebies HD (28)</channel>
    <channel update="i" site="livetv.tv-vlaanderen.be.E" site_id="34368" xmltv_id="CITV U.K. (28)">CITV U.K. (28)</channel>
    <channel update="i" site="livetv.tv-vlaanderen.be.E" site_id="34432" xmltv_id="Pop Max (28)">Pop Max (28)</channel>
    <channel update="i" site="livetv.tv-vlaanderen.be.E" site_id="34496" xmltv_id="Pop (28)">Pop (28)</channel>
    <channel update="i" site="livetv.tv-vlaanderen.be.E" site_id="33536" xmltv_id="Pop Max +1 (28)">Pop Max +1 (28)</channel>
    <channel update="i" site="livetv.tv-vlaanderen.be.E" site_id="33600" xmltv_id="Pop +1 (28)">Pop +1 (28)</channel>
    <channel update="i" site="livetv.tv-vlaanderen.be.E" site_id="33664" xmltv_id="Tiny Pop (28)">Tiny Pop (28)</channel>
    <channel update="i" site="livetv.tv-vlaanderen.be.E" site_id="33728" xmltv_id="Tiny Pop +1 (28)">Tiny Pop +1 (28)</channel>
    <channel update="i" site="livetv.tv-vlaanderen.be.E" site_id="33856" xmltv_id="S4C Digidol (28)">S4C Digidol (28)</channel>
    <channel update="i" site="livetv.tv-vlaanderen.be.E" site_id="741504" xmltv_id="The Box UK (28)">The Box UK (28)</channel>
    <channel update="i" site="livetv.tv-vlaanderen.be.E" site_id="979264" xmltv_id="Channel 7 UK (28)">Channel 7 UK (28)</channel>
    <channel update="i" site="livetv.tv-vlaanderen.be.E" site_id="741824" xmltv_id="VOX Africa (28)">VOX Africa (28)</channel>
    <channel update="i" site="livetv.tv-vlaanderen.be.E" site_id="891264" xmltv_id="ROK TV (28)">ROK TV (28)</channel>
    <channel update="i" site="livetv.tv-vlaanderen.be.E" site_id="922752" xmltv_id="YANGA! (28)">YANGA! (28)</channel>
    <channel update="i" site="livetv.tv-vlaanderen.be.E" site_id="32896" xmltv_id="Trace Vault">Trace Vault</channel>
    <channel update="i" site="livetv.tv-vlaanderen.be.E" site_id="32832" xmltv_id="Trace Urban (28)">Trace Urban (28)</channel>
    <channel update="i" site="livetv.tv-vlaanderen.be.E" site_id="978560" xmltv_id="Now 70s (28)">Now 70s (28)</channel>
    <channel update="i" site="livetv.tv-vlaanderen.be.E" site_id="922816" xmltv_id="Now 80s (28)">Now 80s (28)</channel>
    <channel update="i" site="livetv.tv-vlaanderen.be.E" site_id="923008" xmltv_id="Now 90s (28)">Now 90s (28)</channel>
    <channel update="i" site="livetv.tv-vlaanderen.be.E" site_id="741696" xmltv_id="Kiss TV (28)">Kiss TV (28)</channel>
    <channel update="i" site="livetv.tv-vlaanderen.be.E" site_id="32192" xmltv_id="Clubland TV (28)">Clubland TV (28)</channel>
    <channel update="i" site="livetv.tv-vlaanderen.be.E" site_id="883136" xmltv_id="Keep it Country (28)">Keep it Country (28)</channel>
    <channel update="i" site="livetv.tv-vlaanderen.be.E" site_id="784896" xmltv_id="TV Record HD UK  (28)">TV Record HD UK  (28)</channel>
    <channel update="i" site="livetv.tv-vlaanderen.be.E" site_id="30528" xmltv_id="BEN (28)">BEN (28)</channel>
    <channel update="i" site="livetv.tv-vlaanderen.be.E" site_id="741632" xmltv_id="Box Hits! (28)">Box Hits! (28)</channel>
    <channel update="i" site="livetv.tv-vlaanderen.be.E" site_id="31680" xmltv_id="Magic (28)">Magic (28)</channel>
    <channel update="i" site="livetv.tv-vlaanderen.be.E" site_id="29952" xmltv_id="QVC (28)">QVC (28)</channel>
    <channel update="i" site="livetv.tv-vlaanderen.be.E" site_id="907072" xmltv_id="JML Direct (28)">JML Direct (28)</channel>
    <channel update="i" site="livetv.tv-vlaanderen.be.E" site_id="914304" xmltv_id="High Street TV 1 (28)">High Street TV 1 (28)</channel>
    <channel update="i" site="livetv.tv-vlaanderen.be.E" site_id="31808" xmltv_id="Brit Asia TV (28)">Brit Asia TV (28)</channel>
    <channel update="i" site="livetv.tv-vlaanderen.be.E" site_id="895552" xmltv_id="Bangla TV (28)">Bangla TV (28)</channel>
    <channel update="i" site="livetv.tv-vlaanderen.be.E" site_id="900288" xmltv_id="Arirang HD (28)">Arirang HD (28)</channel>
    <channel update="i" site="livetv.tv-vlaanderen.be.E" site_id="30976" xmltv_id="Aastha (28)">Aastha (28)</channel>
    <channel update="i" site="livetv.tv-vlaanderen.be.E" site_id="741568" xmltv_id="Kerrang (28)">Kerrang (28)</channel>
    <channel update="i" site="livetv.tv-vlaanderen.be.E" site_id="30784" xmltv_id="PTV Prime (28)">PTV Prime (28)</channel>
    <channel update="i" site="livetv.tv-vlaanderen.be.E" site_id="907136" xmltv_id="Geo TV (28)">Geo TV (28)</channel>
    <channel update="i" site="livetv.tv-vlaanderen.be.E" site_id="31104" xmltv_id="Geo News (28)">Geo News (28)</channel>
    <channel update="i" site="livetv.tv-vlaanderen.be.E" site_id="921792" xmltv_id="Freesat EPG (28)">Freesat EPG (28)</channel>
    <channel update="i" site="livetv.tv-vlaanderen.be.E" site_id="984192" xmltv_id="Sky News Arabia (28)">Sky News Arabia (28)</channel>
    <channel update="i" site="livetv.tv-vlaanderen.be.E" site_id="30400" xmltv_id="Abu Dhabi TV (28)">Abu Dhabi TV (28)</channel>
    <channel update="i" site="livetv.tv-vlaanderen.be.E" site_id="31360" xmltv_id="Takbeer TV (28)">Takbeer TV (28)</channel>
    <channel update="i" site="livetv.tv-vlaanderen.be.E" site_id="31424" xmltv_id="Channel S (28)">Channel S (28)</channel>
    <channel update="i" site="livetv.tv-vlaanderen.be.E" site_id="30464" xmltv_id="Hidayat TV (28)">Hidayat TV (28)</channel>
    <channel update="i" site="livetv.tv-vlaanderen.be.E" site_id="29888" xmltv_id="BBC Red Button 1 (28)">BBC Red Button 1 (28)</channel>
  </channels>
</site>