<?xml version="1.0" encoding="UTF-8"?>
<site generator-info-name="WebGrab+Plus/w MDB &amp; REX Postprocess -- version V2.1.4 -- Jan van Straaten" site="moustique.be">
  <channels>
    <channel update="i" site="moustique.be" site_id="2" xmltv_id="13eme RUE">13eme RUE</channel>
    <channel update="i" site="moustique.be" site_id="254" xmltv_id="AB 3">AB 3</channel>
    <channel update="i" site="moustique.be" site_id="303" xmltv_id="ABXPLORE">ABXPLORE</channel>
    <channel update="i" site="moustique.be" site_id="897" xmltv_id="Acht">Acht</channel>
    <channel update="i" site="moustique.be" site_id="10" xmltv_id="Action">Action</channel>
    <channel update="i" site="moustique.be" site_id="935" xmltv_id="Actua-TV">Actua-TV</channel>
    <channel update="i" site="moustique.be" site_id="388" xmltv_id="ACTV">ACTV</channel>
    <channel update="i" site="moustique.be" site_id="12" xmltv_id="Animaux">Animaux</channel>
    <channel update="i" site="moustique.be" site_id="13" xmltv_id="ARD">ARD</channel>
    <channel update="i" site="moustique.be" site_id="2544" xmltv_id="Arte Belgique">Arte Belgique</channel>
    <channel update="i" site="moustique.be" site_id="16" xmltv_id="BBC 1">BBC 1</channel>
    <channel update="i" site="moustique.be" site_id="17" xmltv_id="BBC 2">BBC 2</channel>
    <channel update="i" site="moustique.be" site_id="29" xmltv_id="BE 1">BE 1</channel>
    <channel update="i" site="moustique.be" site_id="417" xmltv_id="Be Ciné">Be Ciné</channel>
    <channel update="i" site="moustique.be" site_id="418" xmltv_id="Be Séries">Be Séries</channel>
    <channel update="i" site="moustique.be" site_id="382" xmltv_id="BX1">BX1</channel>
    <channel update="i" site="moustique.be" site_id="389" xmltv_id="Canal C">Canal C</channel>
    <channel update="i" site="moustique.be" site_id="386" xmltv_id="Canal Zoom">Canal Zoom</channel>
    <channel update="i" site="moustique.be" site_id="24" xmltv_id="Canvas">Canvas</channel>
    <channel update="i" site="moustique.be" site_id="36" xmltv_id="Cartoon Network">Cartoon Network</channel>
    <channel update="i" site="moustique.be" site_id="38" xmltv_id="Chasse et pêche">Chasse et pêche</channel>
    <channel update="i" site="moustique.be" site_id="287" xmltv_id="Ciné+ Classic">Ciné+ Classic</channel>
    <channel update="i" site="moustique.be" site_id="437" xmltv_id="Ciné+ Classic Belgique">Ciné+ Classic Belgique</channel>
    <channel update="i" site="moustique.be" site_id="283" xmltv_id="Ciné+ Emotion">Ciné+ Emotion</channel>
    <channel update="i" site="moustique.be" site_id="317" xmltv_id="Ciné+ Frisson Belgique">Ciné+ Frisson Belgique</channel>
    <channel update="i" site="moustique.be" site_id="282" xmltv_id="Ciné+ Premier">Ciné+ Premier</channel>
    <channel update="i" site="moustique.be" site_id="294" xmltv_id="Ciné+ Premier Belgique">Ciné+ Premier Belgique</channel>
    <channel update="i" site="moustique.be" site_id="50" xmltv_id="Club RTL">Club RTL</channel>
    <channel update="i" site="moustique.be" site_id="54" xmltv_id="Comédie+">Comédie+</channel>
    <channel update="i" site="moustique.be" site_id="400" xmltv_id="Discovery Channel">Discovery Channel</channel>
    <channel update="i" site="moustique.be" site_id="1967" xmltv_id="Disney Channel Wallonia">Disney Channel Wallonia</channel>
    <channel update="i" site="moustique.be" site_id="652" xmltv_id="Disney Cinema">Disney Cinema</channel>
    <channel update="i" site="moustique.be" site_id="79" xmltv_id="Disney XD">Disney XD</channel>
    <channel update="i" site="moustique.be" site_id="405" xmltv_id="E !">E !</channel>
    <channel update="i" site="moustique.be" site_id="23" xmltv_id="één">één</channel>
    <channel update="i" site="moustique.be" site_id="403" xmltv_id="ElleGirl">ElleGirl</channel>
    <channel update="i" site="moustique.be" site_id="76" xmltv_id="Eurosport 1">Eurosport 1</channel>
    <channel update="i" site="moustique.be" site_id="439" xmltv_id="Eurosport 2">Eurosport 2</channel>
    <channel update="i" site="moustique.be" site_id="4" xmltv_id="France 2">France 2</channel>
    <channel update="i" site="moustique.be" site_id="80" xmltv_id="France 3">France 3</channel>
    <channel update="i" site="moustique.be" site_id="78" xmltv_id="France 4">France 4</channel>
    <channel update="i" site="moustique.be" site_id="47" xmltv_id="France 5">France 5</channel>
    <channel update="i" site="moustique.be" site_id="160" xmltv_id="France Ô">France Ô</channel>
    <channel update="i" site="moustique.be" site_id="482" xmltv_id="Gulli">Gulli</channel>
    <channel update="i" site="moustique.be" site_id="88" xmltv_id="Histoire">Histoire</channel>
    <channel update="i" site="moustique.be" site_id="939" xmltv_id="Kanaal Z">Kanaal Z</channel>
    <channel update="i" site="moustique.be" site_id="1280" xmltv_id="Ketnet">Ketnet</channel>
    <channel update="i" site="moustique.be" site_id="187" xmltv_id="La Deux">La Deux</channel>
    <channel update="i" site="moustique.be" site_id="892" xmltv_id="La Trois">La Trois</channel>
    <channel update="i" site="moustique.be" site_id="164" xmltv_id="La Une">La Une</channel>
    <channel update="i" site="moustique.be" site_id="118" xmltv_id="M6">M6</channel>
    <channel update="i" site="moustique.be" site_id="393" xmltv_id="MAtélé">MAtélé</channel>
    <channel update="i" site="moustique.be" site_id="125" xmltv_id="Mezzo">Mezzo</channel>
    <channel update="i" site="moustique.be" site_id="128" xmltv_id="MTV">MTV</channel>
    <channel update="i" site="moustique.be" site_id="243" xmltv_id="National Geographic">National Geographic</channel>
    <channel update="i" site="moustique.be" site_id="1968" xmltv_id="Nickelodéon Wallonia">Nickelodéon Wallonia</channel>
    <channel update="i" site="moustique.be" site_id="1833" xmltv_id="NoTélé">NoTélé</channel>
    <channel update="i" site="moustique.be" site_id="910" xmltv_id="NPO1">NPO1</channel>
    <channel update="i" site="moustique.be" site_id="911" xmltv_id="NPO2">NPO2</channel>
    <channel update="i" site="moustique.be" site_id="912" xmltv_id="NPO3">NPO3</channel>
    <channel update="i" site="moustique.be" site_id="147" xmltv_id="Planète+">Planète+</channel>
    <channel update="i" site="moustique.be" site_id="377" xmltv_id="Plug RTL">Plug RTL</channel>
    <channel update="i" site="moustique.be" site_id="108" xmltv_id="Q2">Q2</channel>
    <channel update="i" site="moustique.be" site_id="156" xmltv_id="Rai Uno">Rai Uno</channel>
    <channel update="i" site="moustique.be" site_id="390" xmltv_id="RTC Télé Liège">RTC Télé Liège</channel>
    <channel update="i" site="moustique.be" site_id="166" xmltv_id="RTL Télévision">RTL Télévision</channel>
    <channel update="i" site="moustique.be" site_id="168" xmltv_id="RTL TVI">RTL TVI</channel>
    <channel update="i" site="moustique.be" site_id="169" xmltv_id="RTPI">RTPI</channel>
    <channel update="i" site="moustique.be" site_id="833" xmltv_id="Sundance TV">Sundance TV</channel>
    <channel update="i" site="moustique.be" site_id="182" xmltv_id="SWR">SWR</channel>
    <channel update="i" site="moustique.be" site_id="479" xmltv_id="Syfy">Syfy</channel>
    <channel update="i" site="moustique.be" site_id="185" xmltv_id="TCM Cinéma">TCM Cinéma</channel>
    <channel update="i" site="moustique.be" site_id="387" xmltv_id="Télé MB">Télé MB</channel>
    <channel update="i" site="moustique.be" site_id="383" xmltv_id="Télé Sambre">Télé Sambre</channel>
    <channel update="i" site="moustique.be" site_id="192" xmltv_id="TF1">TF1</channel>
    <channel update="i" site="moustique.be" site_id="7" xmltv_id="Toute l'histoire">Toute l'histoire</channel>
    <channel update="i" site="moustique.be" site_id="385" xmltv_id="TV COM">TV COM</channel>
    <channel update="i" site="moustique.be" site_id="392" xmltv_id="TV Lux">TV Lux</channel>
    <channel update="i" site="moustique.be" site_id="205" xmltv_id="TV5MONDE">TV5MONDE</channel>
    <channel update="i" site="moustique.be" site_id="232" xmltv_id="TV5MONDE Europe">TV5MONDE Europe</channel>
    <channel update="i" site="moustique.be" site_id="225" xmltv_id="TvBreizh">TvBreizh</channel>
    <channel update="i" site="moustique.be" site_id="208" xmltv_id="TVE">TVE</channel>
    <channel update="i" site="moustique.be" site_id="451" xmltv_id="Ushuaïa TV">Ushuaïa TV</channel>
    <channel update="i" site="moustique.be" site_id="391" xmltv_id="Vedia">Vedia</channel>
    <channel update="i" site="moustique.be" site_id="214" xmltv_id="Vier">Vier</channel>
    <channel update="i" site="moustique.be" site_id="691" xmltv_id="Vijf">Vijf</channel>
    <channel update="i" site="moustique.be" site_id="914" xmltv_id="Vitaya">Vitaya</channel>
    <channel update="i" site="moustique.be" site_id="659" xmltv_id="Vivolta">Vivolta</channel>
    <channel update="i" site="moustique.be" site_id="413" xmltv_id="VOOsport World 1">VOOsport World 1</channel>
    <channel update="i" site="moustique.be" site_id="414" xmltv_id="VOOsport World 2">VOOsport World 2</channel>
    <channel update="i" site="moustique.be" site_id="212" xmltv_id="Voyage">Voyage</channel>
    <channel update="i" site="moustique.be" site_id="215" xmltv_id="VTM">VTM</channel>
    <channel update="i" site="moustique.be" site_id="1292" xmltv_id="VTMKZOOM">VTMKZOOM</channel>
    <channel update="i" site="moustique.be" site_id="217" xmltv_id="WDR">WDR</channel>
    <channel update="i" site="moustique.be" site_id="219" xmltv_id="ZDF">ZDF</channel>
    <channel update="i" site="moustique.be" site_id="2" xmltv_id="13eme RUE">13eme RUE</channel>
    <channel update="i" site="moustique.be" site_id="254" xmltv_id="AB 3">AB 3</channel>
    <channel update="i" site="moustique.be" site_id="303" xmltv_id="ABXPLORE">ABXPLORE</channel>
    <channel update="i" site="moustique.be" site_id="897" xmltv_id="Acht">Acht</channel>
    <channel update="i" site="moustique.be" site_id="10" xmltv_id="Action">Action</channel>
    <channel update="i" site="moustique.be" site_id="935" xmltv_id="Actua-TV">Actua-TV</channel>
    <channel update="i" site="moustique.be" site_id="388" xmltv_id="ACTV">ACTV</channel>
    <channel update="i" site="moustique.be" site_id="12" xmltv_id="Animaux">Animaux</channel>
    <channel update="i" site="moustique.be" site_id="13" xmltv_id="ARD">ARD</channel>
    <channel update="i" site="moustique.be" site_id="2544" xmltv_id="Arte Belgique">Arte Belgique</channel>
    <channel update="i" site="moustique.be" site_id="16" xmltv_id="BBC 1">BBC 1</channel>
    <channel update="i" site="moustique.be" site_id="17" xmltv_id="BBC 2">BBC 2</channel>
    <channel update="i" site="moustique.be" site_id="29" xmltv_id="BE 1">BE 1</channel>
    <channel update="i" site="moustique.be" site_id="417" xmltv_id="Be Ciné">Be Ciné</channel>
    <channel update="i" site="moustique.be" site_id="418" xmltv_id="Be Séries">Be Séries</channel>
    <channel update="i" site="moustique.be" site_id="382" xmltv_id="BX1">BX1</channel>
    <channel update="i" site="moustique.be" site_id="389" xmltv_id="Canal C">Canal C</channel>
    <channel update="i" site="moustique.be" site_id="386" xmltv_id="Canal Zoom">Canal Zoom</channel>
    <channel update="i" site="moustique.be" site_id="24" xmltv_id="Canvas">Canvas</channel>
    <channel update="i" site="moustique.be" site_id="36" xmltv_id="Cartoon Network">Cartoon Network</channel>
    <channel update="i" site="moustique.be" site_id="38" xmltv_id="Chasse et pêche">Chasse et pêche</channel>
    <channel update="i" site="moustique.be" site_id="287" xmltv_id="Ciné+ Classic">Ciné+ Classic</channel>
    <channel update="i" site="moustique.be" site_id="437" xmltv_id="Ciné+ Classic Belgique">Ciné+ Classic Belgique</channel>
    <channel update="i" site="moustique.be" site_id="283" xmltv_id="Ciné+ Emotion">Ciné+ Emotion</channel>
    <channel update="i" site="moustique.be" site_id="317" xmltv_id="Ciné+ Frisson Belgique">Ciné+ Frisson Belgique</channel>
    <channel update="i" site="moustique.be" site_id="282" xmltv_id="Ciné+ Premier">Ciné+ Premier</channel>
    <channel update="i" site="moustique.be" site_id="294" xmltv_id="Ciné+ Premier Belgique">Ciné+ Premier Belgique</channel>
    <channel update="i" site="moustique.be" site_id="50" xmltv_id="Club RTL">Club RTL</channel>
    <channel update="i" site="moustique.be" site_id="54" xmltv_id="Comédie+">Comédie+</channel>
    <channel update="i" site="moustique.be" site_id="400" xmltv_id="Discovery Channel">Discovery Channel</channel>
    <channel update="i" site="moustique.be" site_id="1967" xmltv_id="Disney Channel Wallonia">Disney Channel Wallonia</channel>
    <channel update="i" site="moustique.be" site_id="652" xmltv_id="Disney Cinema">Disney Cinema</channel>
    <channel update="i" site="moustique.be" site_id="79" xmltv_id="Disney XD">Disney XD</channel>
    <channel update="i" site="moustique.be" site_id="405" xmltv_id="E !">E !</channel>
    <channel update="i" site="moustique.be" site_id="23" xmltv_id="één">één</channel>
    <channel update="i" site="moustique.be" site_id="403" xmltv_id="ElleGirl">ElleGirl</channel>
    <channel update="i" site="moustique.be" site_id="76" xmltv_id="Eurosport 1">Eurosport 1</channel>
    <channel update="i" site="moustique.be" site_id="439" xmltv_id="Eurosport 2">Eurosport 2</channel>
    <channel update="i" site="moustique.be" site_id="4" xmltv_id="France 2">France 2</channel>
    <channel update="i" site="moustique.be" site_id="80" xmltv_id="France 3">France 3</channel>
    <channel update="i" site="moustique.be" site_id="78" xmltv_id="France 4">France 4</channel>
    <channel update="i" site="moustique.be" site_id="47" xmltv_id="France 5">France 5</channel>
    <channel update="i" site="moustique.be" site_id="160" xmltv_id="France Ô">France Ô</channel>
    <channel update="i" site="moustique.be" site_id="482" xmltv_id="Gulli">Gulli</channel>
    <channel update="i" site="moustique.be" site_id="88" xmltv_id="Histoire">Histoire</channel>
    <channel update="i" site="moustique.be" site_id="939" xmltv_id="Kanaal Z">Kanaal Z</channel>
    <channel update="i" site="moustique.be" site_id="1280" xmltv_id="Ketnet">Ketnet</channel>
    <channel update="i" site="moustique.be" site_id="187" xmltv_id="La Deux">La Deux</channel>
    <channel update="i" site="moustique.be" site_id="892" xmltv_id="La Trois">La Trois</channel>
    <channel update="i" site="moustique.be" site_id="164" xmltv_id="La Une">La Une</channel>
    <channel update="i" site="moustique.be" site_id="118" xmltv_id="M6">M6</channel>
    <channel update="i" site="moustique.be" site_id="393" xmltv_id="MAtélé">MAtélé</channel>
    <channel update="i" site="moustique.be" site_id="125" xmltv_id="Mezzo">Mezzo</channel>
    <channel update="i" site="moustique.be" site_id="128" xmltv_id="MTV">MTV</channel>
    <channel update="i" site="moustique.be" site_id="243" xmltv_id="National Geographic">National Geographic</channel>
    <channel update="i" site="moustique.be" site_id="1968" xmltv_id="Nickelodéon Wallonia">Nickelodéon Wallonia</channel>
    <channel update="i" site="moustique.be" site_id="1833" xmltv_id="NoTélé">NoTélé</channel>
    <channel update="i" site="moustique.be" site_id="910" xmltv_id="NPO1">NPO1</channel>
    <channel update="i" site="moustique.be" site_id="911" xmltv_id="NPO2">NPO2</channel>
    <channel update="i" site="moustique.be" site_id="912" xmltv_id="NPO3">NPO3</channel>
    <channel update="i" site="moustique.be" site_id="147" xmltv_id="Planète+">Planète+</channel>
    <channel update="i" site="moustique.be" site_id="377" xmltv_id="Plug RTL">Plug RTL</channel>
    <channel update="i" site="moustique.be" site_id="108" xmltv_id="Q2">Q2</channel>
    <channel update="i" site="moustique.be" site_id="156" xmltv_id="Rai Uno">Rai Uno</channel>
    <channel update="i" site="moustique.be" site_id="390" xmltv_id="RTC Télé Liège">RTC Télé Liège</channel>
    <channel update="i" site="moustique.be" site_id="166" xmltv_id="RTL Télévision">RTL Télévision</channel>
    <channel update="i" site="moustique.be" site_id="168" xmltv_id="RTL TVI">RTL TVI</channel>
    <channel update="i" site="moustique.be" site_id="169" xmltv_id="RTPI">RTPI</channel>
    <channel update="i" site="moustique.be" site_id="833" xmltv_id="Sundance TV">Sundance TV</channel>
    <channel update="i" site="moustique.be" site_id="182" xmltv_id="SWR">SWR</channel>
    <channel update="i" site="moustique.be" site_id="479" xmltv_id="Syfy">Syfy</channel>
    <channel update="i" site="moustique.be" site_id="185" xmltv_id="TCM Cinéma">TCM Cinéma</channel>
    <channel update="i" site="moustique.be" site_id="387" xmltv_id="Télé MB">Télé MB</channel>
    <channel update="i" site="moustique.be" site_id="383" xmltv_id="Télé Sambre">Télé Sambre</channel>
    <channel update="i" site="moustique.be" site_id="192" xmltv_id="TF1">TF1</channel>
    <channel update="i" site="moustique.be" site_id="7" xmltv_id="Toute l'histoire">Toute l'histoire</channel>
    <channel update="i" site="moustique.be" site_id="385" xmltv_id="TV COM">TV COM</channel>
    <channel update="i" site="moustique.be" site_id="392" xmltv_id="TV Lux">TV Lux</channel>
    <channel update="i" site="moustique.be" site_id="205" xmltv_id="TV5MONDE">TV5MONDE</channel>
    <channel update="i" site="moustique.be" site_id="232" xmltv_id="TV5MONDE Europe">TV5MONDE Europe</channel>
    <channel update="i" site="moustique.be" site_id="225" xmltv_id="TvBreizh">TvBreizh</channel>
    <channel update="i" site="moustique.be" site_id="208" xmltv_id="TVE">TVE</channel>
    <channel update="i" site="moustique.be" site_id="451" xmltv_id="Ushuaïa TV">Ushuaïa TV</channel>
    <channel update="i" site="moustique.be" site_id="391" xmltv_id="Vedia">Vedia</channel>
    <channel update="i" site="moustique.be" site_id="214" xmltv_id="Vier">Vier</channel>
    <channel update="i" site="moustique.be" site_id="691" xmltv_id="Vijf">Vijf</channel>
    <channel update="i" site="moustique.be" site_id="914" xmltv_id="Vitaya">Vitaya</channel>
    <channel update="i" site="moustique.be" site_id="659" xmltv_id="Vivolta">Vivolta</channel>
    <channel update="i" site="moustique.be" site_id="413" xmltv_id="VOOsport World 1">VOOsport World 1</channel>
    <channel update="i" site="moustique.be" site_id="414" xmltv_id="VOOsport World 2">VOOsport World 2</channel>
    <channel update="i" site="moustique.be" site_id="212" xmltv_id="Voyage">Voyage</channel>
    <channel update="i" site="moustique.be" site_id="215" xmltv_id="VTM">VTM</channel>
    <channel update="i" site="moustique.be" site_id="1292" xmltv_id="VTMKZOOM">VTMKZOOM</channel>
    <channel update="i" site="moustique.be" site_id="217" xmltv_id="WDR">WDR</channel>
    <channel update="i" site="moustique.be" site_id="219" xmltv_id="ZDF">ZDF</channel>
    <channel update="i" site="moustique.be" site_id="2" xmltv_id="13eme RUE">13eme RUE</channel>
    <channel update="i" site="moustique.be" site_id="254" xmltv_id="AB 3">AB 3</channel>
    <channel update="i" site="moustique.be" site_id="303" xmltv_id="ABXPLORE">ABXPLORE</channel>
    <channel update="i" site="moustique.be" site_id="897" xmltv_id="Acht">Acht</channel>
    <channel update="i" site="moustique.be" site_id="10" xmltv_id="Action">Action</channel>
    <channel update="i" site="moustique.be" site_id="935" xmltv_id="Actua-TV">Actua-TV</channel>
    <channel update="i" site="moustique.be" site_id="388" xmltv_id="ACTV">ACTV</channel>
    <channel update="i" site="moustique.be" site_id="12" xmltv_id="Animaux">Animaux</channel>
    <channel update="i" site="moustique.be" site_id="13" xmltv_id="ARD">ARD</channel>
    <channel update="i" site="moustique.be" site_id="2544" xmltv_id="Arte Belgique">Arte Belgique</channel>
    <channel update="i" site="moustique.be" site_id="16" xmltv_id="BBC 1">BBC 1</channel>
    <channel update="i" site="moustique.be" site_id="17" xmltv_id="BBC 2">BBC 2</channel>
    <channel update="i" site="moustique.be" site_id="29" xmltv_id="BE 1">BE 1</channel>
    <channel update="i" site="moustique.be" site_id="417" xmltv_id="Be Ciné">Be Ciné</channel>
    <channel update="i" site="moustique.be" site_id="418" xmltv_id="Be Séries">Be Séries</channel>
    <channel update="i" site="moustique.be" site_id="382" xmltv_id="BX1">BX1</channel>
    <channel update="i" site="moustique.be" site_id="389" xmltv_id="Canal C">Canal C</channel>
    <channel update="i" site="moustique.be" site_id="386" xmltv_id="Canal Zoom">Canal Zoom</channel>
    <channel update="i" site="moustique.be" site_id="24" xmltv_id="Canvas">Canvas</channel>
    <channel update="i" site="moustique.be" site_id="36" xmltv_id="Cartoon Network">Cartoon Network</channel>
    <channel update="i" site="moustique.be" site_id="38" xmltv_id="Chasse et pêche">Chasse et pêche</channel>
    <channel update="i" site="moustique.be" site_id="287" xmltv_id="Ciné+ Classic">Ciné+ Classic</channel>
    <channel update="i" site="moustique.be" site_id="437" xmltv_id="Ciné+ Classic Belgique">Ciné+ Classic Belgique</channel>
    <channel update="i" site="moustique.be" site_id="283" xmltv_id="Ciné+ Emotion">Ciné+ Emotion</channel>
    <channel update="i" site="moustique.be" site_id="317" xmltv_id="Ciné+ Frisson Belgique">Ciné+ Frisson Belgique</channel>
    <channel update="i" site="moustique.be" site_id="282" xmltv_id="Ciné+ Premier">Ciné+ Premier</channel>
    <channel update="i" site="moustique.be" site_id="294" xmltv_id="Ciné+ Premier Belgique">Ciné+ Premier Belgique</channel>
    <channel update="i" site="moustique.be" site_id="50" xmltv_id="Club RTL">Club RTL</channel>
    <channel update="i" site="moustique.be" site_id="54" xmltv_id="Comédie+">Comédie+</channel>
    <channel update="i" site="moustique.be" site_id="400" xmltv_id="Discovery Channel">Discovery Channel</channel>
    <channel update="i" site="moustique.be" site_id="1967" xmltv_id="Disney Channel Wallonia">Disney Channel Wallonia</channel>
    <channel update="i" site="moustique.be" site_id="652" xmltv_id="Disney Cinema">Disney Cinema</channel>
    <channel update="i" site="moustique.be" site_id="79" xmltv_id="Disney XD">Disney XD</channel>
    <channel update="i" site="moustique.be" site_id="405" xmltv_id="E !">E !</channel>
    <channel update="i" site="moustique.be" site_id="23" xmltv_id="één">één</channel>
    <channel update="i" site="moustique.be" site_id="403" xmltv_id="ElleGirl">ElleGirl</channel>
    <channel update="i" site="moustique.be" site_id="76" xmltv_id="Eurosport 1">Eurosport 1</channel>
    <channel update="i" site="moustique.be" site_id="439" xmltv_id="Eurosport 2">Eurosport 2</channel>
    <channel update="i" site="moustique.be" site_id="4" xmltv_id="France 2">France 2</channel>
    <channel update="i" site="moustique.be" site_id="80" xmltv_id="France 3">France 3</channel>
    <channel update="i" site="moustique.be" site_id="78" xmltv_id="France 4">France 4</channel>
    <channel update="i" site="moustique.be" site_id="47" xmltv_id="France 5">France 5</channel>
    <channel update="i" site="moustique.be" site_id="160" xmltv_id="France Ô">France Ô</channel>
    <channel update="i" site="moustique.be" site_id="482" xmltv_id="Gulli">Gulli</channel>
    <channel update="i" site="moustique.be" site_id="88" xmltv_id="Histoire">Histoire</channel>
    <channel update="i" site="moustique.be" site_id="939" xmltv_id="Kanaal Z">Kanaal Z</channel>
    <channel update="i" site="moustique.be" site_id="1280" xmltv_id="Ketnet">Ketnet</channel>
    <channel update="i" site="moustique.be" site_id="187" xmltv_id="La Deux">La Deux</channel>
    <channel update="i" site="moustique.be" site_id="892" xmltv_id="La Trois">La Trois</channel>
    <channel update="i" site="moustique.be" site_id="164" xmltv_id="La Une">La Une</channel>
    <channel update="i" site="moustique.be" site_id="118" xmltv_id="M6">M6</channel>
    <channel update="i" site="moustique.be" site_id="393" xmltv_id="MAtélé">MAtélé</channel>
    <channel update="i" site="moustique.be" site_id="125" xmltv_id="Mezzo">Mezzo</channel>
    <channel update="i" site="moustique.be" site_id="128" xmltv_id="MTV">MTV</channel>
    <channel update="i" site="moustique.be" site_id="243" xmltv_id="National Geographic">National Geographic</channel>
    <channel update="i" site="moustique.be" site_id="1968" xmltv_id="Nickelodéon Wallonia">Nickelodéon Wallonia</channel>
    <channel update="i" site="moustique.be" site_id="1833" xmltv_id="NoTélé">NoTélé</channel>
    <channel update="i" site="moustique.be" site_id="910" xmltv_id="NPO1">NPO1</channel>
    <channel update="i" site="moustique.be" site_id="911" xmltv_id="NPO2">NPO2</channel>
    <channel update="i" site="moustique.be" site_id="912" xmltv_id="NPO3">NPO3</channel>
    <channel update="i" site="moustique.be" site_id="147" xmltv_id="Planète+">Planète+</channel>
    <channel update="i" site="moustique.be" site_id="377" xmltv_id="Plug RTL">Plug RTL</channel>
    <channel update="i" site="moustique.be" site_id="108" xmltv_id="Q2">Q2</channel>
    <channel update="i" site="moustique.be" site_id="156" xmltv_id="Rai Uno">Rai Uno</channel>
    <channel update="i" site="moustique.be" site_id="390" xmltv_id="RTC Télé Liège">RTC Télé Liège</channel>
    <channel update="i" site="moustique.be" site_id="166" xmltv_id="RTL Télévision">RTL Télévision</channel>
    <channel update="i" site="moustique.be" site_id="168" xmltv_id="RTL TVI">RTL TVI</channel>
    <channel update="i" site="moustique.be" site_id="169" xmltv_id="RTPI">RTPI</channel>
    <channel update="i" site="moustique.be" site_id="833" xmltv_id="Sundance TV">Sundance TV</channel>
    <channel update="i" site="moustique.be" site_id="182" xmltv_id="SWR">SWR</channel>
    <channel update="i" site="moustique.be" site_id="479" xmltv_id="Syfy">Syfy</channel>
    <channel update="i" site="moustique.be" site_id="185" xmltv_id="TCM Cinéma">TCM Cinéma</channel>
    <channel update="i" site="moustique.be" site_id="387" xmltv_id="Télé MB">Télé MB</channel>
    <channel update="i" site="moustique.be" site_id="383" xmltv_id="Télé Sambre">Télé Sambre</channel>
    <channel update="i" site="moustique.be" site_id="192" xmltv_id="TF1">TF1</channel>
    <channel update="i" site="moustique.be" site_id="7" xmltv_id="Toute l'histoire">Toute l'histoire</channel>
    <channel update="i" site="moustique.be" site_id="385" xmltv_id="TV COM">TV COM</channel>
    <channel update="i" site="moustique.be" site_id="392" xmltv_id="TV Lux">TV Lux</channel>
    <channel update="i" site="moustique.be" site_id="205" xmltv_id="TV5MONDE">TV5MONDE</channel>
    <channel update="i" site="moustique.be" site_id="232" xmltv_id="TV5MONDE Europe">TV5MONDE Europe</channel>
    <channel update="i" site="moustique.be" site_id="225" xmltv_id="TvBreizh">TvBreizh</channel>
    <channel update="i" site="moustique.be" site_id="208" xmltv_id="TVE">TVE</channel>
    <channel update="i" site="moustique.be" site_id="451" xmltv_id="Ushuaïa TV">Ushuaïa TV</channel>
    <channel update="i" site="moustique.be" site_id="391" xmltv_id="Vedia">Vedia</channel>
    <channel update="i" site="moustique.be" site_id="214" xmltv_id="Vier">Vier</channel>
    <channel update="i" site="moustique.be" site_id="691" xmltv_id="Vijf">Vijf</channel>
    <channel update="i" site="moustique.be" site_id="914" xmltv_id="Vitaya">Vitaya</channel>
    <channel update="i" site="moustique.be" site_id="659" xmltv_id="Vivolta">Vivolta</channel>
    <channel update="i" site="moustique.be" site_id="413" xmltv_id="VOOsport World 1">VOOsport World 1</channel>
    <channel update="i" site="moustique.be" site_id="414" xmltv_id="VOOsport World 2">VOOsport World 2</channel>
    <channel update="i" site="moustique.be" site_id="212" xmltv_id="Voyage">Voyage</channel>
    <channel update="i" site="moustique.be" site_id="215" xmltv_id="VTM">VTM</channel>
    <channel update="i" site="moustique.be" site_id="1292" xmltv_id="VTMKZOOM">VTMKZOOM</channel>
    <channel update="i" site="moustique.be" site_id="217" xmltv_id="WDR">WDR</channel>
    <channel update="i" site="moustique.be" site_id="219" xmltv_id="ZDF">ZDF</channel>
  </channels>
</site>
