﻿<?xml version="1.0" encoding="UTF-8"?>
<site generator-info-name="WebGrab+Plus/w MDB &amp; REX Postprocess -- version V3.1.3.3 -- Jan van Straaten" site="cosmote.gr">
  <channels>
    <channel update="i" site="cosmote.gr" site_id="boule" xmltv_id="ΒΟΥΛΗ">ΒΟΥΛΗ</channel>
    <channel update="i" site="cosmote.gr" site_id="ert1" xmltv_id="ΕΡΤ1">ΕΡΤ1</channel>
    <channel update="i" site="cosmote.gr" site_id="ert2" xmltv_id="ΕΡΤ2">ΕΡΤ2</channel>
    <channel update="i" site="cosmote.gr" site_id="ert3" xmltv_id="ΕΡΤ3">ΕΡΤ3</channel>
    <channel update="i" site="cosmote.gr" site_id="ert-hd" xmltv_id="ΕΡΤ SPORTS HD">ΕΡΤ SPORTS HD</channel>
    <channel update="i" site="cosmote.gr" site_id="ant1" xmltv_id="ANT1 HD">ANT1 HD</channel>
    <channel update="i" site="cosmote.gr" site_id="alpha" xmltv_id="ALPHA HD">ALPHA HD</channel>
    <channel update="i" site="cosmote.gr" site_id="star" xmltv_id="STAR HD">STAR HD</channel>
    <channel update="i" site="cosmote.gr" site_id="skai" xmltv_id="ΣΚΑΪ HD">ΣΚΑΪ HD</channel>
    <channel update="i" site="cosmote.gr" site_id="makedonia-tv" xmltv_id="Μακεδονία TV HD">Μακεδονία TV HD</channel>
    <channel update="i" site="cosmote.gr" site_id="mega-hd" xmltv_id="MEGA HD">MEGA HD</channel>
    <channel update="i" site="cosmote.gr" site_id="one-channel" xmltv_id="ONE Channel HD">ONE Channel HD</channel>
    <channel update="i" site="cosmote.gr" site_id="euronews" xmltv_id="Euronews Greek">Euronews Greek</channel>
    <channel update="i" site="cosmote.gr" site_id="epsilon-tv" xmltv_id="OPEN BEYOND HD">OPEN BEYOND HD</channel>
    <channel update="i" site="cosmote.gr" site_id="ote-history" xmltv_id="COSMOTE HISTORY HD">COSMOTE HISTORY HD</channel>
    <channel update="i" site="cosmote.gr" site_id="cosmote-cinema-marvel-studios-hd" xmltv_id="COSMOTE CINEMA MARVEL STUDIOS HD">COSMOTE CINEMA MARVEL STUDIOS HD</channel>
    <channel update="i" site="cosmote.gr" site_id="ote-cinema-1" xmltv_id="COSMOTE CINEMA 1HD">COSMOTE CINEMA 1HD</channel>
    <channel update="i" site="cosmote.gr" site_id="ote-cinema-2-hd" xmltv_id="COSMOTE CINEMA 2 HD">COSMOTE CINEMA 2 HD</channel>
    <channel update="i" site="cosmote.gr" site_id="ote-cinema-3" xmltv_id="COSMOTE CINEMA 3">COSMOTE CINEMA 3</channel>
    <channel update="i" site="cosmote.gr" site_id="ote-cinema-4" xmltv_id="COSMOTE SERIES HD">COSMOTE SERIES HD</channel>
    <channel update="i" site="cosmote.gr" site_id="cosmote-series-marath-1" xmltv_id="COSMOTE SERIES MARATHON">COSMOTE SERIES MARATHON</channel>
    <channel update="i" site="cosmote.gr" site_id="village-cinema-hd" xmltv_id="Village Cinema HD">Village Cinema HD</channel>
    <channel update="i" site="cosmote.gr" site_id="tcm" xmltv_id="TCM HD">TCM HD</channel>
    <channel update="i" site="cosmote.gr" site_id="fox-hd" xmltv_id="FOX HD">FOX HD</channel>
    <channel update="i" site="cosmote.gr" site_id="foxlife-hd" xmltv_id="FOX Life HD">FOX Life HD</channel>
    <channel update="i" site="cosmote.gr" site_id="e-hd" xmltv_id="E! HD">E! HD</channel>
    <channel update="i" site="cosmote.gr" site_id="ote-sport-highlights-hd" xmltv_id="COSMOTE SPORT HIGHLIGHTS HD">COSMOTE SPORT HIGHLIGHTS HD</channel>
    <channel update="i" site="cosmote.gr" site_id="ote-sport-1-hd" xmltv_id="COSMOTE SPORT 1HD">COSMOTE SPORT 1HD</channel>
    <channel update="i" site="cosmote.gr" site_id="ote-sport-2-hd" xmltv_id="COSMOTE SPORT 2HD">COSMOTE SPORT 2HD</channel>
    <channel update="i" site="cosmote.gr" site_id="ote-sport-3-hd" xmltv_id="COSMOTE SPORT 3HD">COSMOTE SPORT 3HD</channel>
    <channel update="i" site="cosmote.gr" site_id="ote-sport-4-hd" xmltv_id="COSMOTE SPORT 4HD">COSMOTE SPORT 4HD</channel>
    <channel update="i" site="cosmote.gr" site_id="ote-sport-5-hd" xmltv_id="COSMOTE SPORT 5HD">COSMOTE SPORT 5HD</channel>
    <channel update="i" site="cosmote.gr" site_id="ote-sport-6-hd" xmltv_id="COSMOTE SPORT 6HD">COSMOTE SPORT 6HD</channel>
    <channel update="i" site="cosmote.gr" site_id="ote-sport-7-hd" xmltv_id="COSMOTE SPORT 7HD">COSMOTE SPORT 7HD</channel>
    <channel update="i" site="cosmote.gr" site_id="ote-sport-8-hd" xmltv_id="COSMOTE SPORT 8HD">COSMOTE SPORT 8HD</channel>
    <channel update="i" site="cosmote.gr" site_id="cosmotesport9hd" xmltv_id="COSMOTE SPORT 9HD">COSMOTE SPORT 9HD</channel>
    <channel update="i" site="cosmote.gr" site_id="edgesport-hd" xmltv_id="EDGEsport HD">EDGEsport HD</channel>
    <channel update="i" site="cosmote.gr" site_id="outdoor-channel-hd" xmltv_id="Outdoor Channel HD">Outdoor Channel HD</channel>
    <channel update="i" site="cosmote.gr" site_id="ginx-esports" xmltv_id="GINX eSports">GINX eSports</channel>
    <channel update="i" site="cosmote.gr" site_id="nautical-channel-hd" xmltv_id="Nautical Channel HD">Nautical Channel HD</channel>
    <channel update="i" site="cosmote.gr" site_id="motorvision-channel-hd" xmltv_id="Motorvision Channel HD">Motorvision Channel HD</channel>
    <channel update="i" site="cosmote.gr" site_id="national-geographic" xmltv_id="National Geographic HD">National Geographic HD</channel>
    <channel update="i" site="cosmote.gr" site_id="nat-geo-wild-hd" xmltv_id="Nat Geo Wild HD">Nat Geo Wild HD</channel>
    <channel update="i" site="cosmote.gr" site_id="bbc-earth-hd" xmltv_id="BBC Earth HD">BBC Earth HD</channel>
    <channel update="i" site="cosmote.gr" site_id="viasat-history" xmltv_id="Viasat History">Viasat History</channel>
    <channel update="i" site="cosmote.gr" site_id="viasat-natu-1" xmltv_id="Viasat Nature">Viasat Nature</channel>
    <channel update="i" site="cosmote.gr" site_id="viasat-explo-1" xmltv_id="Viasat Explore">Viasat Explore</channel>
    <channel update="i" site="cosmote.gr" site_id="travel-channel-hd" xmltv_id="Travel Channel HD">Travel Channel HD</channel>
    <channel update="i" site="cosmote.gr" site_id="crime-and-investigation" xmltv_id="Crime and Investigation">Crime and Investigation</channel>
    <channel update="i" site="cosmote.gr" site_id="food-netwo-1" xmltv_id="Food Network">Food Network</channel>
    <channel update="i" site="cosmote.gr" site_id="fine-living" xmltv_id="Fine Living">Fine Living</channel>
    <channel update="i" site="cosmote.gr" site_id="cbs-reality" xmltv_id="CBS Reality">CBS Reality</channel>
    <channel update="i" site="cosmote.gr" site_id="luxe-tv-hd" xmltv_id="Luxe TV HD">Luxe TV HD</channel>
    <channel update="i" site="cosmote.gr" site_id="fashion-tv" xmltv_id="FTV HD">FTV HD</channel>
    <channel update="i" site="cosmote.gr" site_id="body-in-balance" xmltv_id="Body in Balance">Body in Balance</channel>
    <channel update="i" site="cosmote.gr" site_id="mad" xmltv_id="MAD Viral HD">MAD Viral HD</channel>
    <channel update="i" site="cosmote.gr" site_id="mad-hits" xmltv_id="MAD">MAD</channel>
    <channel update="i" site="cosmote.gr" site_id="mtv-europe" xmltv_id="MTV Europe">MTV Europe</channel>
    <channel update="i" site="cosmote.gr" site_id="mtv-live-hd" xmltv_id="MTV Live HD">MTV Live HD</channel>
    <channel update="i" site="cosmote.gr" site_id="vh1" xmltv_id="VH1">VH1</channel>
    <channel update="i" site="cosmote.gr" site_id="mezzo" xmltv_id="MEZZO LIVE HD">MEZZO LIVE HD</channel>
    <channel update="i" site="cosmote.gr" site_id="c-music-tv" xmltv_id="Stingray CMusic">Stingray CMusic</channel>
    <channel update="i" site="cosmote.gr" site_id="iconcerts-hd" xmltv_id="Stingray iConcerts">Stingray iConcerts</channel>
    <channel update="i" site="cosmote.gr" site_id="disney-channel" xmltv_id="Disney Channel">Disney Channel</channel>
    <channel update="i" site="cosmote.gr" site_id="disney-xd" xmltv_id="Disney XD">Disney XD</channel>
    <channel update="i" site="cosmote.gr" site_id="disney-junior" xmltv_id="Disney Junior">Disney Junior</channel>
    <channel update="i" site="cosmote.gr" site_id="nickelodeon-hd" xmltv_id="Nickelodeon HD">Nickelodeon HD</channel>
    <channel update="i" site="cosmote.gr" site_id="baby-tv" xmltv_id="Baby TV">Baby TV</channel>
    <channel update="i" site="cosmote.gr" site_id="smile-tv" xmltv_id="Smile TV">Smile TV</channel>
    <channel update="i" site="cosmote.gr" site_id="action-1" xmltv_id="Action 24">Action 24</channel>
    <channel update="i" site="cosmote.gr" site_id="aigaio-tv" xmltv_id="Αιγαίο TV">Αιγαίο TV</channel>
    <channel update="i" site="cosmote.gr" site_id="zoom-tv" xmltv_id="α.Epsilon">α.Epsilon</channel>
    <channel update="i" site="cosmote.gr" site_id="alert" xmltv_id="Atlas TV">Atlas TV</channel>
    <channel update="i" site="cosmote.gr" site_id="epeiros-tv1" xmltv_id="Βεργίνα TV">Βεργίνα TV</channel>
    <channel update="i" site="cosmote.gr" site_id="kontra-channel" xmltv_id="CRETA">CRETA</channel>
    <channel update="i" site="cosmote.gr" site_id="tv100" xmltv_id="ENA Channel">ENA Channel</channel>
    <channel update="i" site="cosmote.gr" site_id="4e" xmltv_id="4Ε">4Ε</channel>
    <channel update="i" site="cosmote.gr" site_id="nea-teleorase-kretes" xmltv_id="Κρήτη Νέα Τηλεόραση">Κρήτη Νέα Τηλεόραση</channel>
    <channel update="i" site="cosmote.gr" site_id="krete-tv" xmltv_id="ΚΡΗΤΗ TV">ΚΡΗΤΗ TV</channel>
    <channel update="i" site="cosmote.gr" site_id="star-kentrikes-elladas" xmltv_id="Star Κεντρικής Ελλάδας">Star Κεντρικής Ελλάδας</channel>
    <channel update="i" site="cosmote.gr" site_id="cnn" xmltv_id="CNN">CNN</channel>
    <channel update="i" site="cosmote.gr" site_id="bbc-world-news" xmltv_id="BBC World News">BBC World News</channel>
    <channel update="i" site="cosmote.gr" site_id="deutsche-welle" xmltv_id="DW">DW</channel>
    <channel update="i" site="cosmote.gr" site_id="france-24-en" xmltv_id="France 24 En">France 24 En</channel>
    <channel update="i" site="cosmote.gr" site_id="france-24-fr" xmltv_id="France 24 Fr">France 24 Fr</channel>
    <channel update="i" site="cosmote.gr" site_id="al-jazeera" xmltv_id="Al Jazeera">Al Jazeera</channel>
    <channel update="i" site="cosmote.gr" site_id="russia-today" xmltv_id="RT">RT</channel>
    <channel update="i" site="cosmote.gr" site_id="bloomberg" xmltv_id="Bloomberg">Bloomberg</channel>
    <channel update="i" site="cosmote.gr" site_id="cnbc" xmltv_id="CNBC">CNBC</channel>
    <channel update="i" site="cosmote.gr" site_id="euronews-english" xmltv_id="Euronews English">Euronews English</channel>
    <channel update="i" site="cosmote.gr" site_id="blue-hustler" xmltv_id="Blue Hustler">Blue Hustler</channel>
    <channel update="i" site="cosmote.gr" site_id="sirina-tv" xmltv_id="Sirina TV">Sirina TV</channel>
    <channel update="i" site="cosmote.gr" site_id="penthouse-hd1" xmltv_id="Penthouse Gold">Penthouse Gold</channel>
    <channel update="i" site="cosmote.gr" site_id="hustler-tv-hd" xmltv_id="Hustler TV HD">Hustler TV HD</channel>
    <channel update="i" site="cosmote.gr" site_id="private-tv" xmltv_id="Private TV">Private TV</channel>
  </channels>
</site>