﻿<?xml version="1.0" encoding="UTF-8"?>
<site generator-info-name="WebGrab+Plus/w MDB &amp; REX Postprocess -- version V3.1.3.3 -- Jan van Straaten" site="ishow.gr">
  <channels>
    <channel update="i" site="ishow.gr" site_id="2" xmltv_id="ANT1">ANT1</channel>
    <channel update="i" site="ishow.gr" site_id="1" xmltv_id="MEGA">MEGA</channel>
    <channel update="i" site="ishow.gr" site_id="123" xmltv_id="ΕΡΤ1">ΕΡΤ1</channel>
    <channel update="i" site="ishow.gr" site_id="43" xmltv_id="Μακεδονία TV">Μακεδονία TV</channel>
    <channel update="i" site="ishow.gr" site_id="52" xmltv_id="BBC World">BBC World</channel>
    <channel update="i" site="ishow.gr" site_id="88" xmltv_id="4Ε">4Ε</channel>
    <channel update="i" site="ishow.gr" site_id="9" xmltv_id="ΣΚΑΙ">ΣΚΑΙ</channel>
    <channel update="i" site="ishow.gr" site_id="122" xmltv_id="Open Beyond TV">Open Beyond TV</channel>
    <channel update="i" site="ishow.gr" site_id="12" xmltv_id="MAD">MAD</channel>
    <channel update="i" site="ishow.gr" site_id="10" xmltv_id="ΒΟΥΛΗ">ΒΟΥΛΗ</channel>
    <channel update="i" site="ishow.gr" site_id="87" xmltv_id="Zoom TV">Zoom TV</channel>
    <channel update="i" site="ishow.gr" site_id="111" xmltv_id="Deutsche Welle">Deutsche Welle</channel>
    <channel update="i" site="ishow.gr" site_id="3" xmltv_id="ALPHA">ALPHA</channel>
    <channel update="i" site="ishow.gr" site_id="124" xmltv_id="ΕΡΤ2">ΕΡΤ2</channel>
    <channel update="i" site="ishow.gr" site_id="74" xmltv_id="Kontra Channel">Kontra Channel</channel>
    <channel update="i" site="ishow.gr" site_id="29" xmltv_id="MTV">MTV</channel>
    <channel update="i" site="ishow.gr" site_id="104" xmltv_id="Action24">Action24</channel>
    <channel update="i" site="ishow.gr" site_id="4" xmltv_id="STAR">STAR</channel>
    <channel update="i" site="ishow.gr" site_id="127" xmltv_id="ΕΡΤ HD">ΕΡΤ HD</channel>
    <channel update="i" site="ishow.gr" site_id="85" xmltv_id="Body in Balance">Body in Balance</channel>
    <channel update="i" site="ishow.gr" site_id="64" xmltv_id="Cosmote Cinema 1 HD">Cosmote Cinema 1 HD</channel>
    <channel update="i" site="ishow.gr" site_id="31" xmltv_id="novacinema1">novacinema1</channel>
    <channel update="i" site="ishow.gr" site_id="77" xmltv_id="Village Cinema HD">Village Cinema HD</channel>
    <channel update="i" site="ishow.gr" site_id="65" xmltv_id="Cosmote Cinema 2 HD">Cosmote Cinema 2 HD</channel>
    <channel update="i" site="ishow.gr" site_id="32" xmltv_id="novacinema2">novacinema2</channel>
    <channel update="i" site="ishow.gr" site_id="105" xmltv_id="novalifε">novalifε</channel>
    <channel update="i" site="ishow.gr" site_id="66" xmltv_id="Cosmote Cinema 3">Cosmote Cinema 3</channel>
    <channel update="i" site="ishow.gr" site_id="33" xmltv_id="novacinema3">novacinema3</channel>
    <channel update="i" site="ishow.gr" site_id="24" xmltv_id="FOXlife">FOXlife</channel>
    <channel update="i" site="ishow.gr" site_id="135" xmltv_id="Cosmote Cinema 4 HD">Cosmote Cinema 4 HD</channel>
    <channel update="i" site="ishow.gr" site_id="61" xmltv_id="novacinema4">novacinema4</channel>
    <channel update="i" site="ishow.gr" site_id="63" xmltv_id="Fox">Fox</channel>
    <channel update="i" site="ishow.gr" site_id="99" xmltv_id="National Geographic HD">National Geographic HD</channel>
    <channel update="i" site="ishow.gr" site_id="129" xmltv_id="Viasat History">Viasat History</channel>
    <channel update="i" site="ishow.gr" site_id="20" xmltv_id="Discovery">Discovery</channel>
    <channel update="i" site="ishow.gr" site_id="103" xmltv_id="Discovery Showcase HD">Discovery Showcase HD</channel>
    <channel update="i" site="ishow.gr" site_id="72" xmltv_id="NatGeo Wild">NatGeo Wild</channel>
    <channel update="i" site="ishow.gr" site_id="83" xmltv_id="Travel Channel HD">Travel Channel HD</channel>
    <channel update="i" site="ishow.gr" site_id="17" xmltv_id="Animal Planet">Animal Planet</channel>
    <channel update="i" site="ishow.gr" site_id="55" xmltv_id="VH1">VH1</channel>
    <channel update="i" site="ishow.gr" site_id="107" xmltv_id="Mad Hits">Mad Hits</channel>
    <channel update="i" site="ishow.gr" site_id="108" xmltv_id="C Music TV">C Music TV</channel>
    <channel update="i" site="ishow.gr" site_id="54" xmltv_id="MAD Greekζ">MAD Greekζ</channel>
    <channel update="i" site="ishow.gr" site_id="109" xmltv_id="iConcerts HD">iConcerts HD</channel>
    <channel update="i" site="ishow.gr" site_id="139" xmltv_id="Nickelodeon">Nickelodeon</channel>
    <channel update="i" site="ishow.gr" site_id="48" xmltv_id="Disney Channel">Disney Channel</channel>
    <channel update="i" site="ishow.gr" site_id="47" xmltv_id="Disney XD">Disney XD</channel>
    <channel update="i" site="ishow.gr" site_id="118" xmltv_id="Baby TV">Baby TV</channel>
    <channel update="i" site="ishow.gr" site_id="18" xmltv_id="Boomerang">Boomerang</channel>
    <channel update="i" site="ishow.gr" site_id="67" xmltv_id="Cosmote Sport 1 HD">Cosmote Sport 1 HD</channel>
    <channel update="i" site="ishow.gr" site_id="121" xmltv_id="Cosmote Sport 5 HD">Cosmote Sport 5 HD</channel>
    <channel update="i" site="ishow.gr" site_id="38" xmltv_id="novasports3">novasports3</channel>
    <channel update="i" site="ishow.gr" site_id="140" xmltv_id="Nautilcal Channel">Nautilcal Channel</channel>
    <channel update="i" site="ishow.gr" site_id="68" xmltv_id="Cosmote Sport 2 HD">Cosmote Sport 2 HD</channel>
    <channel update="i" site="ishow.gr" site_id="130" xmltv_id="Cosmote Sport 6 HD">Cosmote Sport 6 HD</channel>
    <channel update="i" site="ishow.gr" site_id="39" xmltv_id="novasports4">novasports4</channel>
    <channel update="i" site="ishow.gr" site_id="91" xmltv_id="Motorvision Channel">Motorvision Channel</channel>
    <channel update="i" site="ishow.gr" site_id="69" xmltv_id="Cosmote Sport 3 HD">Cosmote Sport 3 HD</channel>
    <channel update="i" site="ishow.gr" site_id="34" xmltv_id="novasports1">novasports1</channel>
    <channel update="i" site="ishow.gr" site_id="22" xmltv_id="Eurosport">Eurosport</channel>
    <channel update="i" site="ishow.gr" site_id="133" xmltv_id="EDGEsport HD">EDGEsport HD</channel>
    <channel update="i" site="ishow.gr" site_id="70" xmltv_id="Cosmote Sport 4 HD">Cosmote Sport 4 HD</channel>
    <channel update="i" site="ishow.gr" site_id="37" xmltv_id="novasports2">novasports2</channel>
    <channel update="i" site="ishow.gr" site_id="23" xmltv_id="Eurosport2">Eurosport2</channel>
    <channel update="i" site="ishow.gr" site_id="131" xmltv_id="Cosmote Sport 7 HD">Cosmote Sport 7 HD</channel>
    <channel update="i" site="ishow.gr" site_id="132" xmltv_id="Cosmote Sport 8 HD">Cosmote Sport 8 HD</channel>
    <channel update="i" site="ishow.gr" site_id="51" xmltv_id="CNN International">CNN International</channel>
    <channel update="i" site="ishow.gr" site_id="112" xmltv_id="France 24">France 24</channel>
    <channel update="i" site="ishow.gr" site_id="53" xmltv_id="Bloomberg">Bloomberg</channel>
    <channel update="i" site="ishow.gr" site_id="113" xmltv_id="Al Jazeera">Al Jazeera</channel>
    <channel update="i" site="ishow.gr" site_id="115" xmltv_id="CNBC">CNBC</channel>
    <channel update="i" site="ishow.gr" site_id="114" xmltv_id="Russia Today">Russia Today</channel>
    <channel update="i" site="ishow.gr" site_id="110" xmltv_id="euronews">euronews</channel>
    <channel update="i" site="ishow.gr" site_id="21" xmltv_id="E! Entertainment">E! Entertainment</channel>
    <channel update="i" site="ishow.gr" site_id="25" xmltv_id="Cosmote History">Cosmote History</channel>
    <channel update="i" site="ishow.gr" site_id="142" xmltv_id="Viasat Nature">Viasat Nature</channel>
    <channel update="i" site="ishow.gr" site_id="137" xmltv_id="BBC Earth">BBC Earth</channel>
    <channel update="i" site="ishow.gr" site_id="138" xmltv_id="Food Network">Food Network</channel>
    <channel update="i" site="ishow.gr" site_id="143" xmltv_id="Viasat Explore">Viasat Explore</channel>
    <channel update="i" site="ishow.gr" site_id="144" xmltv_id="Crime + Investigation">Crime + Investigation</channel>
    <channel update="i" site="ishow.gr" site_id="145" xmltv_id="Fine Living">Fine Living</channel>
    <channel update="i" site="ishow.gr" site_id="146" xmltv_id="CBS Reality">CBS Reality</channel>
    <channel update="i" site="ishow.gr" site_id="71" xmltv_id="Fashion TV">Fashion TV</channel>
    <channel update="i" site="ishow.gr" site_id="136" xmltv_id="Luxe TV HD">Luxe TV HD</channel>
  </channels>
</site>