﻿<?xml version="1.0" encoding="UTF-8"?>
<site generator-info-name="WebGrab+Plus/w MDB &amp; REX Postprocess -- version V3.0.3.5 -- Jan van Straaten" site="tv.pathfinder.gr">
  <channels>
    <channel update="i" site="tv.pathfinder.gr.E" site_id="ant1" xmltv_id="Ant1">Ant1</channel>
    <channel update="i" site="tv.pathfinder.gr.E" site_id="star" xmltv_id="Star">Star</channel>
    <channel update="i" site="tv.pathfinder.gr.E" site_id="alpha" xmltv_id="Alpha">Alpha</channel>
    <channel update="i" site="tv.pathfinder.gr.E" site_id="makedonia" xmltv_id="Μακεδονία TV">Μακεδονία TV</channel>
    <channel update="i" site="tv.pathfinder.gr.E" site_id="skai" xmltv_id="ΣΚΑΪ">ΣΚΑΪ</channel>
    <channel update="i" site="tv.pathfinder.gr.E" site_id="vouli" xmltv_id="Κανάλι της Βουλής">Κανάλι της Βουλής</channel>
    <channel update="i" site="tv.pathfinder.gr.E" site_id="opentv" xmltv_id="Open Beyond TV">Open Beyond TV</channel>
    <channel update="i" site="tv.pathfinder.gr.E" site_id="ert1" xmltv_id="ΕΡΤ1">ΕΡΤ1</channel>
    <channel update="i" site="tv.pathfinder.gr.E" site_id="ert2" xmltv_id="ΕΡΤ2">ΕΡΤ2</channel>
    <channel update="i" site="tv.pathfinder.gr.E" site_id="erthd" xmltv_id="ΕΡΤ HD">ΕΡΤ HD</channel>
    <channel update="i" site="tv.pathfinder.gr.E" site_id="ert3" xmltv_id="ΕΡΤ3">ΕΡΤ3</channel>
    <channel update="i" site="tv.pathfinder.gr.E" site_id="mega" xmltv_id="Mega">Mega</channel>
    <channel update="i" site="tv.pathfinder.gr.E" site_id="animal" xmltv_id="Animal Planet">Animal Planet</channel>
    <channel update="i" site="tv.pathfinder.gr.E" site_id="discovery" xmltv_id="Discovery Channel">Discovery Channel</channel>
    <channel update="i" site="tv.pathfinder.gr.E" site_id="national" xmltv_id="National Geographic">National Geographic</channel>
    <channel update="i" site="tv.pathfinder.gr.E" site_id="travel" xmltv_id="Travel Channel">Travel Channel</channel>
    <channel update="i" site="tv.pathfinder.gr.E" site_id="novacinema1" xmltv_id="NovaCinema1">NovaCinema1</channel>
    <channel update="i" site="tv.pathfinder.gr.E" site_id="novacinema2" xmltv_id="NovaCinema2">NovaCinema2</channel>
    <channel update="i" site="tv.pathfinder.gr.E" site_id="novasports7" xmltv_id="NovaSports7">NovaSports7</channel>
    <channel update="i" site="tv.pathfinder.gr.E" site_id="novasports1" xmltv_id="NovaSports1">NovaSports1</channel>
    <channel update="i" site="tv.pathfinder.gr.E" site_id="novasports2" xmltv_id="NovaSports2">NovaSports2</channel>
    <channel update="i" site="tv.pathfinder.gr.E" site_id="novasports3" xmltv_id="NovaSports3">NovaSports3</channel>
    <channel update="i" site="tv.pathfinder.gr.E" site_id="novasports4" xmltv_id="NovaSports4">NovaSports4</channel>
    <channel update="i" site="tv.pathfinder.gr.E" site_id="novasports5" xmltv_id="NovaSports5">NovaSports5</channel>
    <channel update="i" site="tv.pathfinder.gr.E" site_id="novasports6" xmltv_id="NovaSports6">NovaSports6</channel>
    <channel update="i" site="tv.pathfinder.gr.E" site_id="novacinema3" xmltv_id="NovaCinema3">NovaCinema3</channel>
    <channel update="i" site="tv.pathfinder.gr.E" site_id="history" xmltv_id="The History Channel">The History Channel</channel>
    <channel update="i" site="tv.pathfinder.gr.E" site_id="eurosport1" xmltv_id="EuroSport1">EuroSport1</channel>
    <channel update="i" site="tv.pathfinder.gr.E" site_id="eurosport2" xmltv_id="EuroSport2">EuroSport2</channel>
    <channel update="i" site="tv.pathfinder.gr.E" site_id="foxlife" xmltv_id="Foxlife">Foxlife</channel>
    <channel update="i" site="tv.pathfinder.gr.E" site_id="motorstv" xmltv_id="Motors TV">Motors TV</channel>
    <channel update="i" site="tv.pathfinder.gr.E" site_id="boomerang" xmltv_id="Boomerang">Boomerang</channel>
    <channel update="i" site="tv.pathfinder.gr.E" site_id="disney" xmltv_id="Disney Channel">Disney Channel</channel>
    <channel update="i" site="tv.pathfinder.gr.E" site_id="novalife" xmltv_id="NovaLifε">NovaLifε</channel>
    <channel update="i" site="tv.pathfinder.gr.E" site_id="fox" xmltv_id="FOX">FOX</channel>
    <channel update="i" site="tv.pathfinder.gr.E" site_id="novacinema4" xmltv_id="NovaCinema4">NovaCinema4</channel>
    <channel update="i" site="tv.pathfinder.gr.E" site_id="Eurosport-HD-dig" xmltv_id="Eurosport 1 HD">Eurosport 1 HD</channel>
    <channel update="i" site="tv.pathfinder.gr.E" site_id="discovery-dig" xmltv_id="Discovery Channel">Discovery Channel</channel>
    <channel update="i" site="tv.pathfinder.gr.E" site_id="fashion-tv-dig" xmltv_id="Fashion TV">Fashion TV</channel>
    <channel update="i" site="tv.pathfinder.gr.E" site_id="france24-en-dig" xmltv_id="France 24 En">France 24 En</channel>
    <channel update="i" site="tv.pathfinder.gr.E" site_id="al-jazeera-intl-dig" xmltv_id="Al Jazeera">Al Jazeera</channel>
    <channel update="i" site="tv.pathfinder.gr.E" site_id="nat-geo-wild-dig" xmltv_id="Nat Geo Wild HD">Nat Geo Wild HD</channel>
    <channel update="i" site="tv.pathfinder.gr.E" site_id="ert1-dig" xmltv_id="ΕΡΤ1">ΕΡΤ1</channel>
    <channel update="i" site="tv.pathfinder.gr.E" site_id="mega-dig" xmltv_id="MEGA">MEGA</channel>
    <channel update="i" site="tv.pathfinder.gr.E" site_id="skai-dig" xmltv_id="ΣΚΑΪ">ΣΚΑΪ</channel>
    <channel update="i" site="tv.pathfinder.gr.E" site_id="sport2-otetv-dig" xmltv_id="COSMOTESport2HD">COSMOTESport2HD</channel>
    <channel update="i" site="tv.pathfinder.gr.E" site_id="bloomberg-dig" xmltv_id="Bloomberg">Bloomberg</channel>
    <channel update="i" site="tv.pathfinder.gr.E" site_id="russia-today-dig" xmltv_id="RT">RT</channel>
    <channel update="i" site="tv.pathfinder.gr.E" site_id="france24-fr-dig" xmltv_id="France 24 Fr">France 24 Fr</channel>
    <channel update="i" site="tv.pathfinder.gr.E" site_id="duetsche-welle-dig" xmltv_id="Deutsche Welle">Deutsche Welle</channel>
    <channel update="i" site="tv.pathfinder.gr.E" site_id="world-fashion-dig" xmltv_id="World Fashion">World Fashion</channel>
    <channel update="i" site="tv.pathfinder.gr.E" site_id="c-music-tv-dig" xmltv_id="Stingray CMusic">Stingray CMusic</channel>
    <channel update="i" site="tv.pathfinder.gr.E" site_id="blue-hustler-dig" xmltv_id="Blue Hustler">Blue Hustler</channel>
    <channel update="i" site="tv.pathfinder.gr.E" site_id="baby-tv-dig" xmltv_id="Baby TV">Baby TV</channel>
    <channel update="i" site="tv.pathfinder.gr.E" site_id="euronews-dig" xmltv_id="Euronews Greek">Euronews Greek</channel>
    <channel update="i" site="tv.pathfinder.gr.E" site_id="eurosport2-dig" xmltv_id="Eurosport 2">Eurosport 2</channel>
    <channel update="i" site="tv.pathfinder.gr.E" site_id="sport1-otetv-dig" xmltv_id="COSMOTESport1HD">COSMOTESport1HD</channel>
    <channel update="i" site="tv.pathfinder.gr.E" site_id="sport3-otetv-dig" xmltv_id="COSMOTESport3HD">COSMOTESport3HD</channel>
    <channel update="i" site="tv.pathfinder.gr.E" site_id="Disney-Channel-dig" xmltv_id="Disney Channel">Disney Channel</channel>
    <channel update="i" site="tv.pathfinder.gr.E" site_id="Kontra-Channel-dig" xmltv_id="CRETA">CRETA</channel>
    <channel update="i" site="tv.pathfinder.gr.E" site_id="sundance-dig" xmltv_id="SundanceTV">SundanceTV</channel>
    <channel update="i" site="tv.pathfinder.gr.E" site_id="Nickelodeon-HD-dig" xmltv_id="Nickelodeon HD">Nickelodeon HD</channel>
    <channel update="i" site="tv.pathfinder.gr.E" site_id="VH1-dig" xmltv_id="VH1">VH1</channel>
    <channel update="i" site="tv.pathfinder.gr.E" site_id="Mad-Hits-dig" xmltv_id="MAD Viral HD">MAD Viral HD</channel>
    <channel update="i" site="tv.pathfinder.gr.E" site_id="TLC-dig" xmltv_id="TLC">TLC</channel>
    <channel update="i" site="tv.pathfinder.gr.E" site_id="BBC-World-News-dig" xmltv_id="BBC World News">BBC World News</channel>
    <channel update="i" site="tv.pathfinder.gr.E" site_id="bouli-dig" xmltv_id="ΒΟΥΛΗ">ΒΟΥΛΗ</channel>
    <channel update="i" site="tv.pathfinder.gr.E" site_id="star-dig" xmltv_id="STAR">STAR</channel>
    <channel update="i" site="tv.pathfinder.gr.E" site_id="cnbc-dig" xmltv_id="CNBC">CNBC</channel>
    <channel update="i" site="tv.pathfinder.gr.E" site_id="disc-show-dig" xmltv_id="Discovery HD Showcase">Discovery HD Showcase</channel>
    <channel update="i" site="tv.pathfinder.gr.E" site_id="ote-cinema-dig" xmltv_id="COSMOTECinema3">COSMOTECinema3</channel>
    <channel update="i" site="tv.pathfinder.gr.E" site_id="iConcerts-HD-dig" xmltv_id="Stingray iConcerts">Stingray iConcerts</channel>
    <channel update="i" site="tv.pathfinder.gr.E" site_id="Luxe-TV-HD-dig" xmltv_id="Luxe TV HD">Luxe TV HD</channel>
    <channel update="i" site="tv.pathfinder.gr.E" site_id="village-cinema-hd-dig" xmltv_id="Village Cinema HD">Village Cinema HD</channel>
    <channel update="i" site="tv.pathfinder.gr.E" site_id="OTE-Cinema-1-HD-dig" xmltv_id="COSMOTECinema1HD">COSMOTECinema1HD</channel>
    <channel update="i" site="tv.pathfinder.gr.E" site_id="4-dig" xmltv_id="4Ε">4Ε</channel>
    <channel update="i" site="tv.pathfinder.gr.E" site_id="Extra-dig" xmltv_id="Extra Channel">Extra Channel</channel>
    <channel update="i" site="tv.pathfinder.gr.E" site_id="SBC-dig" xmltv_id="Attica TV">Attica TV</channel>
    <channel update="i" site="tv.pathfinder.gr.E" site_id="TV100-dig" xmltv_id="ENA Channel">ENA Channel</channel>
    <channel update="i" site="tv.pathfinder.gr.E" site_id="crete-TV-dig" xmltv_id="ΚΡΗΤΗ TV">ΚΡΗΤΗ TV</channel>
    <channel update="i" site="tv.pathfinder.gr.E" site_id="Star---dig" xmltv_id="Star Κεντρικής Ελλάδας">Star Κεντρικής Ελλάδας</channel>
    <channel update="i" site="tv.pathfinder.gr.E" site_id="MAD-dig" xmltv_id="MAD">MAD</channel>
    <channel update="i" site="tv.pathfinder.gr.E" site_id="hpeiros-TV1-dig" xmltv_id="Βεργίνα TV">Βεργίνα TV</channel>
    <channel update="i" site="tv.pathfinder.gr.E" site_id="diktyo-TV-dig" xmltv_id="ΔΙΚΤΥΟ TV">ΔΙΚΤΥΟ TV</channel>
    <channel update="i" site="tv.pathfinder.gr.E" site_id="delta-TV-dig" xmltv_id="TV ΔΕΛΤΑ">TV ΔΕΛΤΑ</channel>
    <channel update="i" site="tv.pathfinder.gr.E" site_id="Travel-Channel-HD-dig" xmltv_id="Travel Channel HD">Travel Channel HD</channel>
    <channel update="i" site="tv.pathfinder.gr.E" site_id="mak-TV-dig" xmltv_id="Μακεδονία TV HD">Μακεδονία TV HD</channel>
    <channel update="i" site="tv.pathfinder.gr.E" site_id="Blue-Sky-dig" xmltv_id="Blue Sky">Blue Sky</channel>
    <channel update="i" site="tv.pathfinder.gr.E" site_id="art-dig" xmltv_id="ΑΡΤ">ΑΡΤ</channel>
    <channel update="i" site="tv.pathfinder.gr.E" site_id="Zoom-TV-dig" xmltv_id="α.Epsilon">α.Epsilon</channel>
    <channel update="i" site="tv.pathfinder.gr.E" site_id="Body-in-Balance-dig" xmltv_id="Body in Balance">Body in Balance</channel>
    <channel update="i" site="tv.pathfinder.gr.E" site_id="Motorvision-Channel-HD-dig" xmltv_id="Motorvision Channel HD">Motorvision Channel HD</channel>
    <channel update="i" site="tv.pathfinder.gr.E" site_id="Disney-XD-dig" xmltv_id="Disney XD">Disney XD</channel>
    <channel update="i" site="tv.pathfinder.gr.E" site_id="Disney-Junior-dig" xmltv_id="Disney Junior">Disney Junior</channel>
    <channel update="i" site="tv.pathfinder.gr.E" site_id="Channel-9-dig" xmltv_id="CENTER TV">CENTER TV</channel>
    <channel update="i" site="tv.pathfinder.gr.E" site_id="aigaio-TV-dig" xmltv_id="Αιγαίο TV">Αιγαίο TV</channel>
    <channel update="i" site="tv.pathfinder.gr.E" site_id="Best-TV-dig" xmltv_id="Best TV">Best TV</channel>
    <channel update="i" site="tv.pathfinder.gr.E" site_id="Corfu-Channel-dig" xmltv_id="Corfu Channel">Corfu Channel</channel>
    <channel update="i" site="tv.pathfinder.gr.E" site_id="ert-hd-dig" xmltv_id="ΕΡΤ Sports HD">ΕΡΤ Sports HD</channel>
    <channel update="i" site="tv.pathfinder.gr.E" site_id="E-HD-dig" xmltv_id="E! HD">E! HD</channel>
    <channel update="i" site="tv.pathfinder.gr.E" site_id="Tvkosmos-dig" xmltv_id="Επιλογές Τηλεόραση">Επιλογές Τηλεόραση</channel>
    <channel update="i" site="tv.pathfinder.gr.E" site_id="National-Geographic-HD-dig" xmltv_id="National Geographic HD">National Geographic HD</channel>
    <channel update="i" site="tv.pathfinder.gr.E" site_id="National-Geographic-dig" xmltv_id="National Geographic HD">National Geographic HD</channel>
    <channel update="i" site="tv.pathfinder.gr.E" site_id="ert2-dig" xmltv_id="ΕΡΤ2">ΕΡΤ2</channel>
    <channel update="i" site="tv.pathfinder.gr.E" site_id="Animal-Planet-HD-dig" xmltv_id="Animal Planet HD">Animal Planet HD</channel>
    <channel update="i" site="tv.pathfinder.gr.E" site_id="MEZZO-dig" xmltv_id="MEZZO">MEZZO</channel>
    <channel update="i" site="tv.pathfinder.gr.E" site_id="IDX-HD-dig" xmltv_id="IDX HD">IDX HD</channel>
    <channel update="i" site="tv.pathfinder.gr.E" site_id="OTE-Sport-6-HD-dig" xmltv_id="COSMOTESport6HD">COSMOTESport6HD</channel>
    <channel update="i" site="tv.pathfinder.gr.E" site_id="OTE-Sport-Highlights-HD-dig" xmltv_id="COSMOTESportHighlightsHD">COSMOTESportHighlightsHD</channel>
    <channel update="i" site="tv.pathfinder.gr.E" site_id="Epsilon-TV-dig" xmltv_id="OPEN BEYOND">OPEN BEYOND</channel>
    <channel update="i" site="tv.pathfinder.gr.E" site_id="OTE-Cinema-4-HD-dig" xmltv_id="COSMOTE Series HD">COSMOTE Series HD</channel>
    <channel update="i" site="tv.pathfinder.gr.E" site_id="OTE-Sport-7-HD-dig" xmltv_id="COSMOTESport7HD">COSMOTESport7HD</channel>
    <channel update="i" site="tv.pathfinder.gr.E" site_id="OTE-Sport-8-HD-dig" xmltv_id="COSMOTESport8HD">COSMOTESport8HD</channel>
    <channel update="i" site="tv.pathfinder.gr.E" site_id="ert3-dig" xmltv_id="ΕΡΤ3">ΕΡΤ3</channel>
    <channel update="i" site="tv.pathfinder.gr.E" site_id="OTE-History-dig" xmltv_id="COSMOTE History HD">COSMOTE History HD</channel>
    <channel update="i" site="tv.pathfinder.gr.E" site_id="MTV-Europe-dig" xmltv_id="MTV Europe">MTV Europe</channel>
    <channel update="i" site="tv.pathfinder.gr.E" site_id="EDGEsport-HD-dig" xmltv_id="EDGEsport HD">EDGEsport HD</channel>
    <channel update="i" site="tv.pathfinder.gr.E" site_id="Viasat-History-dig" xmltv_id="Viasat History">Viasat History</channel>
    <channel update="i" site="tv.pathfinder.gr.E" site_id="MTV-Live-HD-dig" xmltv_id="MTV Live HD">MTV Live HD</channel>
    <channel update="i" site="tv.pathfinder.gr.E" site_id="Discovery-Science-HD-dig" xmltv_id="Discovery Science HD">Discovery Science HD</channel>
    <channel update="i" site="tv.pathfinder.gr.E" site_id="OTE-Sport-4-HD-dig" xmltv_id="COSMOTESport4HD">COSMOTESport4HD</channel>
    <channel update="i" site="tv.pathfinder.gr.E" site_id="OTE-Sport-5-HD-dig" xmltv_id="COSMOTESport5HD">COSMOTESport5HD</channel>
    <channel update="i" site="tv.pathfinder.gr.E" site_id="Hustler-TV-HD-dig" xmltv_id="Hustler TV HD">Hustler TV HD</channel>
    <channel update="i" site="tv.pathfinder.gr.E" site_id="Private-TV-dig" xmltv_id="Private TV">Private TV</channel>
    <channel update="i" site="tv.pathfinder.gr.E" site_id="Action-24-dig" xmltv_id="Action 24">Action 24</channel>
    <channel update="i" site="tv.pathfinder.gr.E" site_id="TRT-dig" xmltv_id="TRT">TRT</channel>
    <channel update="i" site="tv.pathfinder.gr.E" site_id="OTE-Cinema-Star-Trek-HD-dig" xmltv_id="MAD Valentine Hits">MAD Valentine Hits</channel>
    <channel update="i" site="tv.pathfinder.gr.E" site_id="ALERT-dig" xmltv_id="Atlas TV">Atlas TV</channel>
    <channel update="i" site="tv.pathfinder.gr.E" site_id="FOXlife-HD-dig" xmltv_id="FOX Life HD">FOX Life HD</channel>
    <channel update="i" site="tv.pathfinder.gr.E" site_id="FOX-HD-dig" xmltv_id="FOX HD">FOX HD</channel>
    <channel update="i" site="tv.pathfinder.gr.E" site_id="OTE-Cinema-2-HD-dig" xmltv_id="COSMOTECinema2HD">COSMOTECinema2HD</channel>
    <channel update="i" site="tv.pathfinder.gr.E" site_id="Penthouse-HD1-dig" xmltv_id="Penthouse Gold">Penthouse Gold</channel>
    <channel update="i" site="tv.pathfinder.gr.E" site_id="Sirina-TV-dig" xmltv_id="Sirina TV">Sirina TV</channel>
    <channel update="i" site="tv.pathfinder.gr.E" site_id="Smile-TV-dig" xmltv_id="Smile TV">Smile TV</channel>
    <channel update="i" site="tv.pathfinder.gr.E" site_id="COSMOTECinemaChristmasHD-dig" xmltv_id="COSMOTECinemaChristmasHD">COSMOTECinemaChristmasHD</channel>
    <channel update="i" site="tv.pathfinder.gr.E" site_id="Promo-Conn-x-TV-dig" xmltv_id="Promo HD">Promo HD</channel>
    <channel update="i" site="tv.pathfinder.gr.E" site_id="COSMOTESPORTNBAALLSTAR2017-dig" xmltv_id="COSMOTESPORTALLSTAR2017">COSMOTESPORTALLSTAR2017</channel>
    <channel update="i" site="tv.pathfinder.gr.E" site_id="-TV-dig" xmltv_id="ΙΟΝΙΑΝ TV">ΙΟΝΙΑΝ TV</channel>
    <channel update="i" site="tv.pathfinder.gr.E" site_id="---dig" xmltv_id="Κρήτη Νέα Τηλεόραση">Κρήτη Νέα Τηλεόραση</channel>
    <channel update="i" site="tv.pathfinder.gr.E" site_id="COSMOTECinemaFastndFuriousHD-dig" xmltv_id="COSMOTECinemaFastΑndFuriousHD">COSMOTECinemaFastΑndFuriousHD</channel>
    <channel update="i" site="tv.pathfinder.gr.E" site_id="Euronews-English-dig" xmltv_id="Euronews English">Euronews English</channel>
    <channel update="i" site="tv.pathfinder.gr.E" site_id="BBC-Earth-HD-dig" xmltv_id="BBC Earth HD">BBC Earth HD</channel>
    <channel update="i" site="tv.pathfinder.gr.E" site_id="Crime--Investigation-dig" xmltv_id="Crime and Investigation">Crime and Investigation</channel>
    <channel update="i" site="tv.pathfinder.gr.E" site_id="FOX-SPORTS-HD-dig" xmltv_id="FOX SPORTS HD">FOX SPORTS HD</channel>
    <channel update="i" site="tv.pathfinder.gr.E" site_id="Viasat-Explore-dig" xmltv_id="Viasat Explore">Viasat Explore</channel>
    <channel update="i" site="tv.pathfinder.gr.E" site_id="Viasat-Nature-dig" xmltv_id="Viasat Nature">Viasat Nature</channel>
    <channel update="i" site="tv.pathfinder.gr.E" site_id="Food-Network-dig" xmltv_id="Food Network">Food Network</channel>
    <channel update="i" site="tv.pathfinder.gr.E" site_id="Fine-Living-dig" xmltv_id="Fine Living">Fine Living</channel>
    <channel update="i" site="tv.pathfinder.gr.E" site_id="Outdoor-Channel-HD-dig" xmltv_id="Outdoor Channel HD">Outdoor Channel HD</channel>
    <channel update="i" site="tv.pathfinder.gr.E" site_id="CBS-Reality-dig" xmltv_id="CBS Reality">CBS Reality</channel>
    <channel update="i" site="tv.pathfinder.gr.E" site_id="Nautical-Channel-HD-dig" xmltv_id="Nautical Channel HD">Nautical Channel HD</channel>
    <channel update="i" site="tv.pathfinder.gr.E" site_id="PROMO-dig" xmltv_id="PROMO">PROMO</channel>
    <channel update="i" site="tv.pathfinder.gr.E" site_id="PROM-dig" xmltv_id="PROMΟ">PROMΟ</channel>
    <channel update="i" site="tv.pathfinder.gr.E" site_id="GYNX-HD-dig" xmltv_id="GINX eSports">GINX eSports</channel>
    <channel update="i" site="tv.pathfinder.gr.E" site_id="DIscovery-dig" xmltv_id="DIscovery">DIscovery</channel>
    <channel update="i" site="tv.pathfinder.gr.E" site_id="TCM-dig" xmltv_id="TCM HD">TCM HD</channel>
    <channel update="i" site="tv.pathfinder.gr.E" site_id="CNN-dig" xmltv_id="CNN">CNN</channel>
    <channel update="i" site="tv.pathfinder.gr.E" site_id="COSMOTESport9HD-dig" xmltv_id="COSMOTESport9HD">COSMOTESport9HD</channel>
    <channel update="i" site="tv.pathfinder.gr.E" site_id="Open-Beyond-dig" xmltv_id="OPEN BEYOND">OPEN BEYOND</channel>
    <channel update="i" site="tv.pathfinder.gr.E" site_id="-dig" xmltv_id="ΑΡΤ">ΑΡΤ</channel>
    <channel update="i" site="tv.pathfinder.gr.E" site_id="National-Geographic--dig" xmltv_id="National Geographic+">National Geographic+</channel>
    <channel update="i" site="tv.pathfinder.gr.E" site_id="ONE-Channel-HD-dig" xmltv_id="ONE Channel HD">ONE Channel HD</channel>
    <channel update="i" site="tv.pathfinder.gr.E" site_id="MEGA-dig" xmltv_id="MEGA HD">MEGA HD</channel>
    <channel update="i" site="tv.pathfinder.gr.E" site_id="Al-Arabiya-dig" xmltv_id="Al Arabiya">Al Arabiya</channel>
  </channels>
</site>