﻿<?xml version="1.0" encoding="UTF-8"?>
<site generator-info-name="WebGrab+Plus/w MDB &amp; REX Postprocess -- version V3.0.3.5 -- Jan van Straaten" site="regmarket.ge">
  <channels>
    <channel update="i" site="regmarket.ge" site_id="rustavi2" xmltv_id="რუსთავი2">რუსთავი2</channel>
    <channel update="i" site="regmarket.ge" site_id="imedi" xmltv_id="იმედი">იმედი</channel>
    <channel update="i" site="regmarket.ge" site_id="gpb" xmltv_id="პირველი არხი">პირველი არხი</channel>
    <channel update="i" site="regmarket.ge" site_id="axali2hq" xmltv_id="კომედი არხი">კომედი არხი</channel>
    <channel update="i" site="regmarket.ge" site_id="pirvelitv" xmltv_id="პირველი TV">პირველი TV</channel>
    <channel update="i" site="regmarket.ge" site_id="tabula" xmltv_id="ტაბულა">ტაბულა</channel>
    <channel update="i" site="regmarket.ge" site_id="gdstv" xmltv_id="GDS">GDS</channel>
    <channel update="i" site="regmarket.ge" site_id="iberiatv" xmltv_id="იბერია TV">იბერია TV</channel>
    <channel update="i" site="regmarket.ge" site_id="maestro" xmltv_id="მაესტრო">მაესტრო</channel>
    <channel update="i" site="regmarket.ge" site_id="afkhmahd" xmltv_id="აფხაზეთის ხმა">აფხაზეთის ხმა</channel>
    <channel update="i" site="regmarket.ge" site_id="caucasia" xmltv_id="კავკასია">კავკასია</channel>
    <channel update="i" site="regmarket.ge" site_id="palitra" xmltv_id="PalitraNews">PalitraNews</channel>
    <channel update="i" site="regmarket.ge" site_id="adjara" xmltv_id="აჭარა">აჭარა</channel>
    <channel update="i" site="regmarket.ge" site_id="marao" xmltv_id="მარაო">მარაო</channel>
    <channel update="i" site="regmarket.ge" site_id="meore" xmltv_id="მეორე არხი">მეორე არხი</channel>
    <channel update="i" site="regmarket.ge" site_id="silk_sport4" xmltv_id="სილქ უნივერსალი">სილქ უნივერსალი</channel>
    <channel update="i" site="regmarket.ge" site_id="kartuliarkhi" xmltv_id="ქართული არხი">ქართული არხი</channel>
    <channel update="i" site="regmarket.ge" site_id="momavalitv" xmltv_id="მომავალი TV">მომავალი TV</channel>
    <channel update="i" site="regmarket.ge" site_id="qartuli" xmltv_id="ქართული TV">ქართული TV</channel>
    <channel update="i" site="regmarket.ge" site_id="gurjaani" xmltv_id="გურჯაანი">გურჯაანი</channel>
    <channel update="i" site="regmarket.ge" site_id="rioni" xmltv_id="რიონი">რიონი</channel>
    <channel update="i" site="regmarket.ge" site_id="trialeti" xmltv_id="თრიალეთი">თრიალეთი</channel>
    <channel update="i" site="regmarket.ge" site_id="marneulitv" xmltv_id="მარნეული">მარნეული</channel>
    <channel update="i" site="regmarket.ge" site_id="imervizia" xmltv_id="იმერვიზია">იმერვიზია</channel>
    <channel update="i" site="regmarket.ge" site_id="qvemoqartli" xmltv_id="ქვემო ქართლი">ქვემო ქართლი</channel>
    <channel update="i" site="regmarket.ge" site_id="tv25" xmltv_id="TV 25">TV 25</channel>
    <channel update="i" site="regmarket.ge" site_id="megatv" xmltv_id="Mega TV">Mega TV</channel>
    <channel update="i" site="regmarket.ge" site_id="diatv" xmltv_id="დია TV">დია TV</channel>
  </channels>
</site>