﻿<?xml version="1.0" encoding="UTF-8"?>
<site generator-info-name="WebGrab+Plus/w MDB &amp; REX Postprocess -- version V1.56.27 -- Jan van Straaten" site="musor.tv.m">
  <channels>
    <channel update="i" site="musor.tv.m" site_id="DUNA" xmltv_id="Duna TV (HD)">Duna TV (HD)</channel>
    <channel update="i" site="musor.tv.m" site_id="DUNAWORLD" xmltv_id="Duna World (HD)">Duna World (HD)</channel>
    <channel update="i" site="musor.tv.m" site_id="M3" xmltv_id="M3">M3</channel>
    <channel update="i" site="musor.tv.m" site_id="RTL" xmltv_id="RTL Klub (HD)">RTL Klub (HD)</channel>
    <channel update="i" site="musor.tv.m" site_id="RTL2" xmltv_id="RTL 2/ RTL II (HD)">RTL 2/ RTL II (HD)</channel>
    <channel update="i" site="musor.tv.m" site_id="RTL_PLUSZ" xmltv_id="RTL+">RTL+</channel>
    <channel update="i" site="musor.tv.m" site_id="TV2" xmltv_id="TV2 (HD)">TV2 (HD)</channel>
    <channel update="i" site="musor.tv.m" site_id="SUPERTV2" xmltv_id="Super TV2 (HD)">Super TV2 (HD)</channel>
    <channel update="i" site="musor.tv.m" site_id="PRIME" xmltv_id="Prime">Prime</channel>
    <channel update="i" site="musor.tv.m" site_id="COOL" xmltv_id="Cool (HD)">Cool (HD)</channel>
    <channel update="i" site="musor.tv.m" site_id="VIASAT3" xmltv_id="Viasat 3">Viasat 3</channel>
    <channel update="i" site="musor.tv.m" site_id="VIASAT6" xmltv_id="Viasat 6">Viasat 6</channel>
    <channel update="i" site="musor.tv.m" site_id="STORY4" xmltv_id="Story 4">Story 4</channel>
    <channel update="i" site="musor.tv.m" site_id="STORY5" xmltv_id="Story 5">Story 5</channel>
    <channel update="i" site="musor.tv.m" site_id="GALAXY" xmltv_id="Galaxy">Galaxy</channel>
    <channel update="i" site="musor.tv.m" site_id="HBOHD" xmltv_id="HBO (HD)">HBO (HD)</channel>
    <channel update="i" site="musor.tv.m" site_id="HBO2" xmltv_id="HBO 2">HBO 2</channel>
    <channel update="i" site="musor.tv.m" site_id="HBO3" xmltv_id="HBO 3">HBO 3</channel>
    <channel update="i" site="musor.tv.m" site_id="CINEMAX" xmltv_id="Cinemax">Cinemax</channel>
    <channel update="i" site="musor.tv.m" site_id="CINEMAX2" xmltv_id="Cinemax 2">Cinemax 2</channel>
    <channel update="i" site="musor.tv.m" site_id="FILMBOX_EXTRA_HD" xmltv_id="Filmbox Extra HD">Filmbox Extra HD</channel>
    <channel update="i" site="musor.tv.m" site_id="FILMBOX_PREMIUM" xmltv_id="Filmbox Premium">Filmbox Premium</channel>
    <channel update="i" site="musor.tv.m" site_id="FILMBOXFAMILY" xmltv_id="Filmbox Family">Filmbox Family</channel>
    <channel update="i" site="musor.tv.m" site_id="FILMBOX" xmltv_id="Filmbox">Filmbox</channel>
    <channel update="i" site="musor.tv.m" site_id="FILMBOXPLUS" xmltv_id="Filmbox Plus">Filmbox Plus</channel>
    <channel update="i" site="musor.tv.m" site_id="MOZI_PLUSZ" xmltv_id="Mozi+">Mozi+</channel>
    <channel update="i" site="musor.tv.m" site_id="FILMPLUS" xmltv_id="film+ (HD)">film+ (HD)</channel>
    <channel update="i" site="musor.tv.m" site_id="FILMPLUS2" xmltv_id="film+ 2">film+ 2</channel>
    <channel update="i" site="musor.tv.m" site_id="DIGIFILM" xmltv_id="DIGI Film (HD)">DIGI Film (HD)</channel>
    <channel update="i" site="musor.tv.m" site_id="SOROZAT" xmltv_id="Sorozat+">Sorozat+</channel>
    <channel update="i" site="musor.tv.m" site_id="COMEDY" xmltv_id="Comedy Central">Comedy Central</channel>
    <channel update="i" site="musor.tv.m" site_id="COMEDYEXTRA" xmltv_id="Comedy Central Extra">Comedy Central Extra</channel>
    <channel update="i" site="musor.tv.m" site_id="HUMOR_PLUSZ" xmltv_id="Humor+">Humor+</channel>
    <channel update="i" site="musor.tv.m" site_id="AXN" xmltv_id="AXN (HD)">AXN (HD)</channel>
    <channel update="i" site="musor.tv.m" site_id="AXNWHITE" xmltv_id="AXN White">AXN White</channel>
    <channel update="i" site="musor.tv.m" site_id="AXNBLACK" xmltv_id="AXN Black">AXN Black</channel>
    <channel update="i" site="musor.tv.m" site_id="FOX" xmltv_id="FOX TV">FOX TV</channel>
    <channel update="i" site="musor.tv.m" site_id="AMC" xmltv_id="AMC (HD)">AMC (HD)</channel>
    <channel update="i" site="musor.tv.m" site_id="PARAMOUNT" xmltv_id="Paramount Channel (HD)">Paramount Channel (HD)</channel>
    <channel update="i" site="musor.tv.m" site_id="FILMMANIA" xmltv_id="Film Mánia">Film Mánia</channel>
    <channel update="i" site="musor.tv.m" site_id="FILMCAFE" xmltv_id="Film Café (HD)">Film Café (HD)</channel>
    <channel update="i" site="musor.tv.m" site_id="IZAURA_TV" xmltv_id="Izaura TV">Izaura TV</channel>
    <channel update="i" site="musor.tv.m" site_id="ROMANCE_TV" xmltv_id="Romance TV">Romance TV</channel>
    <channel update="i" site="musor.tv.m" site_id="SUNDANCEHD" xmltv_id="Sundance TV HD">Sundance TV HD</channel>
    <channel update="i" site="musor.tv.m" site_id="E_ENTERTAINMENT" xmltv_id="E! Entertainment (HD)">E! Entertainment (HD)</channel>
    <channel update="i" site="musor.tv.m" site_id="M2" xmltv_id="M2 / Petőfi (HD)">M2 / Petőfi (HD)</channel>
    <channel update="i" site="musor.tv.m" site_id="MINIMAX" xmltv_id="Minimax">Minimax</channel>
    <channel update="i" site="musor.tv.m" site_id="MINIMAX_C8" xmltv_id="Minimax/C8">Minimax/C8</channel>
    <channel update="i" site="musor.tv.m" site_id="MEGAMAX" xmltv_id="Megamax">Megamax</channel>
    <channel update="i" site="musor.tv.m" site_id="DISNEY" xmltv_id="Disney Channel">Disney Channel</channel>
    <channel update="i" site="musor.tv.m" site_id="DISNEY_JUNIOR" xmltv_id="Disney Junior">Disney Junior</channel>
    <channel update="i" site="musor.tv.m" site_id="CARTOON" xmltv_id="Cartoon Network/TCM">Cartoon Network/TCM</channel>
    <channel update="i" site="musor.tv.m" site_id="BOOMERANG" xmltv_id="Boomerang">Boomerang</channel>
    <channel update="i" site="musor.tv.m" site_id="NICKELODEON" xmltv_id="Nickelodeon">Nickelodeon</channel>
    <channel update="i" site="musor.tv.m" site_id="NICKJR" xmltv_id="Nick Jr">Nick Jr</channel>
    <channel update="i" site="musor.tv.m" site_id="JIMJAM" xmltv_id="JimJam">JimJam</channel>
    <channel update="i" site="musor.tv.m" site_id="KIWI_TV" xmltv_id="Kiwi TV">Kiwi TV</channel>
    <channel update="i" site="musor.tv.m" site_id="BABYTV" xmltv_id="Baby TV">Baby TV</channel>
    <channel update="i" site="musor.tv.m" site_id="DUCKTV" xmltv_id="Duck TV">Duck TV</channel>
    <channel update="i" site="musor.tv.m" site_id="DUCKHD" xmltv_id="Duck TV HD">Duck TV HD</channel>
    <channel update="i" site="musor.tv.m" site_id="VIVA" xmltv_id="Viva">Viva</channel>
    <channel update="i" site="musor.tv.m" site_id="MTVHU" xmltv_id="MTV Hungary">MTV Hungary</channel>
    <channel update="i" site="musor.tv.m" site_id="M5" xmltv_id="M5 (HD)">M5 (HD)</channel>
    <channel update="i" site="musor.tv.m" site_id="SPEKTRUM" xmltv_id="Spektrum (HD)">Spektrum (HD)</channel>
    <channel update="i" site="musor.tv.m" site_id="NATGEO" xmltv_id="National Geographic Channel">National Geographic Channel</channel>
    <channel update="i" site="musor.tv.m" site_id="NATGEOWILD" xmltv_id="NatGeoWild (HD)">NatGeoWild (HD)</channel>
    <channel update="i" site="musor.tv.m" site_id="DISCOVERYHD" xmltv_id="Discovery HD Showcase">Discovery HD Showcase</channel>
    <channel update="i" site="musor.tv.m" site_id="DISCOVERY" xmltv_id="Discovery Channel">Discovery Channel</channel>
    <channel update="i" site="musor.tv.m" site_id="DISCOVERYSCI" xmltv_id="Discovery Science (HD)">Discovery Science (HD)</channel>
    <channel update="i" site="musor.tv.m" site_id="ID_EXTRA" xmltv_id="ID Extra">ID Extra</channel>
    <channel update="i" site="musor.tv.m" site_id="DTX" xmltv_id="Discovery Turbo Xtra (DTX) (HD)">Discovery Turbo Xtra (DTX) (HD)</channel>
    <channel update="i" site="musor.tv.m" site_id="TLC" xmltv_id="TLC">TLC</channel>
    <channel update="i" site="musor.tv.m" site_id="ANIMAL" xmltv_id="Animal Planet (HD)">Animal Planet (HD)</channel>
    <channel update="i" site="musor.tv.m" site_id="HISTORYHD" xmltv_id="History (HD)">History (HD)</channel>
    <channel update="i" site="musor.tv.m" site_id="TRAVEL" xmltv_id="Travel Channel (HD)">Travel Channel (HD)</channel>
    <channel update="i" site="musor.tv.m" site_id="VIASATEXP" xmltv_id="Viasat Explore">Viasat Explore</channel>
    <channel update="i" site="musor.tv.m" site_id="VIASATNAT" xmltv_id="Viasat Nature">Viasat Nature</channel>
    <channel update="i" site="musor.tv.m" site_id="VIASATHIST" xmltv_id="Viasat History">Viasat History</channel>
    <channel update="i" site="musor.tv.m" site_id="OZONENETWORK" xmltv_id="Ozone Network (HD)">Ozone Network (HD)</channel>
    <channel update="i" site="musor.tv.m" site_id="LIFENETWORK" xmltv_id="Life Network (HD)">Life Network (HD)</channel>
    <channel update="i" site="musor.tv.m" site_id="FEM3" xmltv_id="FEM3">FEM3</channel>
    <channel update="i" site="musor.tv.m" site_id="SPEKTRUMHOME" xmltv_id="Spektrum Home">Spektrum Home</channel>
    <channel update="i" site="musor.tv.m" site_id="PAPRIKA" xmltv_id="Paprika TV">Paprika TV</channel>
    <channel update="i" site="musor.tv.m" site_id="FOODNETWORK" xmltv_id="Food Network (HD)">Food Network (HD)</channel>
    <channel update="i" site="musor.tv.m" site_id="CHILI_TV" xmltv_id="Chili TV">Chili TV</channel>
    <channel update="i" site="musor.tv.m" site_id="CBSREALITY" xmltv_id="CBS Reality">CBS Reality</channel>
    <channel update="i" site="musor.tv.m" site_id="DOQ" xmltv_id="DoQ (HD)">DoQ (HD)</channel>
    <channel update="i" site="musor.tv.m" site_id="DIGIWORLD" xmltv_id="DIGI World (HD)">DIGI World (HD)</channel>
    <channel update="i" site="musor.tv.m" site_id="DIGILIFE" xmltv_id="DIGI Life (HD)">DIGI Life (HD)</channel>
    <channel update="i" site="musor.tv.m" site_id="DIGIANIMALWORLD" xmltv_id="DIGI Animal World (HD)">DIGI Animal World (HD)</channel>
    <channel update="i" site="musor.tv.m" site_id="BBC_EARTH" xmltv_id="BBC Earth (HD)">BBC Earth (HD)</channel>
    <channel update="i" site="musor.tv.m" site_id="DAVINCI" xmltv_id="Da Vinci Learning">Da Vinci Learning</channel>
    <channel update="i" site="musor.tv.m" site_id="FINELIVING" xmltv_id="Fine Living (HD)">Fine Living (HD)</channel>
    <channel update="i" site="musor.tv.m" site_id="FTVHD" xmltv_id="Fashion TV HD">Fashion TV HD</channel>
    <channel update="i" site="musor.tv.m" site_id="D1TV" xmltv_id="D1 Televízió">D1 Televízió</channel>
    <channel update="i" site="musor.tv.m" site_id="FIXTV" xmltv_id="FIX TV (HD)">FIX TV (HD)</channel>
    <channel update="i" site="musor.tv.m" site_id="HATOS_CSATORNA" xmltv_id="Hatoscsatorna">Hatoscsatorna</channel>
    <channel update="i" site="musor.tv.m" site_id="PAX" xmltv_id="PAX TV">PAX TV</channel>
    <channel update="i" site="musor.tv.m" site_id="BONUM" xmltv_id="Bonum TV">Bonum TV</channel>
    <channel update="i" site="musor.tv.m" site_id="M4_SPORT" xmltv_id="M4 Sport (HD)">M4 Sport (HD)</channel>
    <channel update="i" site="musor.tv.m" site_id="DIGISPORT1" xmltv_id="DIGI Sport 1 (HD)">DIGI Sport 1 (HD)</channel>
    <channel update="i" site="musor.tv.m" site_id="DIGISPORT2" xmltv_id="DIGI Sport 2 (HD)">DIGI Sport 2 (HD)</channel>
    <channel update="i" site="musor.tv.m" site_id="DIGISPORT3" xmltv_id="DIGI Sport 3 (HD)">DIGI Sport 3 (HD)</channel>
    <channel update="i" site="musor.tv.m" site_id="SPORT1" xmltv_id="Sport 1 (HD)">Sport 1 (HD)</channel>
    <channel update="i" site="musor.tv.m" site_id="SPORT2" xmltv_id="Sport 2 (HD)">Sport 2 (HD)</channel>
    <channel update="i" site="musor.tv.m" site_id="SPORTM" xmltv_id="Sport M">Sport M</channel>
    <channel update="i" site="musor.tv.m" site_id="EUROSPORT" xmltv_id="Eurosport 1 (HD)">Eurosport 1 (HD)</channel>
    <channel update="i" site="musor.tv.m" site_id="EUROSPORT2" xmltv_id="Eurosport 2 (HD)">Eurosport 2 (HD)</channel>
    <channel update="i" site="musor.tv.m" site_id="SPILER_TV" xmltv_id="Spíler TV (HD)">Spíler TV (HD)</channel>
    <channel update="i" site="musor.tv.m" site_id="EXTREMESP" xmltv_id="Extreme Sports Channel">Extreme Sports Channel</channel>
    <channel update="i" site="musor.tv.m" site_id="TRACESPORTS" xmltv_id="Trace Sports HD">Trace Sports HD</channel>
    <channel update="i" site="musor.tv.m" site_id="FISHING_HUNTING" xmltv_id="The Fishing &amp; Hunting Channel (HD)">The Fishing &amp; Hunting Channel (HD)</channel>
    <channel update="i" site="musor.tv.m" site_id="FIT_HD" xmltv_id="Fit HD">Fit HD</channel>
    <channel update="i" site="musor.tv.m" site_id="MUSICCHANNEL" xmltv_id="1 Music Channel (HD)">1 Music Channel (HD)</channel>
    <channel update="i" site="musor.tv.m" site_id="HIT_MUSIC" xmltv_id="H!T Music">H!T Music</channel>
    <channel update="i" site="musor.tv.m" site_id="MUZSIKATV" xmltv_id="Muzsika TV">Muzsika TV</channel>
    <channel update="i" site="musor.tv.m" site_id="SLAGERTV" xmltv_id="Magyar Sláger TV">Magyar Sláger TV</channel>
    <channel update="i" site="musor.tv.m" site_id="ZENEBUTIK" xmltv_id="Zenebutik TV">Zenebutik TV</channel>
    <channel update="i" site="musor.tv.m" site_id="MEZZOHD" xmltv_id="Mezzo Live HD">Mezzo Live HD</channel>
    <channel update="i" site="musor.tv.m" site_id="MEZZO" xmltv_id="Mezzo">Mezzo</channel>
    <channel update="i" site="musor.tv.m" site_id="BRAVAHD" xmltv_id="Brava HD">Brava HD</channel>
    <channel update="i" site="musor.tv.m" site_id="CMUSIC" xmltv_id="C Music TV">C Music TV</channel>
    <channel update="i" site="musor.tv.m" site_id="MTVLIVEHD" xmltv_id="MTV Live HD">MTV Live HD</channel>
    <channel update="i" site="musor.tv.m" site_id="MTVHITS" xmltv_id="MTV Hits">MTV Hits</channel>
    <channel update="i" site="musor.tv.m" site_id="MTVDANCE" xmltv_id="MTV Dance">MTV Dance</channel>
    <channel update="i" site="musor.tv.m" site_id="MTVROCKS" xmltv_id="MTV Rocks">MTV Rocks</channel>
    <channel update="i" site="musor.tv.m" site_id="VH1" xmltv_id="VH-1">VH-1</channel>
    <channel update="i" site="musor.tv.m" site_id="VH1CLASSIC" xmltv_id="VH-1 Classic">VH-1 Classic</channel>
    <channel update="i" site="musor.tv.m" site_id="TRACEURBAN" xmltv_id="Trace Urban (HD)">Trace Urban (HD)</channel>
    <channel update="i" site="musor.tv.m" site_id="MYZEN" xmltv_id="myZen.tv HD">myZen.tv HD</channel>
    <channel update="i" site="musor.tv.m" site_id="M1" xmltv_id="M1 (HD)">M1 (HD)</channel>
    <channel update="i" site="musor.tv.m" site_id="ATV" xmltv_id="ATV (HD)">ATV (HD)</channel>
    <channel update="i" site="musor.tv.m" site_id="HIRTV" xmltv_id="Hír TV">Hír TV</channel>
    <channel update="i" site="musor.tv.m" site_id="ECHOTV" xmltv_id="Echo TV">Echo TV</channel>
    <channel update="i" site="musor.tv.m" site_id="EURONEWS" xmltv_id="Euronews">Euronews</channel>
    <channel update="i" site="musor.tv.m" site_id="CNN" xmltv_id="CNN">CNN</channel>
    <channel update="i" site="musor.tv.m" site_id="CNBC" xmltv_id="CNBC">CNBC</channel>
    <channel update="i" site="musor.tv.m" site_id="SKYNEWS" xmltv_id="Sky News">Sky News</channel>
    <channel update="i" site="musor.tv.m" site_id="RT" xmltv_id="Russia Today">Russia Today</channel>
    <channel update="i" site="musor.tv.m" site_id="MR1" xmltv_id="Kossuth Rádió">Kossuth Rádió</channel>
    <channel update="i" site="musor.tv.m" site_id="MR2" xmltv_id="Petőfi Rádió">Petőfi Rádió</channel>
    <channel update="i" site="musor.tv.m" site_id="MR3" xmltv_id="Bartók Rádió">Bartók Rádió</channel>
    <channel update="i" site="musor.tv.m" site_id="MR4" xmltv_id="Nemzetiségi Adások">Nemzetiségi Adások</channel>
    <channel update="i" site="musor.tv.m" site_id="DANKO_RADIO" xmltv_id="Dankó Rádió">Dankó Rádió</channel>
    <channel update="i" site="musor.tv.m" site_id="DUNAWORLDRADIO" xmltv_id="Duna World Rádió">Duna World Rádió</channel>
    <channel update="i" site="musor.tv.m" site_id="MKR" xmltv_id="Magyar Katolikus Rádió">Magyar Katolikus Rádió</channel>
    <channel update="i" site="musor.tv.m" site_id="BALATON_TV" xmltv_id="Balaton TV">Balaton TV</channel>
  </channels>
</site>