﻿<?xml version="1.0" encoding="UTF-8"?>
<site generator-info-name="WebGrab+Plus/w MDB &amp; REX Postprocess -- version  V3.0.0.0 -- build 2 -- Jan van Straaten" site="sport.mindigo.hu">
  <channels>
    <channel update="i" site="sport.mindigo.hu.E" site_id="eVY56RV1" xmltv_id="FightBox HD">FightBox HD</channel>
    <channel update="i" site="sport.mindigo.hu.E" site_id="OjEmJOjB" xmltv_id="Fast&amp;FunBox HD">Fast&amp;FunBox HD</channel>
    <channel update="i" site="sport.mindigo.hu.E" site_id="XrV7Q1vg" xmltv_id="GameToon HD">GameToon HD</channel>
    <channel update="i" site="sport.mindigo.hu.E" site_id="rvgk1Jva" xmltv_id="Nautical HD">Nautical HD</channel>
    <channel update="i" site="sport.mindigo.hu.E" site_id="7JKoYmjq" xmltv_id="FightTV">FightTV</channel>
    <channel update="i" site="sport.mindigo.hu.E" site_id="APV42Lvd" xmltv_id="SpeedTV">SpeedTV</channel>
    <channel update="i" site="sport.mindigo.hu.E" site_id="xOvdYDK1" xmltv_id="XtremSportsTV">XtremSportsTV</channel>
    <channel update="i" site="sport.mindigo.hu.E" site_id="Q3vePNjM" xmltv_id="FitnessTV">FitnessTV</channel>
    <channel update="i" site="sport.mindigo.hu.E" site_id="AdVxW5K8" xmltv_id="Fit HD">Fit HD</channel>
    <channel update="i" site="sport.mindigo.hu.E" site_id="1BjOzJV9" xmltv_id="Horse TV">Horse TV</channel>
    <channel update="i" site="sport.mindigo.hu.E" site_id="JwK1DGvy" xmltv_id="Fishing&amp;Hunting">Fishing&amp;Hunting</channel>
  </channels>
</site>