﻿<?xml version="1.0" encoding="UTF-8"?>
<site generator-info-name="WebGrab+Plus/w MDB &amp; REX Postprocess -- version V3.0.0.21 -- Jan van Straaten" site="mindigo.hu">
  <channels>
    <channel update="i" site="tv.mindigo.hu.E" site_id="YavWgvgy" xmltv_id="M1 HD">M1 HD</channel>
    <channel update="i" site="tv.mindigo.hu.E" site_id="56vplvge" xmltv_id="M2 HD">M2 HD</channel>
    <channel update="i" site="tv.mindigo.hu.E" site_id="8NVM3va9" xmltv_id="Duna HD">Duna HD</channel>
    <channel update="i" site="tv.mindigo.hu.E" site_id="5pKLxLK7" xmltv_id="M4 Sport HD">M4 Sport HD</channel>
    <channel update="i" site="tv.mindigo.hu.E" site_id="3qjPnJKL" xmltv_id="M5 HD">M5 HD</channel>
    <channel update="i" site="tv.mindigo.hu.E" site_id="xkKJqRvo" xmltv_id="Duna World">Duna World</channel>
    <channel update="i" site="tv.mindigo.hu.E" site_id="qnVA2aj1" xmltv_id="Izaura TV">Izaura TV</channel>
    <channel update="i" site="tv.mindigo.hu.E" site_id="6PjQ71KL" xmltv_id="Zenebutik">Zenebutik</channel>
    <channel update="i" site="tv.mindigo.hu.E" site_id="XrV7obVg" xmltv_id="FEM3">FEM3</channel>
    <channel update="i" site="tv.mindigo.hu.E" site_id="nLvmPj9l" xmltv_id="Hír TV">Hír TV</channel>
    <channel update="i" site="tv.mindigo.hu.E" site_id="ZJvzbavp" xmltv_id="Balaton TV">Balaton TV</channel>
    <channel update="i" site="tv.mindigo.hu.E" site_id="deVYpGK1" xmltv_id="Fix TV">Fix TV</channel>
    <channel update="i" site="tv.mindigo.hu.E" site_id="deVYpYK1" xmltv_id="D1 TV">D1 TV</channel>
    <channel update="i" site="tv.mindigo.hu.E" site_id="WXjwLlvO" xmltv_id="Bonum TV">Bonum TV</channel>
    <channel update="i" site="tv.mindigo.hu.E" site_id="AdVxq5j8" xmltv_id="Heti TV">Heti TV</channel>
    <channel update="i" site="tv.mindigo.hu.E" site_id="ZJvzeAjp" xmltv_id="PAX TV">PAX TV</channel>
    <channel update="i" site="tv.mindigo.hu.E" site_id="5pKLBPj7" xmltv_id="Film+">Film+</channel>
    <channel update="i" site="tv.mindigo.hu.E" site_id="JwK1YkKy" xmltv_id="Cool">Cool</channel>
    <channel update="i" site="tv.mindigo.hu.E" site_id="YmV2Gljq" xmltv_id="Mozi+">Mozi+</channel>
    <channel update="i" site="tv.mindigo.hu.E" site_id="qnVAOMv1" xmltv_id="AXN">AXN</channel>
    <channel update="i" site="tv.mindigo.hu.E" site_id="eOjERpvB" xmltv_id="Prime">Prime</channel>
    <channel update="i" site="tv.mindigo.hu.E" site_id="Y8VaaoVk" xmltv_id="RTL II">RTL II</channel>
    <channel update="i" site="tv.mindigo.hu.E" site_id="ogV6QdKm" xmltv_id="Super TV2">Super TV2</channel>
    <channel update="i" site="tv.mindigo.hu.E" site_id="5pKLxmK7" xmltv_id="Paramount Channel">Paramount Channel</channel>
    <channel update="i" site="tv.mindigo.hu.E" site_id="Y8VaQVkW" xmltv_id="ATV">ATV</channel>
    <channel update="i" site="tv.mindigo.hu.E" site_id="7JKoa7jq" xmltv_id="ATV Spirit">ATV Spirit</channel>
    <channel update="i" site="tv.mindigo.hu.E" site_id="3qjPRrKL" xmltv_id="TV 4">TV 4</channel>
    <channel update="i" site="tv.mindigo.hu.E" site_id="ZJvzr1vp" xmltv_id="Dikh TV">Dikh TV</channel>
    <channel update="i" site="tv.mindigo.hu.E" site_id="RdVDdVQW" xmltv_id="National Geographic">National Geographic</channel>
    <channel update="i" site="tv.mindigo.hu.E" site_id="xOvd6GV1" xmltv_id="Spiler TV">Spiler TV</channel>
    <channel update="i" site="tv.mindigo.hu.E" site_id="YavWbZjg" xmltv_id="Sláger TV">Sláger TV</channel>
    <channel update="i" site="tv.mindigo.hu.E" site_id="awvlqXK3" xmltv_id="Ozone Network">Ozone Network</channel>
    <channel update="i" site="tv.mindigo.hu.E" site_id="xkKJdrjo" xmltv_id="Fit HD">Fit HD</channel>
    <channel update="i" site="tv.mindigo.hu.E" site_id="AdVxAbj8" xmltv_id="Discovery Channel">Discovery Channel</channel>
    <channel update="i" site="tv.mindigo.hu.E" site_id="RdVD12jQ" xmltv_id="TLC">TLC</channel>
    <channel update="i" site="tv.mindigo.hu.E" site_id="LwK3GAKy" xmltv_id="Viasat3">Viasat3</channel>
    <channel update="i" site="tv.mindigo.hu.E" site_id="7JKoyXjq" xmltv_id="Viasat6">Viasat6</channel>
    <channel update="i" site="tv.mindigo.hu.E" site_id="rRKRx2j6" xmltv_id="Comedy Central">Comedy Central</channel>
    <channel update="i" site="tv.mindigo.hu.E" site_id="3Yjql2VD" xmltv_id="RTL+">RTL+</channel>
    <channel update="i" site="tv.mindigo.hu.E" site_id="krvglPKa" xmltv_id="Film 4">Film 4</channel>
    <channel update="i" site="tv.mindigo.hu.E" site_id="8NVMQ6Va" xmltv_id="Story 4">Story 4</channel>
    <channel update="i" site="tv.mindigo.hu.E" site_id="APV4klKd" xmltv_id="FilmBox">FilmBox</channel>
    <channel update="i" site="tv.mindigo.hu.E" site_id="JwK1eMKy" xmltv_id="Humor+">Humor+</channel>
    <channel update="i" site="tv.mindigo.hu.E" site_id="mMjbnNjB" xmltv_id="RTL Gold">RTL Gold</channel>
    <channel update="i" site="tv.mindigo.hu.E" site_id="oNvkpaKz" xmltv_id="Kiwi TV">Kiwi TV</channel>
    <channel update="i" site="tv.mindigo.hu.E" site_id="o0KGaLj8" xmltv_id="Da Vinci TV">Da Vinci TV</channel>
    <channel update="i" site="tv.mindigo.hu.E" site_id="6PjQJdvL" xmltv_id="Nickelodeon">Nickelodeon</channel>
    <channel update="i" site="tv.mindigo.hu.E" site_id="xkKJqDvo" xmltv_id="Cartoon Network">Cartoon Network</channel>
    <channel update="i" site="tv.mindigo.hu.E" site_id="0zV8p4Vn" xmltv_id="LiChi TV">LiChi TV</channel>
    <channel update="i" site="tv.mindigo.hu.E" site_id="ezv5pJj1" xmltv_id="NAT GEO Wild">NAT GEO Wild</channel>
    <channel update="i" site="tv.mindigo.hu.E" site_id="oNvkwnvz" xmltv_id="Viasat History">Viasat History</channel>
    <channel update="i" site="tv.mindigo.hu.E" site_id="1BjOQLK9" xmltv_id="Fishing&amp;Hunting">Fishing&amp;Hunting</channel>
    <channel update="i" site="tv.mindigo.hu.E" site_id="gbv9BXKX" xmltv_id="FilmBox Premium">FilmBox Premium</channel>
    <channel update="i" site="tv.mindigo.hu.E" site_id="3Lj0gPVe" xmltv_id="RTL Spike">RTL Spike</channel>
    <channel update="i" site="tv.mindigo.hu.E" site_id="eOjEWzKB" xmltv_id="Sony Max">Sony Max</channel>
    <channel update="i" site="tv.mindigo.hu.E" site_id="ODjrMDVe" xmltv_id="Sony Movie">Sony Movie</channel>
    <channel update="i" site="tv.mindigo.hu.E" site_id="LwK3DnVy" xmltv_id="Galaxy 4">Galaxy 4</channel>
    <channel update="i" site="tv.mindigo.hu.E" site_id="0zV8eZjn" xmltv_id="Viasat Explore">Viasat Explore</channel>
    <channel update="i" site="tv.mindigo.hu.E" site_id="Q3ve3JVM" xmltv_id="Viasat Nature">Viasat Nature</channel>
    <channel update="i" site="tv.mindigo.hu.E" site_id="ezv5B0K1" xmltv_id="Epic Drama HD">Epic Drama HD</channel>
    <channel update="i" site="tv.mindigo.hu.E" site_id="deVYPqK1" xmltv_id="GameToon HD">GameToon HD</channel>
    <channel update="i" site="tv.mindigo.hu.E" site_id="1BjOe7K9" xmltv_id="Nautical HD">Nautical HD</channel>
    <channel update="i" site="tv.mindigo.hu.E" site_id="ErVZkpjk" xmltv_id="Horse TV">Horse TV</channel>
  </channels>
</site>