﻿<?xml version="1.0" encoding="UTF-8"?>
<site generator-info-name="WebGrab+Plus/w MDB &amp; REX Postprocess -- version  V3.0.0.0 -- build 2 -- Jan van Straaten" site="tvgo.hu">
  <channels>
    <channel update="i" site="tvgo.hu.E" site_id="13" xmltv_id="m1">m1</channel>
    <channel update="i" site="tvgo.hu.E" site_id="109" xmltv_id="m2">m2</channel>
    <channel update="i" site="tvgo.hu.E" site_id="99" xmltv_id="Duna TV">Duna TV</channel>
    <channel update="i" site="tvgo.hu.E" site_id="143" xmltv_id="M4 Sport">M4 Sport</channel>
    <channel update="i" site="tvgo.hu.E" site_id="108" xmltv_id="Duna World">Duna World</channel>
    <channel update="i" site="tvgo.hu.E" site_id="93" xmltv_id="M5">M5</channel>
    <channel update="i" site="tvgo.hu.E" site_id="144" xmltv_id="RTL Klub">RTL Klub</channel>
    <channel update="i" site="tvgo.hu.E" site_id="145" xmltv_id="TV2">TV2</channel>
    <channel update="i" site="tvgo.hu.E" site_id="146" xmltv_id="Hír TV">Hír TV</channel>
    <channel update="i" site="tvgo.hu.E" site_id="73" xmltv_id="ATV">ATV</channel>
    <channel update="i" site="tvgo.hu.E" site_id="152" xmltv_id="LifeTV">LifeTV</channel>
    <channel update="i" site="tvgo.hu.E" site_id="148" xmltv_id="TV4">TV4</channel>
    <channel update="i" site="tvgo.hu.E" site_id="149" xmltv_id="Film+">Film+</channel>
    <channel update="i" site="tvgo.hu.E" site_id="151" xmltv_id="VIASAT3">VIASAT3</channel>
    <channel update="i" site="tvgo.hu.E" site_id="153" xmltv_id="VIASAT6">VIASAT6</channel>
    <channel update="i" site="tvgo.hu.E" site_id="272" xmltv_id="Prime">Prime</channel>
    <channel update="i" site="tvgo.hu.E" site_id="155" xmltv_id="STORY4">STORY4</channel>
    <channel update="i" site="tvgo.hu.E" site_id="156" xmltv_id="RTL II">RTL II</channel>
    <channel update="i" site="tvgo.hu.E" site_id="157" xmltv_id="Super TV2">Super TV2</channel>
    <channel update="i" site="tvgo.hu.E" site_id="132" xmltv_id="Film Café">Film Café</channel>
    <channel update="i" site="tvgo.hu.E" site_id="147" xmltv_id="OzoneTV">OzoneTV</channel>
    <channel update="i" site="tvgo.hu.E" site_id="175" xmltv_id="Da Vinci">Da Vinci</channel>
    <channel update="i" site="tvgo.hu.E" site_id="215" xmltv_id="RTL Spike">RTL Spike</channel>
    <channel update="i" site="tvgo.hu.E" site_id="111" xmltv_id="MTV">MTV</channel>
    <channel update="i" site="tvgo.hu.E" site_id="273" xmltv_id="Mozi+">Mozi+</channel>
    <channel update="i" site="tvgo.hu.E" site_id="216" xmltv_id="Comedy Family">Comedy Family</channel>
    <channel update="i" site="tvgo.hu.E" site_id="158" xmltv_id="RTL+">RTL+</channel>
    <channel update="i" site="tvgo.hu.E" site_id="160" xmltv_id="Spektrum Home">Spektrum Home</channel>
    <channel update="i" site="tvgo.hu.E" site_id="83" xmltv_id="Sláger TV">Sláger TV</channel>
    <channel update="i" site="tvgo.hu.E" site_id="271" xmltv_id="CNN International">CNN International</channel>
    <channel update="i" site="tvgo.hu.E" site_id="12" xmltv_id="Euronews">Euronews</channel>
    <channel update="i" site="tvgo.hu.E" site_id="121" xmltv_id="Sport 1">Sport 1</channel>
    <channel update="i" site="tvgo.hu.E" site_id="162" xmltv_id="Eurosport">Eurosport</channel>
    <channel update="i" site="tvgo.hu.E" site_id="122" xmltv_id="Sport 2">Sport 2</channel>
    <channel update="i" site="tvgo.hu.E" site_id="163" xmltv_id="Eurosport2">Eurosport2</channel>
    <channel update="i" site="tvgo.hu.E" site_id="217" xmltv_id="Spíler TV">Spíler TV</channel>
    <channel update="i" site="tvgo.hu.E" site_id="276" xmltv_id="Spíler2 TV">Spíler2 TV</channel>
    <channel update="i" site="tvgo.hu.E" site_id="165" xmltv_id="Minimax">Minimax</channel>
    <channel update="i" site="tvgo.hu.E" site_id="131" xmltv_id="Disney Channel">Disney Channel</channel>
    <channel update="i" site="tvgo.hu.E" site_id="224" xmltv_id="JimJam">JimJam</channel>
    <channel update="i" site="tvgo.hu.E" site_id="225" xmltv_id="Nickelodeon">Nickelodeon</channel>
    <channel update="i" site="tvgo.hu.E" site_id="284" xmltv_id="Nicktoons">Nicktoons</channel>
    <channel update="i" site="tvgo.hu.E" site_id="288" xmltv_id="Galaxy 4">Galaxy 4</channel>
    <channel update="i" site="tvgo.hu.E" site_id="226" xmltv_id="COOL">COOL</channel>
    <channel update="i" site="tvgo.hu.E" site_id="223" xmltv_id="AXN">AXN</channel>
    <channel update="i" site="tvgo.hu.E" site_id="227" xmltv_id="AMC">AMC</channel>
    <channel update="i" site="tvgo.hu.E" site_id="262" xmltv_id="Humor+">Humor+</channel>
    <channel update="i" site="tvgo.hu.E" site_id="228" xmltv_id="Comedy Central">Comedy Central</channel>
    <channel update="i" site="tvgo.hu.E" site_id="229" xmltv_id="Film4">Film4</channel>
    <channel update="i" site="tvgo.hu.E" site_id="230" xmltv_id="Paramount Channel">Paramount Channel</channel>
    <channel update="i" site="tvgo.hu.E" site_id="231" xmltv_id="Discovery Channel">Discovery Channel</channel>
    <channel update="i" site="tvgo.hu.E" site_id="232" xmltv_id="TLC">TLC</channel>
    <channel update="i" site="tvgo.hu.E" site_id="274" xmltv_id="ID Investigation">ID Investigation</channel>
    <channel update="i" site="tvgo.hu.E" site_id="233" xmltv_id="National Geographic">National Geographic</channel>
    <channel update="i" site="tvgo.hu.E" site_id="241" xmltv_id="National Geographic Wild">National Geographic Wild</channel>
    <channel update="i" site="tvgo.hu.E" site_id="244" xmltv_id="Spektrum">Spektrum</channel>
    <channel update="i" site="tvgo.hu.E" site_id="275" xmltv_id="Animal Planet">Animal Planet</channel>
    <channel update="i" site="tvgo.hu.E" site_id="245" xmltv_id="BBC Earth">BBC Earth</channel>
    <channel update="i" site="tvgo.hu.E" site_id="246" xmltv_id="TV Paprika">TV Paprika</channel>
    <channel update="i" site="tvgo.hu.E" site_id="263" xmltv_id="LiChi TV">LiChi TV</channel>
    <channel update="i" site="tvgo.hu.E" site_id="264" xmltv_id="Izaura TV">Izaura TV</channel>
    <channel update="i" site="tvgo.hu.E" site_id="280" xmltv_id="Fit HD">Fit HD</channel>
    <channel update="i" site="tvgo.hu.E" site_id="253" xmltv_id="Travel Channel">Travel Channel</channel>
    <channel update="i" site="tvgo.hu.E" site_id="265" xmltv_id="History">History</channel>
    <channel update="i" site="tvgo.hu.E" site_id="286" xmltv_id="History 2">History 2</channel>
    <channel update="i" site="tvgo.hu.E" site_id="249" xmltv_id="Viasat Explore">Viasat Explore</channel>
    <channel update="i" site="tvgo.hu.E" site_id="250" xmltv_id="Viasat Nature">Viasat Nature</channel>
    <channel update="i" site="tvgo.hu.E" site_id="251" xmltv_id="Viasat History">Viasat History</channel>
    <channel update="i" site="tvgo.hu.E" site_id="266" xmltv_id="Zenebutik">Zenebutik</channel>
    <channel update="i" site="tvgo.hu.E" site_id="252" xmltv_id="Stringray Classica">Stringray Classica</channel>
    <channel update="i" site="tvgo.hu.E" site_id="278" xmltv_id="MTV Rocks">MTV Rocks</channel>
    <channel update="i" site="tvgo.hu.E" site_id="242" xmltv_id="VH1 Europe">VH1 Europe</channel>
    <channel update="i" site="tvgo.hu.E" site_id="267" xmltv_id="FEM3">FEM3</channel>
    <channel update="i" site="tvgo.hu.E" site_id="287" xmltv_id="ATV Spirit">ATV Spirit</channel>
    <channel update="i" site="tvgo.hu.E" site_id="285" xmltv_id="Dikh TV">Dikh TV</channel>
    <channel update="i" site="tvgo.hu.E" site_id="254" xmltv_id="Mediaset">Mediaset</channel>
    <channel update="i" site="tvgo.hu.E" site_id="236" xmltv_id="TV5 Monde">TV5 Monde</channel>
    <channel update="i" site="tvgo.hu.E" site_id="255" xmltv_id="RTR Planeta">RTR Planeta</channel>
    <channel update="i" site="tvgo.hu.E" site_id="257" xmltv_id="Nick Jr.">Nick Jr.</channel>
    <channel update="i" site="tvgo.hu.E" site_id="268" xmltv_id="Kiwi">Kiwi</channel>
    <channel update="i" site="tvgo.hu.E" site_id="239" xmltv_id="Cartoon Network">Cartoon Network</channel>
    <channel update="i" site="tvgo.hu.E" site_id="258" xmltv_id="Boomerang">Boomerang</channel>
    <channel update="i" site="tvgo.hu.E" site_id="256" xmltv_id="Fishing &amp; Hunting">Fishing &amp; Hunting</channel>
    <channel update="i" site="tvgo.hu.E" site_id="259" xmltv_id="English Club">English Club</channel>
    <channel update="i" site="tvgo.hu.E" site_id="234" xmltv_id="MTV Hits">MTV Hits</channel>
    <channel update="i" site="tvgo.hu.E" site_id="282" xmltv_id="Jocky TV">Jocky TV</channel>
    <channel update="i" site="tvgo.hu.E" site_id="235" xmltv_id="Film Mánia">Film Mánia</channel>
    <channel update="i" site="tvgo.hu.E" site_id="279" xmltv_id="EPIC Dráma">EPIC Dráma</channel>
    <channel update="i" site="tvgo.hu.E" site_id="238" xmltv_id="Sony Max">Sony Max</channel>
    <channel update="i" site="tvgo.hu.E" site_id="237" xmltv_id="Sony Movie Channel">Sony Movie Channel</channel>
    <channel update="i" site="tvgo.hu.E" site_id="269" xmltv_id="RTL Gold">RTL Gold</channel>
    <channel update="i" site="tvgo.hu.E" site_id="261" xmltv_id="Sorozat+">Sorozat+</channel>
    <channel update="i" site="tvgo.hu.E" site_id="283" xmltv_id="Moziverzum">Moziverzum</channel>
  </channels>
</site>