﻿<?xml version="1.0" encoding="UTF-8"?>
<site generator-info-name="WebGrab+Plus/w MDB &amp; REX Postprocess -- version V3.1.3.3 -- Jan van Straaten" site="evotv.hr">
  <channels>
    <channel update="i" site="evotv.hr" site_id="105" xmltv_id="Al Jazeera Balkans">Al Jazeera Balkans</channel>
    <channel update="i" site="evotv.hr" site_id="301" xmltv_id="Toon kids">Toon kids</channel>
    <channel update="i" site="evotv.hr" site_id="208" xmltv_id="RTL Living">RTL Living</channel>
    <channel update="i" site="evotv.hr" site_id="115" xmltv_id="RTL Adria">RTL Adria</channel>
    <channel update="i" site="evotv.hr" site_id="114" xmltv_id="RTL Crime">RTL Crime</channel>
    <channel update="i" site="evotv.hr" site_id="607" xmltv_id="RTL Passion">RTL Passion</channel>
    <channel update="i" site="evotv.hr" site_id="101" xmltv_id="Da Vinci">Da Vinci</channel>
    <channel update="i" site="evotv.hr" site_id="100" xmltv_id="EVOtv info">EVOtv info</channel>
    <channel update="i" site="evotv.hr" site_id="102" xmltv_id="Laudato TV">Laudato TV</channel>
    <channel update="i" site="evotv.hr" site_id="207" xmltv_id="PickboxTV">PickboxTV</channel>
    <channel update="i" site="evotv.hr" site_id="305" xmltv_id="Nickelodeon">Nickelodeon</channel>
    <channel update="i" site="evotv.hr" site_id="601" xmltv_id="VH1">VH1</channel>
    <channel update="i" site="evotv.hr" site_id="751" xmltv_id="Vivid">Vivid</channel>
    <channel update="i" site="evotv.hr" site_id="405" xmltv_id="Arenasport 1">Arenasport 1</channel>
    <channel update="i" site="evotv.hr" site_id="406" xmltv_id="Arenasport 2">Arenasport 2</channel>
    <channel update="i" site="evotv.hr" site_id="113" xmltv_id="DokuTV HD">DokuTV HD</channel>
    <channel update="i" site="evotv.hr" site_id="112" xmltv_id="Epic Drama">Epic Drama</channel>
    <channel update="i" site="evotv.hr" site_id="107" xmltv_id="National Geographic">National Geographic</channel>
    <channel update="i" site="evotv.hr" site_id="108" xmltv_id="NatGeo Wild">NatGeo Wild</channel>
    <channel update="i" site="evotv.hr" site_id="109" xmltv_id="Viasat Explore">Viasat Explore</channel>
    <channel update="i" site="evotv.hr" site_id="110" xmltv_id="Viasat History">Viasat History</channel>
    <channel update="i" site="evotv.hr" site_id="106" xmltv_id="CNN">CNN</channel>
    <channel update="i" site="evotv.hr" site_id="300" xmltv_id="Nicktoons">Nicktoons</channel>
    <channel update="i" site="evotv.hr" site_id="219" xmltv_id="FOXCrime">FOXCrime</channel>
    <channel update="i" site="evotv.hr" site_id="220" xmltv_id="FOXMovies">FOXMovies</channel>
    <channel update="i" site="evotv.hr" site_id="205" xmltv_id="TV1000">TV1000</channel>
    <channel update="i" site="evotv.hr" site_id="204" xmltv_id="KlasikTV">KlasikTV</channel>
    <channel update="i" site="evotv.hr" site_id="214" xmltv_id="M1 Gold">M1 Gold</channel>
    <channel update="i" site="evotv.hr" site_id="213" xmltv_id="M1 FILM">M1 FILM</channel>
    <channel update="i" site="evotv.hr" site_id="210" xmltv_id="Cinestar TV 1">Cinestar TV 1</channel>
    <channel update="i" site="evotv.hr" site_id="209" xmltv_id="KinoTV">KinoTV</channel>
    <channel update="i" site="evotv.hr" site_id="211" xmltv_id="Fox">Fox</channel>
    <channel update="i" site="evotv.hr" site_id="212" xmltv_id="Fox Life">Fox Life</channel>
    <channel update="i" site="evotv.hr" site_id="206" xmltv_id="AXN">AXN</channel>
    <channel update="i" site="evotv.hr" site_id="304" xmltv_id="Cartoon Network">Cartoon Network</channel>
    <channel update="i" site="evotv.hr" site_id="303" xmltv_id="Boomerang">Boomerang</channel>
    <channel update="i" site="evotv.hr" site_id="302" xmltv_id="BabyTV">BabyTV</channel>
    <channel update="i" site="evotv.hr" site_id="306" xmltv_id="Nick Jr.">Nick Jr.</channel>
    <channel update="i" site="evotv.hr" site_id="215" xmltv_id="CineStar TV Premiere 1">CineStar TV Premiere 1</channel>
    <channel update="i" site="evotv.hr" site_id="216" xmltv_id="CineStar TV Premiere 2">CineStar TV Premiere 2</channel>
    <channel update="i" site="evotv.hr" site_id="217" xmltv_id="CineStar TV Action &amp; Thriller">CineStar TV Action &amp; Thriller</channel>
    <channel update="i" site="evotv.hr" site_id="218" xmltv_id="CineStar TV Fantasy">CineStar TV Fantasy</channel>
    <channel update="i" site="evotv.hr" site_id="500" xmltv_id="24Kitchen">24Kitchen</channel>
    <channel update="i" site="evotv.hr" site_id="600" xmltv_id="MTV">MTV</channel>
    <channel update="i" site="evotv.hr" site_id="604" xmltv_id="Jugoton">Jugoton</channel>
    <channel update="i" site="evotv.hr" site_id="603" xmltv_id="DM sat">DM sat</channel>
    <channel update="i" site="evotv.hr" site_id="407" xmltv_id="Arenasport 3">Arenasport 3</channel>
    <channel update="i" site="evotv.hr" site_id="408" xmltv_id="Arenasport 4">Arenasport 4</channel>
    <channel update="i" site="evotv.hr" site_id="409" xmltv_id="Arenasport 5">Arenasport 5</channel>
    <channel update="i" site="evotv.hr" site_id="410" xmltv_id="Arena sport 6">Arena sport 6</channel>
    <channel update="i" site="evotv.hr" site_id="404" xmltv_id="HNTV">HNTV</channel>
    <channel update="i" site="evotv.hr" site_id="199" xmltv_id="HBO">HBO</channel>
    <channel update="i" site="evotv.hr" site_id="200" xmltv_id="HBO 2">HBO 2</channel>
    <channel update="i" site="evotv.hr" site_id="201" xmltv_id="HBO 3">HBO 3</channel>
    <channel update="i" site="evotv.hr" site_id="202" xmltv_id="Cinemax">Cinemax</channel>
    <channel update="i" site="evotv.hr" site_id="203" xmltv_id="Cinemax 2">Cinemax 2</channel>
    <channel update="i" site="evotv.hr" site_id="198" xmltv_id="HBO GO">HBO GO</channel>
  </channels>
</site>