﻿<?xml version="1.0" encoding="UTF-8"?>
<site generator-info-name="WebGrab+Plus/w MDB &amp; REX Postprocess -- version V3.0.3.5 -- Jan van Straaten" site="india">
  <channels>
    <channel update="i" site="india.EK" site_id="39601043" xmltv_id="Sony Marathi">Sony Marathi</channel>
    <channel update="i" site="india.EK" site_id="196" xmltv_id="Jaya Plus">Jaya Plus</channel>
    <channel update="i" site="india.EK" site_id="296" xmltv_id="Raj TV">Raj TV</channel>
    <channel update="i" site="india.EK" site_id="184" xmltv_id="India News">India News</channel>
    <channel update="i" site="india.EK" site_id="1539055" xmltv_id="Tollywood">Tollywood</channel>
    <channel update="i" site="india.EK" site_id="1539022" xmltv_id="Enter 10">Enter 10</channel>
    <channel update="i" site="india.EK" site_id="7525805" xmltv_id="Star Maa HD">Star Maa HD</channel>
    <channel update="i" site="india.EK" site_id="1539040" xmltv_id="Puthu Yugam">Puthu Yugam</channel>
    <channel update="i" site="india.EK" site_id="1539043" xmltv_id="Raj Musix Kannada">Raj Musix Kannada</channel>
    <channel update="i" site="india.EK" site_id="222" xmltv_id="Lok Sabha TV">Lok Sabha TV</channel>
    <channel update="i" site="india.EK" site_id="4050035" xmltv_id="Multiplex">Multiplex</channel>
    <channel update="i" site="india.EK" site_id="1539016" xmltv_id="DD Madhya Pradesh">DD Madhya Pradesh</channel>
    <channel update="i" site="india.EK" site_id="285" xmltv_id="Polimer TV">Polimer TV</channel>
    <channel update="i" site="india.EK" site_id="295" xmltv_id="Raj Digital Plus">Raj Digital Plus</channel>
    <channel update="i" site="india.EK" site_id="311" xmltv_id="Samachar Plus Rajasthan">Samachar Plus Rajasthan</channel>
    <channel update="i" site="india.EK" site_id="320" xmltv_id="Shalom TV">Shalom TV</channel>
    <channel update="i" site="india.EK" site_id="7871848" xmltv_id="FYI TV18 HD">FYI TV18 HD</channel>
    <channel update="i" site="india.EK" site_id="86" xmltv_id="CNBC TV18 Prime HD">CNBC TV18 Prime HD</channel>
    <channel update="i" site="india.EK" site_id="129" xmltv_id="Disha TV">Disha TV</channel>
    <channel update="i" site="india.EK" site_id="444" xmltv_id="Zing">Zing</channel>
    <channel update="i" site="india.EK" site_id="99" xmltv_id="Comedy Central HD">Comedy Central HD</channel>
    <channel update="i" site="india.EK" site_id="264" xmltv_id="News24">News24</channel>
    <channel update="i" site="india.EK" site_id="214" xmltv_id="Kolkata TV">Kolkata TV</channel>
    <channel update="i" site="india.EK" site_id="372" xmltv_id="Surya TV">Surya TV</channel>
    <channel update="i" site="india.EK" site_id="428" xmltv_id="Zee Marathi">Zee Marathi</channel>
    <channel update="i" site="india.EK" site_id="1539020" xmltv_id="ETV Cinema">ETV Cinema</channel>
    <channel update="i" site="india.EK" site_id="25271422" xmltv_id="Pitaara">Pitaara</channel>
    <channel update="i" site="india.EK" site_id="149" xmltv_id="ETV Urdu">ETV Urdu</channel>
    <channel update="i" site="india.EK" site_id="190" xmltv_id="Jaihind TV">Jaihind TV</channel>
    <channel update="i" site="india.EK" site_id="7871849" xmltv_id="Raj News 24x7">Raj News 24x7</channel>
    <channel update="i" site="india.EK" site_id="38297457" xmltv_id="Zee Uttar Pradesh Uttarakhand">Zee Uttar Pradesh Uttarakhand</channel>
    <channel update="i" site="india.EK" site_id="335" xmltv_id="Sony SAB">Sony SAB</channel>
    <channel update="i" site="india.EK" site_id="38297356" xmltv_id="Zee Bollywood">Zee Bollywood</channel>
    <channel update="i" site="india.EK" site_id="38297208" xmltv_id="Zee Telugu HD">Zee Telugu HD</channel>
    <channel update="i" site="india.EK" site_id="192" xmltv_id="Jalsha Movies">Jalsha Movies</channel>
    <channel update="i" site="india.EK" site_id="38297172" xmltv_id="Zee Cinemalu HD">Zee Cinemalu HD</channel>
    <channel update="i" site="india.EK" site_id="358" xmltv_id="Star Sports Select 1">Star Sports Select 1</channel>
    <channel update="i" site="india.EK" site_id="33359069" xmltv_id="And flix HD">And flix HD</channel>
    <channel update="i" site="india.EK" site_id="317" xmltv_id="Sarthak TV">Sarthak TV</channel>
    <channel update="i" site="india.EK" site_id="352" xmltv_id="Star Sports 1 Tamil">Star Sports 1 Tamil</channel>
    <channel update="i" site="india.EK" site_id="39515105" xmltv_id="Star Sports 3">Star Sports 3</channel>
    <channel update="i" site="india.EK" site_id="256" xmltv_id="National Geographic HD">National Geographic HD</channel>
    <channel update="i" site="india.EK" site_id="39516423" xmltv_id="Surya Comedy">Surya Comedy</channel>
    <channel update="i" site="india.EK" site_id="17648320" xmltv_id="Star Maa Movies HD">Star Maa Movies HD</channel>
    <channel update="i" site="india.EK" site_id="68" xmltv_id="Bhakti TV">Bhakti TV</channel>
    <channel update="i" site="india.EK" site_id="50" xmltv_id="Animal Planet HD">Animal Planet HD</channel>
    <channel update="i" site="india.EK" site_id="151" xmltv_id="Flowers">Flowers</channel>
    <channel update="i" site="india.EK" site_id="39516504" xmltv_id="Surya Cinema">Surya Cinema</channel>
    <channel update="i" site="india.EK" site_id="39516549" xmltv_id="Colors Kannada Cinema">Colors Kannada Cinema</channel>
    <channel update="i" site="india.EK" site_id="393" xmltv_id="TV5 Monde Asia">TV5 Monde Asia</channel>
    <channel update="i" site="india.EK" site_id="81" xmltv_id="Chutti TV">Chutti TV</channel>
    <channel update="i" site="india.EK" site_id="51" xmltv_id="SONY YAY">SONY YAY</channel>
    <channel update="i" site="india.EK" site_id="384" xmltv_id="Ten 1">Ten 1</channel>
    <channel update="i" site="india.EK" site_id="27683045" xmltv_id="Tata Sky Star Movies HD +1">Tata Sky Star Movies HD +1</channel>
    <channel update="i" site="india.EK" site_id="59" xmltv_id="Asianet Plus">Asianet Plus</channel>
    <channel update="i" site="india.EK" site_id="18758267" xmltv_id="Republic TV">Republic TV</channel>
    <channel update="i" site="india.EK" site_id="128" xmltv_id="Discovery Turbo">Discovery Turbo</channel>
    <channel update="i" site="india.EK" site_id="150" xmltv_id="Filmy">Filmy</channel>
    <channel update="i" site="india.EK" site_id="18758663" xmltv_id="Housefull Action">Housefull Action</channel>
    <channel update="i" site="india.EK" site_id="108" xmltv_id="DD Kashir">DD Kashir</channel>
    <channel update="i" site="india.EK" site_id="225" xmltv_id="Star Maa Music">Star Maa Music</channel>
    <channel update="i" site="india.EK" site_id="138" xmltv_id="ETV Andhra Pradesh">ETV Andhra Pradesh</channel>
    <channel update="i" site="india.EK" site_id="101" xmltv_id="Dangal TV">Dangal TV</channel>
    <channel update="i" site="india.EK" site_id="157" xmltv_id="FTV">FTV</channel>
    <channel update="i" site="india.EK" site_id="199" xmltv_id="Jinvani">Jinvani</channel>
    <channel update="i" site="india.EK" site_id="293" xmltv_id="Public TV">Public TV</channel>
    <channel update="i" site="india.EK" site_id="385" xmltv_id="Thanthi TV">Thanthi TV</channel>
    <channel update="i" site="india.EK" site_id="111" xmltv_id="DD National">DD National</channel>
    <channel update="i" site="india.EK" site_id="134" xmltv_id="E24">E24</channel>
    <channel update="i" site="india.EK" site_id="189" xmltv_id="Ishwar TV">Ishwar TV</channel>
    <channel update="i" site="india.EK" site_id="231" xmltv_id="Mastii">Mastii</channel>
    <channel update="i" site="india.EK" site_id="434" xmltv_id="Zee Salaam">Zee Salaam</channel>
    <channel update="i" site="india.EK" site_id="213" xmltv_id="Kochu TV">Kochu TV</channel>
    <channel update="i" site="india.EK" site_id="215" xmltv_id="KTV">KTV</channel>
    <channel update="i" site="india.EK" site_id="229" xmltv_id="Makkal TV">Makkal TV</channel>
    <channel update="i" site="india.EK" site_id="221" xmltv_id="Living Foodz">Living Foodz</channel>
    <channel update="i" site="india.EK" site_id="299" xmltv_id="Rengoni TV">Rengoni TV</channel>
    <channel update="i" site="india.EK" site_id="106" xmltv_id="DD Girnar">DD Girnar</channel>
    <channel update="i" site="india.EK" site_id="230" xmltv_id="Manorama News">Manorama News</channel>
    <channel update="i" site="india.EK" site_id="325" xmltv_id="Sonic">Sonic</channel>
    <channel update="i" site="india.EK" site_id="284" xmltv_id="Polimer News">Polimer News</channel>
    <channel update="i" site="india.EK" site_id="298" xmltv_id="Rang TV">Rang TV</channel>
    <channel update="i" site="india.EK" site_id="314" xmltv_id="Sangeet Bangla">Sangeet Bangla</channel>
    <channel update="i" site="india.EK" site_id="394" xmltv_id="TV9 Gujarati">TV9 Gujarati</channel>
    <channel update="i" site="india.EK" site_id="475" xmltv_id="Big Magic Ganga">Big Magic Ganga</channel>
    <channel update="i" site="india.EK" site_id="260" xmltv_id="NDTV Profit">NDTV Profit</channel>
    <channel update="i" site="india.EK" site_id="87" xmltv_id="CNN News18">CNN News18</channel>
    <channel update="i" site="india.EK" site_id="392" xmltv_id="TV5">TV5</channel>
    <channel update="i" site="india.EK" site_id="326" xmltv_id="Sony AATH">Sony AATH</channel>
    <channel update="i" site="india.EK" site_id="333" xmltv_id="Sony MIX">Sony MIX</channel>
    <channel update="i" site="india.EK" site_id="19726162" xmltv_id="Star Sports Select 2">Star Sports Select 2</channel>
    <channel update="i" site="india.EK" site_id="375" xmltv_id="SVBC">SVBC</channel>
    <channel update="i" site="india.EK" site_id="197" xmltv_id="Jaya TV">Jaya TV</channel>
    <channel update="i" site="india.EK" site_id="202" xmltv_id="Kairali We TV">Kairali We TV</channel>
    <channel update="i" site="india.EK" site_id="386" xmltv_id="Times Now">Times Now</channel>
    <channel update="i" site="india.EK" site_id="276" xmltv_id="OTV">OTV</channel>
    <channel update="i" site="india.EK" site_id="442" xmltv_id="Z ETC">Z ETC</channel>
    <channel update="i" site="india.EK" site_id="462" xmltv_id="Tez">Tez</channel>
    <channel update="i" site="india.EK" site_id="476" xmltv_id="DD Rajasthan">DD Rajasthan</channel>
    <channel update="i" site="india.EK" site_id="36" xmltv_id="9X Tashan">9X Tashan</channel>
    <channel update="i" site="india.EK" site_id="40" xmltv_id="ABN Andhra Jyothi">ABN Andhra Jyothi</channel>
    <channel update="i" site="india.EK" site_id="279" xmltv_id="&amp;pictures">&amp;pictures</channel>
    <channel update="i" site="india.EK" site_id="1539054" xmltv_id="Ten TV Telugu News">Ten TV Telugu News</channel>
    <channel update="i" site="india.EK" site_id="446" xmltv_id="Naaptol Blue">Naaptol Blue</channel>
    <channel update="i" site="india.EK" site_id="438" xmltv_id="Zee Tamil">Zee Tamil</channel>
    <channel update="i" site="india.EK" site_id="433" xmltv_id="Zee Rajasthan News">Zee Rajasthan News</channel>
    <channel update="i" site="india.EK" site_id="367" xmltv_id="Sun Music">Sun Music</channel>
    <channel update="i" site="india.EK" site_id="161" xmltv_id="Gemini Life">Gemini Life</channel>
    <channel update="i" site="india.EK" site_id="80" xmltv_id="Chintu TV">Chintu TV</channel>
    <channel update="i" site="india.EK" site_id="359" xmltv_id="Star Utsav">Star Utsav</channel>
    <channel update="i" site="india.EK" site_id="153" xmltv_id="Food Food">Food Food</channel>
    <channel update="i" site="india.EK" site_id="486" xmltv_id="Aastha Bhajan">Aastha Bhajan</channel>
    <channel update="i" site="india.EK" site_id="53" xmltv_id="Arihant">Arihant</channel>
    <channel update="i" site="india.EK" site_id="115" xmltv_id="DD Punjabi">DD Punjabi</channel>
    <channel update="i" site="india.EK" site_id="234" xmltv_id="MBC">MBC</channel>
    <channel update="i" site="india.EK" site_id="119" xmltv_id="DD Sports">DD Sports</channel>
    <channel update="i" site="india.EK" site_id="310" xmltv_id="Sakshi TV">Sakshi TV</channel>
    <channel update="i" site="india.EK" site_id="373" xmltv_id="Suvarna News 24x7">Suvarna News 24x7</channel>
    <channel update="i" site="india.EK" site_id="1539017" xmltv_id="DD Podhigai">DD Podhigai</channel>
    <channel update="i" site="india.EK" site_id="308" xmltv_id="Sahara One">Sahara One</channel>
    <channel update="i" site="india.EK" site_id="319" xmltv_id="Shakti TV">Shakti TV</channel>
    <channel update="i" site="india.EK" site_id="272" xmltv_id="Nick Junior">Nick Junior</channel>
    <channel update="i" site="india.EK" site_id="84" xmltv_id="CNBC Bajar">CNBC Bajar</channel>
    <channel update="i" site="india.EK" site_id="273" xmltv_id="Nickelodeon">Nickelodeon</channel>
    <channel update="i" site="india.EK" site_id="163" xmltv_id="Gemini Music">Gemini Music</channel>
    <channel update="i" site="india.EK" site_id="20204397" xmltv_id="Sony Ten 3 HD">Sony Ten 3 HD</channel>
    <channel update="i" site="india.EK" site_id="348" xmltv_id="Star Pravah">Star Pravah</channel>
    <channel update="i" site="india.EK" site_id="374" xmltv_id="Suvarna Plus">Suvarna Plus</channel>
    <channel update="i" site="india.EK" site_id="4050039" xmltv_id="Nat Geo People HD">Nat Geo People HD</channel>
    <channel update="i" site="india.EK" site_id="252" xmltv_id="Nat Geo People">Nat Geo People</channel>
    <channel update="i" site="india.EK" site_id="1539036" xmltv_id="Nat Geo Music HD">Nat Geo Music HD</channel>
    <channel update="i" site="india.EK" site_id="482" xmltv_id="Travel XP">Travel XP</channel>
    <channel update="i" site="india.EK" site_id="1539039" xmltv_id="Pratidin Time">Pratidin Time</channel>
    <channel update="i" site="india.EK" site_id="397" xmltv_id="&amp;tv">&amp;tv</channel>
    <channel update="i" site="india.EK" site_id="291" xmltv_id="PTC News">PTC News</channel>
    <channel update="i" site="india.EK" site_id="1539041" xmltv_id="R Plus News">R Plus News</channel>
    <channel update="i" site="india.EK" site_id="1539046" xmltv_id="Sangeet Marathi">Sangeet Marathi</channel>
    <channel update="i" site="india.EK" site_id="1539957" xmltv_id="ETV Life">ETV Life</channel>
    <channel update="i" site="india.EK" site_id="1539037" xmltv_id="Naxatra news">Naxatra news</channel>
    <channel update="i" site="india.EK" site_id="177" xmltv_id="HM TV">HM TV</channel>
    <channel update="i" site="india.EK" site_id="236" xmltv_id="Mega TV">Mega TV</channel>
    <channel update="i" site="india.EK" site_id="54" xmltv_id="Aseervatham TV">Aseervatham TV</channel>
    <channel update="i" site="india.EK" site_id="194" xmltv_id="Jaya Max">Jaya Max</channel>
    <channel update="i" site="india.EK" site_id="205" xmltv_id="Kalaignar Sirippoli">Kalaignar Sirippoli</channel>
    <channel update="i" site="india.EK" site_id="263" xmltv_id="Nepal 1">Nepal 1</channel>
    <channel update="i" site="india.EK" site_id="223" xmltv_id="Star Maa Gold">Star Maa Gold</channel>
    <channel update="i" site="india.EK" site_id="112" xmltv_id="DD NE">DD NE</channel>
    <channel update="i" site="india.EK" site_id="431" xmltv_id="Zee Punjab Haryana Himachal">Zee Punjab Haryana Himachal</channel>
    <channel update="i" site="india.EK" site_id="104" xmltv_id="DD Bihar">DD Bihar</channel>
    <channel update="i" site="india.EK" site_id="70" xmltv_id="Bindass">Bindass</channel>
    <channel update="i" site="india.EK" site_id="168" xmltv_id="Goodness TV">Goodness TV</channel>
    <channel update="i" site="india.EK" site_id="209" xmltv_id="Kappa TV">Kappa TV</channel>
    <channel update="i" site="india.EK" site_id="1539049" xmltv_id="Sony ESPN HD">Sony ESPN HD</channel>
    <channel update="i" site="india.EK" site_id="4050032" xmltv_id="Star Vijay HD">Star Vijay HD</channel>
    <channel update="i" site="india.EK" site_id="1539057" xmltv_id="VTV Gujarati">VTV Gujarati</channel>
    <channel update="i" site="india.EK" site_id="105" xmltv_id="DD Chandana">DD Chandana</channel>
    <channel update="i" site="india.EK" site_id="210" xmltv_id="Kashish News">Kashish News</channel>
    <channel update="i" site="india.EK" site_id="318" xmltv_id="Seithigal">Seithigal</channel>
    <channel update="i" site="india.EK" site_id="180" xmltv_id="IBC 24">IBC 24</channel>
    <channel update="i" site="india.EK" site_id="39" xmltv_id="Aastha">Aastha</channel>
    <channel update="i" site="india.EK" site_id="167" xmltv_id="God TV">God TV</channel>
    <channel update="i" site="india.EK" site_id="228" xmltv_id="Maiboli Tv">Maiboli Tv</channel>
    <channel update="i" site="india.EK" site_id="278" xmltv_id="Peace of Mind">Peace of Mind</channel>
    <channel update="i" site="india.EK" site_id="288" xmltv_id="Prarthana TV">Prarthana TV</channel>
    <channel update="i" site="india.EK" site_id="141" xmltv_id="ETV News Bangla">ETV News Bangla</channel>
    <channel update="i" site="india.EK" site_id="5744665" xmltv_id="Kannada Cinema Club">Kannada Cinema Club</channel>
    <channel update="i" site="india.EK" site_id="5744667" xmltv_id="Tamil Cinema Club">Tamil Cinema Club</channel>
    <channel update="i" site="india.EK" site_id="6309091" xmltv_id="GTPL Music">GTPL Music</channel>
    <channel update="i" site="india.EK" site_id="6309092" xmltv_id="GTPL MAX">GTPL MAX</channel>
    <channel update="i" site="india.EK" site_id="6309093" xmltv_id="GTPL Katha">GTPL Katha</channel>
    <channel update="i" site="india.EK" site_id="96" xmltv_id="Colors Marathi">Colors Marathi</channel>
    <channel update="i" site="india.EK" site_id="7871844" xmltv_id="VH1 HD">VH1 HD</channel>
    <channel update="i" site="india.EK" site_id="88" xmltv_id="CNN International">CNN International</channel>
    <channel update="i" site="india.EK" site_id="4050028" xmltv_id="Jalsha Movies HD">Jalsha Movies HD</channel>
    <channel update="i" site="india.EK" site_id="7518104" xmltv_id="Zee Anmol Cinema">Zee Anmol Cinema</channel>
    <channel update="i" site="india.EK" site_id="156" xmltv_id="Fox Life HD">Fox Life HD</channel>
    <channel update="i" site="india.EK" site_id="49847056" xmltv_id="Jeet Prime">Jeet Prime</channel>
    <channel update="i" site="india.EK" site_id="49847105" xmltv_id="Jeet Prime HD">Jeet Prime HD</channel>
    <channel update="i" site="india.EK" site_id="52" xmltv_id="APN">APN</channel>
    <channel update="i" site="india.EK" site_id="19726164" xmltv_id="MK SIX">MK SIX</channel>
    <channel update="i" site="india.EK" site_id="1539955" xmltv_id="Raj Musix">Raj Musix</channel>
    <channel update="i" site="india.EK" site_id="7525813" xmltv_id="Vendhar TV">Vendhar TV</channel>
    <channel update="i" site="india.EK" site_id="8944986" xmltv_id="Raj Musix Malayalam">Raj Musix Malayalam</channel>
    <channel update="i" site="india.EK" site_id="8944987" xmltv_id="Raj News Malayalam">Raj News Malayalam</channel>
    <channel update="i" site="india.EK" site_id="10112429" xmltv_id="Manoranjan Movies">Manoranjan Movies</channel>
    <channel update="i" site="india.EK" site_id="10114872" xmltv_id="Samay UP Uttrakhand">Samay UP Uttrakhand</channel>
    <channel update="i" site="india.EK" site_id="280" xmltv_id="&amp;pictures HD">&amp;pictures HD</channel>
    <channel update="i" site="india.EK" site_id="1539012" xmltv_id="Channel One">Channel One</channel>
    <channel update="i" site="india.EK" site_id="102" xmltv_id="DD Bangla">DD Bangla</channel>
    <channel update="i" site="india.EK" site_id="114" xmltv_id="DD Odia">DD Odia</channel>
    <channel update="i" site="india.EK" site_id="239" xmltv_id="MH One">MH One</channel>
    <channel update="i" site="india.EK" site_id="269" xmltv_id="News World India">News World India</channel>
    <channel update="i" site="india.EK" site_id="274" xmltv_id="NTV News">NTV News</channel>
    <channel update="i" site="india.EK" site_id="94" xmltv_id="Colors Infinity HD">Colors Infinity HD</channel>
    <channel update="i" site="india.EK" site_id="1539009" xmltv_id="Bhojpuri Cinema">Bhojpuri Cinema</channel>
    <channel update="i" site="india.EK" site_id="398" xmltv_id="&amp;tv HD">&amp;tv HD</channel>
    <channel update="i" site="india.EK" site_id="7525807" xmltv_id="Zee Yuva">Zee Yuva</channel>
    <channel update="i" site="india.EK" site_id="7518105" xmltv_id="MTV Beats">MTV Beats</channel>
    <channel update="i" site="india.EK" site_id="1539018" xmltv_id="DD Yadagiri">DD Yadagiri</channel>
    <channel update="i" site="india.EK" site_id="1539015" xmltv_id="Cine 21">Cine 21</channel>
    <channel update="i" site="india.EK" site_id="1539014" xmltv_id="Chithiram">Chithiram</channel>
    <channel update="i" site="india.EK" site_id="4050034" xmltv_id="Housefull Movies">Housefull Movies</channel>
    <channel update="i" site="india.EK" site_id="315" xmltv_id="Sangeet Bhojpuri">Sangeet Bhojpuri</channel>
    <channel update="i" site="india.EK" site_id="1539033" xmltv_id="Manoranjan TV">Manoranjan TV</channel>
    <channel update="i" site="india.EK" site_id="169" xmltv_id="GSTV">GSTV</channel>
    <channel update="i" site="india.EK" site_id="235" xmltv_id="Media One">Media One</channel>
    <channel update="i" site="india.EK" site_id="193" xmltv_id="Janam TV">Janam TV</channel>
    <channel update="i" site="india.EK" site_id="201" xmltv_id="Kairali TV">Kairali TV</channel>
    <channel update="i" site="india.EK" site_id="238" xmltv_id="Mh1 Shraddha">Mh1 Shraddha</channel>
    <channel update="i" site="india.EK" site_id="286" xmltv_id="Prag News">Prag News</channel>
    <channel update="i" site="india.EK" site_id="307" xmltv_id="Safari TV">Safari TV</channel>
    <channel update="i" site="india.EK" site_id="297" xmltv_id="Ramdhenu TV">Ramdhenu TV</channel>
    <channel update="i" site="india.EK" site_id="265" xmltv_id="News 7 Tamil">News 7 Tamil</channel>
    <channel update="i" site="india.EK" site_id="251" xmltv_id="Music Fatafati">Music Fatafati</channel>
    <channel update="i" site="india.EK" site_id="20689808" xmltv_id="DSPORT HD">DSPORT HD</channel>
    <channel update="i" site="india.EK" site_id="204" xmltv_id="Kalaignar Murasu">Kalaignar Murasu</channel>
    <channel update="i" site="india.EK" site_id="1539010" xmltv_id="CCTV9">CCTV9</channel>
    <channel update="i" site="india.EK" site_id="185" xmltv_id="India News Haryana">India News Haryana</channel>
    <channel update="i" site="india.EK" site_id="4050041" xmltv_id="Chirithira">Chirithira</channel>
    <channel update="i" site="india.EK" site_id="266" xmltv_id="News Live">News Live</channel>
    <channel update="i" site="india.EK" site_id="268" xmltv_id="News Time">News Time</channel>
    <channel update="i" site="india.EK" site_id="4050042" xmltv_id="Sony Wah">Sony Wah</channel>
    <channel update="i" site="india.EK" site_id="282" xmltv_id="PIX HD">PIX HD</channel>
    <channel update="i" site="india.EK" site_id="20204396" xmltv_id="Sony Ten 2 HD">Sony Ten 2 HD</channel>
    <channel update="i" site="india.EK" site_id="253" xmltv_id="Nat Geo Wild">Nat Geo Wild</channel>
    <channel update="i" site="india.EK" site_id="1539008" xmltv_id="Baby TV HD">Baby TV HD</channel>
    <channel update="i" site="india.EK" site_id="270" xmltv_id="NewsX">NewsX</channel>
    <channel update="i" site="india.EK" site_id="294" xmltv_id="Puthiya Thalaimurai">Puthiya Thalaimurai</channel>
    <channel update="i" site="india.EK" site_id="300" xmltv_id="Reporter TV">Reporter TV</channel>
    <channel update="i" site="india.EK" site_id="316" xmltv_id="Sanskar">Sanskar</channel>
    <channel update="i" site="india.EK" site_id="467" xmltv_id="Music India">Music India</channel>
    <channel update="i" site="india.EK" site_id="1539011" xmltv_id="CTVN AKD Plus">CTVN AKD Plus</channel>
    <channel update="i" site="india.EK" site_id="287" xmltv_id="Prameya News 7">Prameya News 7</channel>
    <channel update="i" site="india.EK" site_id="313" xmltv_id="Sandesh News">Sandesh News</channel>
    <channel update="i" site="india.EK" site_id="1539024" xmltv_id="Express News">Express News</channel>
    <channel update="i" site="india.EK" site_id="1539059" xmltv_id="Vrinda">Vrinda</channel>
    <channel update="i" site="india.EK" site_id="490" xmltv_id="Russia Today - RT">Russia Today - RT</channel>
    <channel update="i" site="india.EK" site_id="4050036" xmltv_id="Magicbricks Now">Magicbricks Now</channel>
    <channel update="i" site="india.EK" site_id="1539956" xmltv_id="J Movies">J Movies</channel>
    <channel update="i" site="india.EK" site_id="483" xmltv_id="Divya TV">Divya TV</channel>
    <channel update="i" site="india.EK" site_id="477" xmltv_id="DD UP">DD UP</channel>
    <channel update="i" site="india.EK" site_id="1539044" xmltv_id="STV Haryana News">STV Haryana News</channel>
    <channel update="i" site="india.EK" site_id="378" xmltv_id="Tarang Music">Tarang Music</channel>
    <channel update="i" site="india.EK" site_id="408" xmltv_id="Vasanth TV">Vasanth TV</channel>
    <channel update="i" site="india.EK" site_id="473" xmltv_id="TV9 Marathi">TV9 Marathi</channel>
    <channel update="i" site="india.EK" site_id="368" xmltv_id="Sun News">Sun News</channel>
    <channel update="i" site="india.EK" site_id="371" xmltv_id="Surya Music">Surya Music</channel>
    <channel update="i" site="india.EK" site_id="1539959" xmltv_id="ETV Abhiruchi">ETV Abhiruchi</channel>
    <channel update="i" site="india.EK" site_id="110" xmltv_id="DD Malayalam">DD Malayalam</channel>
    <channel update="i" site="india.EK" site_id="7871851" xmltv_id="Sathiyam TV">Sathiyam TV</channel>
    <channel update="i" site="india.EK" site_id="1539954" xmltv_id="Raj News Kannada">Raj News Kannada</channel>
    <channel update="i" site="india.EK" site_id="1539029" xmltv_id="Katyayani">Katyayani</channel>
    <channel update="i" site="india.EK" site_id="100" xmltv_id="Dabangg TV">Dabangg TV</channel>
    <channel update="i" site="india.EK" site_id="8944988" xmltv_id="Raj Pariwar">Raj Pariwar</channel>
    <channel update="i" site="india.EK" site_id="198" xmltv_id="Jeevan TV">Jeevan TV</channel>
    <channel update="i" site="india.EK" site_id="1539958" xmltv_id="ETV Haryana">ETV Haryana</channel>
    <channel update="i" site="india.EK" site_id="338" xmltv_id="Sri Sankara TV">Sri Sankara TV</channel>
    <channel update="i" site="india.EK" site_id="1539030" xmltv_id="Kaumudy TV">Kaumudy TV</channel>
    <channel update="i" site="india.EK" site_id="1539048" xmltv_id="Shri News">Shri News</channel>
    <channel update="i" site="india.EK" site_id="6309094" xmltv_id="GTPL Gujarati">GTPL Gujarati</channel>
    <channel update="i" site="india.EK" site_id="6309095" xmltv_id="GTPL BHAKTI">GTPL BHAKTI</channel>
    <channel update="i" site="india.EK" site_id="6309096" xmltv_id="GTPL CINEMA">GTPL CINEMA</channel>
    <channel update="i" site="india.EK" site_id="6309097" xmltv_id="GTPL DAIYRO">GTPL DAIYRO</channel>
    <channel update="i" site="india.EK" site_id="7871845" xmltv_id="Raj Musix Telugu">Raj Musix Telugu</channel>
    <channel update="i" site="india.EK" site_id="277" xmltv_id="Paras TV">Paras TV</channel>
    <channel update="i" site="india.EK" site_id="399" xmltv_id="Udaya Comedy">Udaya Comedy</channel>
    <channel update="i" site="india.EK" site_id="415" xmltv_id="Zee 24 Taas">Zee 24 Taas</channel>
    <channel update="i" site="india.EK" site_id="7871846" xmltv_id="Raj News Telugu">Raj News Telugu</channel>
    <channel update="i" site="india.EK" site_id="7525809" xmltv_id="Vijay Super">Vijay Super</channel>
    <channel update="i" site="india.EK" site_id="395" xmltv_id="TV9 Kannada">TV9 Kannada</channel>
    <channel update="i" site="india.EK" site_id="6631312" xmltv_id="Fakt Marathi">Fakt Marathi</channel>
    <channel update="i" site="india.EK" site_id="35" xmltv_id="9XO">9XO</channel>
    <channel update="i" site="india.EK" site_id="405" xmltv_id="UTV Action">UTV Action</channel>
    <channel update="i" site="india.EK" site_id="47" xmltv_id="Amrita TV">Amrita TV</channel>
    <channel update="i" site="india.EK" site_id="191" xmltv_id="Jai Maharashtra">Jai Maharashtra</channel>
    <channel update="i" site="india.EK" site_id="283" xmltv_id="Pogo">Pogo</channel>
    <channel update="i" site="india.EK" site_id="10112529" xmltv_id="FYI TV18">FYI TV18</channel>
    <channel update="i" site="india.EK" site_id="10112430" xmltv_id="News State">News State</channel>
    <channel update="i" site="india.EK" site_id="10113073" xmltv_id="NewsX HD">NewsX HD</channel>
    <channel update="i" site="india.EK" site_id="76" xmltv_id="Channel NewsAsia">Channel NewsAsia</channel>
    <channel update="i" site="india.EK" site_id="12919882" xmltv_id="Zee Marathi HD">Zee Marathi HD</channel>
    <channel update="i" site="india.EK" site_id="10113072" xmltv_id="Zee Talkies HD">Zee Talkies HD</channel>
    <channel update="i" site="india.EK" site_id="7525806" xmltv_id="Zee Cinemalu">Zee Cinemalu</channel>
    <channel update="i" site="india.EK" site_id="8944985" xmltv_id="MTV Beats HD">MTV Beats HD</channel>
    <channel update="i" site="india.EK" site_id="7525810" xmltv_id="Colors Super">Colors Super</channel>
    <channel update="i" site="india.EK" site_id="226" xmltv_id="Star Maa">Star Maa</channel>
    <channel update="i" site="india.EK" site_id="4050031" xmltv_id="Star Pravah HD">Star Pravah HD</channel>
    <channel update="i" site="india.EK" site_id="14173379" xmltv_id="Star Gold Select HD">Star Gold Select HD</channel>
    <channel update="i" site="india.EK" site_id="172" xmltv_id="HBO">HBO</channel>
    <channel update="i" site="india.EK" site_id="211" xmltv_id="Kasthuri TV">Kasthuri TV</channel>
    <channel update="i" site="india.EK" site_id="232" xmltv_id="Mathrubhumi News">Mathrubhumi News</channel>
    <channel update="i" site="india.EK" site_id="379" xmltv_id="Tarang TV">Tarang TV</channel>
    <channel update="i" site="india.EK" site_id="445" xmltv_id="Zoom">Zoom</channel>
    <channel update="i" site="india.EK" site_id="258" xmltv_id="NDTV Good Times">NDTV Good Times</channel>
    <channel update="i" site="india.EK" site_id="14453267" xmltv_id="Ayush TV">Ayush TV</channel>
    <channel update="i" site="india.EK" site_id="14453268" xmltv_id="Saral Jeevan">Saral Jeevan</channel>
    <channel update="i" site="india.EK" site_id="396" xmltv_id="TV9 Telugu">TV9 Telugu</channel>
    <channel update="i" site="india.EK" site_id="309" xmltv_id="Sahara Samay Maha Guj">Sahara Samay Maha Guj</channel>
    <channel update="i" site="india.EK" site_id="1539045" xmltv_id="Samay National">Samay National</channel>
    <channel update="i" site="india.EK" site_id="67" xmltv_id="BBC World News">BBC World News</channel>
    <channel update="i" site="india.EK" site_id="93" xmltv_id="Colors Infinity">Colors Infinity</channel>
    <channel update="i" site="india.EK" site_id="15718872" xmltv_id="Gemini Movies HD">Gemini Movies HD</channel>
    <channel update="i" site="india.EK" site_id="401" xmltv_id="Udaya Music">Udaya Music</channel>
    <channel update="i" site="india.EK" site_id="15718870" xmltv_id="Udaya HD">Udaya HD</channel>
    <channel update="i" site="india.EK" site_id="8944984" xmltv_id="Sony SAB HD">Sony SAB HD</channel>
    <channel update="i" site="india.EK" site_id="336" xmltv_id="Sony SIX">Sony SIX</channel>
    <channel update="i" site="india.EK" site_id="254" xmltv_id="Nat Geo Wild HD">Nat Geo Wild HD</channel>
    <channel update="i" site="india.EK" site_id="183" xmltv_id="Zee Hindustan">Zee Hindustan</channel>
    <channel update="i" site="india.EK" site_id="12919881" xmltv_id="Zee Bangla HD">Zee Bangla HD</channel>
    <channel update="i" site="india.EK" site_id="351" xmltv_id="Star Sports 1 Hindi">Star Sports 1 Hindi</channel>
    <channel update="i" site="india.EK" site_id="34" xmltv_id="9XM">9XM</channel>
    <channel update="i" site="india.EK" site_id="109" xmltv_id="DD Kisan">DD Kisan</channel>
    <channel update="i" site="india.EK" site_id="42" xmltv_id="ABP Majha">ABP Majha</channel>
    <channel update="i" site="india.EK" site_id="38" xmltv_id="Aakash Aath">Aakash Aath</channel>
    <channel update="i" site="india.EK" site_id="466" xmltv_id="9X Jalwa">9X Jalwa</channel>
    <channel update="i" site="india.EK" site_id="116" xmltv_id="DD Rajya Sabha TV">DD Rajya Sabha TV</channel>
    <channel update="i" site="india.EK" site_id="41" xmltv_id="ABP Ananda">ABP Ananda</channel>
    <channel update="i" site="india.EK" site_id="186" xmltv_id="India Today">India Today</channel>
    <channel update="i" site="india.EK" site_id="182" xmltv_id="IBN Lokmat">IBN Lokmat</channel>
    <channel update="i" site="india.EK" site_id="257" xmltv_id="NDTV 24x7">NDTV 24x7</channel>
    <channel update="i" site="india.EK" site_id="49" xmltv_id="Animal Planet">Animal Planet</channel>
    <channel update="i" site="india.EK" site_id="14172851" xmltv_id="SONY BBC Earth">SONY BBC Earth</channel>
    <channel update="i" site="india.EK" site_id="1539060" xmltv_id="Zee Bihar Jharkhand">Zee Bihar Jharkhand</channel>
    <channel update="i" site="india.EK" site_id="5684921" xmltv_id="Colors Bangla HD">Colors Bangla HD</channel>
    <channel update="i" site="india.EK" site_id="127" xmltv_id="Discovery Tamil">Discovery Tamil</channel>
    <channel update="i" site="india.EK" site_id="15718869" xmltv_id="Surya HD">Surya HD</channel>
    <channel update="i" site="india.EK" site_id="7525812" xmltv_id="Star Sports Select 2 HD">Star Sports Select 2 HD</channel>
    <channel update="i" site="india.EK" site_id="58" xmltv_id="Asianet News">Asianet News</channel>
    <channel update="i" site="india.EK" site_id="173" xmltv_id="HBO HD">HBO HD</channel>
    <channel update="i" site="india.EK" site_id="79" xmltv_id="Chardikla Time TV">Chardikla Time TV</channel>
    <channel update="i" site="india.EK" site_id="85" xmltv_id="CNBC TV18">CNBC TV18</channel>
    <channel update="i" site="india.EK" site_id="133" xmltv_id="DY 365">DY 365</channel>
    <channel update="i" site="india.EK" site_id="411" xmltv_id="Vissa">Vissa</channel>
    <channel update="i" site="india.EK" site_id="117" xmltv_id="DD Sahyadri">DD Sahyadri</channel>
    <channel update="i" site="india.EK" site_id="1539025" xmltv_id="France 24">France 24</channel>
    <channel update="i" site="india.EK" site_id="455" xmltv_id="Australia Plus">Australia Plus</channel>
    <channel update="i" site="india.EK" site_id="1539006" xmltv_id="Anjan TV">Anjan TV</channel>
    <channel update="i" site="india.EK" site_id="130" xmltv_id="Disney Channel">Disney Channel</channel>
    <channel update="i" site="india.EK" site_id="178" xmltv_id="Home Shop 18">Home Shop 18</channel>
    <channel update="i" site="india.EK" site_id="103" xmltv_id="DD Bharati">DD Bharati</channel>
    <channel update="i" site="india.EK" site_id="137" xmltv_id="ET Now">ET Now</channel>
    <channel update="i" site="india.EK" site_id="73" xmltv_id="Captain TV">Captain TV</channel>
    <channel update="i" site="india.EK" site_id="10113273" xmltv_id="News9">News9</channel>
    <channel update="i" site="india.EK" site_id="33" xmltv_id="9X Jhakaas">9X Jhakaas</channel>
    <channel update="i" site="india.EK" site_id="267" xmltv_id="News Nation">News Nation</channel>
    <channel update="i" site="india.EK" site_id="89" xmltv_id="Colors Bangla">Colors Bangla</channel>
    <channel update="i" site="india.EK" site_id="97" xmltv_id="Colors Oriya">Colors Oriya</channel>
    <channel update="i" site="india.EK" site_id="7871850" xmltv_id="MNX HD">MNX HD</channel>
    <channel update="i" site="india.EK" site_id="90" xmltv_id="Colors">Colors</channel>
    <channel update="i" site="india.EK" site_id="4050027" xmltv_id="Colors Marathi HD">Colors Marathi HD</channel>
    <channel update="i" site="india.EK" site_id="164" xmltv_id="Gemini News">Gemini News</channel>
    <channel update="i" site="india.EK" site_id="224" xmltv_id="Star Maa Movies">Star Maa Movies</channel>
    <channel update="i" site="india.EK" site_id="131" xmltv_id="Disney Junior">Disney Junior</channel>
    <channel update="i" site="india.EK" site_id="4050040" xmltv_id="Star Utsav Movies">Star Utsav Movies</channel>
    <channel update="i" site="india.EK" site_id="146" xmltv_id="ETV Telangana">ETV Telangana</channel>
    <channel update="i" site="india.EK" site_id="259" xmltv_id="NDTV India">NDTV India</channel>
    <channel update="i" site="india.EK" site_id="292" xmltv_id="PTC Punjabi">PTC Punjabi</channel>
    <channel update="i" site="india.EK" site_id="5744668" xmltv_id="Malayalam Cinema Club">Malayalam Cinema Club</channel>
    <channel update="i" site="india.EK" site_id="1539038" xmltv_id="PTC Chakde">PTC Chakde</channel>
    <channel update="i" site="india.EK" site_id="5744666" xmltv_id="Telugu Cinema Club">Telugu Cinema Club</channel>
    <channel update="i" site="india.EK" site_id="83" xmltv_id="CNBC Awaaz">CNBC Awaaz</channel>
    <channel update="i" site="india.EK" site_id="56" xmltv_id="Asianet HD">Asianet HD</channel>
    <channel update="i" site="india.EK" site_id="65" xmltv_id="B4U Music">B4U Music</channel>
    <channel update="i" site="india.EK" site_id="387" xmltv_id="TLC">TLC</channel>
    <channel update="i" site="india.EK" site_id="208" xmltv_id="Kanak News">Kanak News</channel>
    <channel update="i" site="india.EK" site_id="388" xmltv_id="TLC HD">TLC HD</channel>
    <channel update="i" site="india.EK" site_id="423" xmltv_id="Zee Cinema">Zee Cinema</channel>
    <channel update="i" site="india.EK" site_id="389" xmltv_id="T News">T News</channel>
    <channel update="i" site="india.EK" site_id="420" xmltv_id="Zee Business">Zee Business</channel>
    <channel update="i" site="india.EK" site_id="337" xmltv_id="Sony SIX HD">Sony SIX HD</channel>
    <channel update="i" site="india.EK" site_id="121" xmltv_id="Dhoom Music">Dhoom Music</channel>
    <channel update="i" site="india.EK" site_id="350" xmltv_id="Star Sports 2">Star Sports 2</channel>
    <channel update="i" site="india.EK" site_id="25269807" xmltv_id="Disney International HD">Disney International HD</channel>
    <channel update="i" site="india.EK" site_id="60" xmltv_id="Star Suvarna">Star Suvarna</channel>
    <channel update="i" site="india.EK" site_id="417" xmltv_id="Zee Anmol">Zee Anmol</channel>
    <channel update="i" site="india.EK" site_id="344" xmltv_id="Star Movies HD">Star Movies HD</channel>
    <channel update="i" site="india.EK" site_id="360" xmltv_id="Star Vijay">Star Vijay</channel>
    <channel update="i" site="india.EK" site_id="419" xmltv_id="Zee Bangla">Zee Bangla</channel>
    <channel update="i" site="india.EK" site_id="339" xmltv_id="Star Gold">Star Gold</channel>
    <channel update="i" site="india.EK" site_id="44" xmltv_id="Adhyatma TV">Adhyatma TV</channel>
    <channel update="i" site="india.EK" site_id="365" xmltv_id="Sun Life">Sun Life</channel>
    <channel update="i" site="india.EK" site_id="407" xmltv_id="V6 News">V6 News</channel>
    <channel update="i" site="india.EK" site_id="406" xmltv_id="UTV Movies">UTV Movies</channel>
    <channel update="i" site="india.EK" site_id="357" xmltv_id="Star Sports 1 HD Hindi">Star Sports 1 HD Hindi</channel>
    <channel update="i" site="india.EK" site_id="233" xmltv_id="Mazhavil Manorama">Mazhavil Manorama</channel>
    <channel update="i" site="india.EK" site_id="14172852" xmltv_id="SONY BBC Earth HD">SONY BBC Earth HD</channel>
    <channel update="i" site="india.EK" site_id="118" xmltv_id="DD Saptagiri">DD Saptagiri</channel>
    <channel update="i" site="india.EK" site_id="1539021" xmltv_id="ETV Plus">ETV Plus</channel>
    <channel update="i" site="india.EK" site_id="430" xmltv_id="Zee News">Zee News</channel>
    <channel update="i" site="india.EK" site_id="427" xmltv_id="Zee Kannada">Zee Kannada</channel>
    <channel update="i" site="india.EK" site_id="418" xmltv_id="Zee Bangla Cinema">Zee Bangla Cinema</channel>
    <channel update="i" site="india.EK" site_id="5684922" xmltv_id="Colors Kannada HD">Colors Kannada HD</channel>
    <channel update="i" site="india.EK" site_id="162" xmltv_id="Gemini Movies">Gemini Movies</channel>
    <channel update="i" site="india.EK" site_id="400" xmltv_id="Udaya Movies">Udaya Movies</channel>
    <channel update="i" site="india.EK" site_id="1539034" xmltv_id="Mazhavil Manorama HD">Mazhavil Manorama HD</channel>
    <channel update="i" site="india.EK" site_id="403" xmltv_id="Udaya TV">Udaya TV</channel>
    <channel update="i" site="india.EK" site_id="216" xmltv_id="KTV HD">KTV HD</channel>
    <channel update="i" site="india.EK" site_id="340" xmltv_id="Star Gold HD">Star Gold HD</channel>
    <channel update="i" site="india.EK" site_id="349" xmltv_id="Star Sports 1">Star Sports 1</channel>
    <channel update="i" site="india.EK" site_id="343" xmltv_id="Star Movies">Star Movies</channel>
    <channel update="i" site="india.EK" site_id="437" xmltv_id="Zee Talkies">Zee Talkies</channel>
    <channel update="i" site="india.EK" site_id="179" xmltv_id="Hungama">Hungama</channel>
    <channel update="i" site="india.EK" site_id="345" xmltv_id="Star Movies Select HD">Star Movies Select HD</channel>
    <channel update="i" site="india.EK" site_id="302" xmltv_id="Romedy Now">Romedy Now</channel>
    <channel update="i" site="india.EK" site_id="245" xmltv_id="Movies Now HD">Movies Now HD</channel>
    <channel update="i" site="india.EK" site_id="72" xmltv_id="BTVi">BTVi</channel>
    <channel update="i" site="india.EK" site_id="175" xmltv_id="History TV18">History TV18</channel>
    <channel update="i" site="india.EK" site_id="10113274" xmltv_id="BTV News">BTV News</channel>
    <channel update="i" site="india.EK" site_id="416" xmltv_id="Zee Action">Zee Action</channel>
    <channel update="i" site="india.EK" site_id="206" xmltv_id="Kalaignar TV">Kalaignar TV</channel>
    <channel update="i" site="india.EK" site_id="64" xmltv_id="B4U Movies">B4U Movies</channel>
    <channel update="i" site="india.EK" site_id="43" xmltv_id="ABP News">ABP News</channel>
    <channel update="i" site="india.EK" site_id="424" xmltv_id="Zee Cinema HD">Zee Cinema HD</channel>
    <channel update="i" site="india.EK" site_id="369" xmltv_id="Sun TV">Sun TV</channel>
    <channel update="i" site="india.EK" site_id="439" xmltv_id="Zee Telugu">Zee Telugu</channel>
    <channel update="i" site="india.EK" site_id="370" xmltv_id="Sun TV HD">Sun TV HD</channel>
    <channel update="i" site="india.EK" site_id="4050038" xmltv_id="Nick HD+">Nick HD+</channel>
    <channel update="i" site="india.EK" site_id="366" xmltv_id="Sun Music HD">Sun Music HD</channel>
    <channel update="i" site="india.EK" site_id="328" xmltv_id="Sony Entertainment HD">Sony Entertainment HD</channel>
    <channel update="i" site="india.EK" site_id="166" xmltv_id="Gemini TV HD">Gemini TV HD</channel>
    <channel update="i" site="india.EK" site_id="281" xmltv_id="PIX">PIX</channel>
    <channel update="i" site="india.EK" site_id="383" xmltv_id="Ten 1 HD">Ten 1 HD</channel>
    <channel update="i" site="india.EK" site_id="62" xmltv_id="AXN">AXN</channel>
    <channel update="i" site="india.EK" site_id="355" xmltv_id="Star Sports HD 1">Star Sports HD 1</channel>
    <channel update="i" site="india.EK" site_id="356" xmltv_id="Star Sports HD 2">Star Sports HD 2</channel>
    <channel update="i" site="india.EK" site_id="7525811" xmltv_id="Star Sports Select 1 HD">Star Sports Select 1 HD</channel>
    <channel update="i" site="india.EK" site_id="155" xmltv_id="Fox Life">Fox Life</channel>
    <channel update="i" site="india.EK" site_id="15718871" xmltv_id="Gemini Music HD">Gemini Music HD</channel>
    <channel update="i" site="india.EK" site_id="4050029" xmltv_id="Romedy Now HD">Romedy Now HD</channel>
    <channel update="i" site="india.EK" site_id="244" xmltv_id="Movies Now">Movies Now</channel>
    <channel update="i" site="india.EK" site_id="243" xmltv_id="MN+ HD">MN+ HD</channel>
    <channel update="i" site="india.EK" site_id="412" xmltv_id="WB">WB</channel>
    <channel update="i" site="india.EK" site_id="187" xmltv_id="India TV">India TV</channel>
    <channel update="i" site="india.EK" site_id="334" xmltv_id="Sony Pal">Sony Pal</channel>
    <channel update="i" site="india.EK" site_id="123" xmltv_id="Discovery HD">Discovery HD</channel>
    <channel update="i" site="india.EK" site_id="37" xmltv_id="Aaj Tak">Aaj Tak</channel>
    <channel update="i" site="india.EK" site_id="122" xmltv_id="Discovery">Discovery</channel>
    <channel update="i" site="india.EK" site_id="126" xmltv_id="Discovery Science">Discovery Science</channel>
    <channel update="i" site="india.EK" site_id="341" xmltv_id="Star Jalsha">Star Jalsha</channel>
    <channel update="i" site="india.EK" site_id="422" xmltv_id="Zee Cafe HD">Zee Cafe HD</channel>
    <channel update="i" site="india.EK" site_id="441" xmltv_id="Zee TV HD">Zee TV HD</channel>
    <channel update="i" site="india.EK" site_id="421" xmltv_id="Zee Cafe">Zee Cafe</channel>
    <channel update="i" site="india.EK" site_id="440" xmltv_id="Zee TV">Zee TV</channel>
    <channel update="i" site="india.EK" site_id="249" xmltv_id="MTV">MTV</channel>
    <channel update="i" site="india.EK" site_id="203" xmltv_id="Kalaignar Isai Aruvi">Kalaignar Isai Aruvi</channel>
    <channel update="i" site="india.EK" site_id="69" xmltv_id="Big Magic">Big Magic</channel>
    <channel update="i" site="india.EK" site_id="92" xmltv_id="Colors HD">Colors HD</channel>
    <channel update="i" site="india.EK" site_id="165" xmltv_id="Gemini TV">Gemini TV</channel>
    <channel update="i" site="india.EK" site_id="160" xmltv_id="Gemini Comedy">Gemini Comedy</channel>
    <channel update="i" site="india.EK" site_id="45" xmltv_id="Adithya TV">Adithya TV</channel>
    <channel update="i" site="india.EK" site_id="327" xmltv_id="Sony Entertainment">Sony Entertainment</channel>
    <channel update="i" site="india.EK" site_id="1539953" xmltv_id="Sony ESPN">Sony ESPN</channel>
    <channel update="i" site="india.EK" site_id="347" xmltv_id="Star Plus HD">Star Plus HD</channel>
    <channel update="i" site="india.EK" site_id="346" xmltv_id="Star Plus">Star Plus</channel>
    <channel update="i" site="india.EK" site_id="361" xmltv_id="Star World">Star World</channel>
    <channel update="i" site="india.EK" site_id="57" xmltv_id="Asianet Movies">Asianet Movies</channel>
    <channel update="i" site="india.EK" site_id="15851025" xmltv_id="BFlix Movies">BFlix Movies</channel>
    <channel update="i" site="india.EK" site_id="458" xmltv_id="Maha Movie">Maha Movie</channel>
    <channel update="i" site="india.EK" site_id="75" xmltv_id="Cartoon Network">Cartoon Network</channel>
    <channel update="i" site="india.EK" site_id="391" xmltv_id="Topper TV">Topper TV</channel>
    <channel update="i" site="india.EK" site_id="1539058" xmltv_id="Vanitha TV">Vanitha TV</channel>
    <channel update="i" site="india.EK" site_id="303" xmltv_id="Ruposhi Bangla TV">Ruposhi Bangla TV</channel>
    <channel update="i" site="india.EK" site_id="107" xmltv_id="DD India">DD India</channel>
    <channel update="i" site="india.EK" site_id="321" xmltv_id="Shop CJ">Shop CJ</channel>
    <channel update="i" site="india.EK" site_id="144" xmltv_id="ETV News Odia">ETV News Odia</channel>
    <channel update="i" site="india.EK" site_id="98" xmltv_id="Comedy Central">Comedy Central</channel>
    <channel update="i" site="india.EK" site_id="135" xmltv_id="EPIC">EPIC</channel>
    <channel update="i" site="india.EK" site_id="95" xmltv_id="Colors Kannada">Colors Kannada</channel>
    <channel update="i" site="india.EK" site_id="217" xmltv_id="Kushi TV">Kushi TV</channel>
    <channel update="i" site="india.EK" site_id="380" xmltv_id="Ten 2">Ten 2</channel>
    <channel update="i" site="india.EK" site_id="331" xmltv_id="Sony MAX">Sony MAX</channel>
    <channel update="i" site="india.EK" site_id="330" xmltv_id="Sony MAX 2">Sony MAX 2</channel>
    <channel update="i" site="india.EK" site_id="218" xmltv_id="Star Bharat">Star Bharat</channel>
    <channel update="i" site="india.EK" site_id="362" xmltv_id="Star World HD">Star World HD</channel>
    <channel update="i" site="india.EK" site_id="363" xmltv_id="Star World Premiere HD">Star World Premiere HD</channel>
    <channel update="i" site="india.EK" site_id="381" xmltv_id="Ten 3">Ten 3</channel>
    <channel update="i" site="india.EK" site_id="63" xmltv_id="AXN HD">AXN HD</channel>
    <channel update="i" site="india.EK" site_id="55" xmltv_id="Asianet">Asianet</channel>
    <channel update="i" site="india.EK" site_id="255" xmltv_id="National Geographic">National Geographic</channel>
    <channel update="i" site="india.EK" site_id="332" xmltv_id="Sony MAX HD">Sony MAX HD</channel>
    <channel update="i" site="india.EK" site_id="48" xmltv_id="Angel TV">Angel TV</channel>
    <channel update="i" site="india.EK" site_id="275" xmltv_id="Oscar Movies">Oscar Movies</channel>
    <channel update="i" site="india.EK" site_id="147" xmltv_id="ETV Telugu">ETV Telugu</channel>
    <channel update="i" site="india.EK" site_id="124" xmltv_id="Discovery Kids">Discovery Kids</channel>
    <channel update="i" site="india.EK" site_id="27682769" xmltv_id="History TV18 HD">History TV18 HD</channel>
    <channel update="i" site="india.EK" site_id="27682922" xmltv_id="Airtel Miniplex">Airtel Miniplex</channel>
    <channel update="i" site="india.EK" site_id="27682923" xmltv_id="Airtel Miniplex HD">Airtel Miniplex HD</channel>
    <channel update="i" site="india.EK" site_id="14173378" xmltv_id="ETV Telugu HD">ETV Telugu HD</channel>
    <channel update="i" site="india.EK" site_id="145" xmltv_id="ETV Rajasthan">ETV Rajasthan</channel>
    <channel update="i" site="india.EK" site_id="142" xmltv_id="ETV News Gujarati">ETV News Gujarati</channel>
    <channel update="i" site="india.EK" site_id="322" xmltv_id="Shubhavaartha TV">Shubhavaartha TV</channel>
    <channel update="i" site="india.EK" site_id="139" xmltv_id="ETV Bihar">ETV Bihar</channel>
    <channel update="i" site="india.EK" site_id="25264529" xmltv_id="Zee Tamil HD">Zee Tamil HD</channel>
    <channel update="i" site="india.EK" site_id="25264432" xmltv_id="Zee 24 Kalak">Zee 24 Kalak</channel>
    <channel update="i" site="india.EK" site_id="414" xmltv_id="Zee 24 Ghanta">Zee 24 Ghanta</channel>
    <channel update="i" site="india.EK" site_id="25270647" xmltv_id="WION">WION</channel>
    <channel update="i" site="india.EK" site_id="181" xmltv_id="News18 India">News18 India</channel>
    <channel update="i" site="india.EK" site_id="91" xmltv_id="Colors Gujarati">Colors Gujarati</channel>
    <channel update="i" site="india.EK" site_id="20204395" xmltv_id="Star Suvarna HD">Star Suvarna HD</channel>
    <channel update="i" site="india.EK" site_id="25265303" xmltv_id="Star Gold Select">Star Gold Select</channel>
    <channel update="i" site="india.EK" site_id="413" xmltv_id="WOW Cinema">WOW Cinema</channel>
    <channel update="i" site="india.EK" site_id="4050033" xmltv_id="Rishtey Cineplex">Rishtey Cineplex</channel>
    <channel update="i" site="india.EK" site_id="33359068" xmltv_id="And flix">And flix</channel>
    <channel update="i" site="india.EK" site_id="82" xmltv_id="Cinema TV">Cinema TV</channel>
    <channel update="i" site="india.EK" site_id="5684923" xmltv_id="MNX">MNX</channel>
    <channel update="i" site="india.EK" site_id="14324987" xmltv_id="Cineplex HD">Cineplex HD</channel>
    <channel update="i" site="india.EK" site_id="27683025" xmltv_id="Tata Sky Zee Cinema HD + 1">Tata Sky Zee Cinema HD + 1</channel>
    <channel update="i" site="india.EK" site_id="27684205" xmltv_id="Colors Tamil">Colors Tamil</channel>
    <channel update="i" site="india.EK" site_id="27683074" xmltv_id="Tata Sky Sony HD + 1">Tata Sky Sony HD + 1</channel>
    <channel update="i" site="india.EK" site_id="27683143" xmltv_id="Tata Sky Sony Max HD + 1">Tata Sky Sony Max HD + 1</channel>
    <channel update="i" site="india.EK" site_id="27683073" xmltv_id="Tata Sky Star Gold HD + 1">Tata Sky Star Gold HD + 1</channel>
    <channel update="i" site="india.EK" site_id="27683053" xmltv_id="Tata Sky Star Plus HD + 1">Tata Sky Star Plus HD + 1</channel>
    <channel update="i" site="india.EK" site_id="18758266" xmltv_id="Star Sports First">Star Sports First</channel>
    <channel update="i" site="india.EK" site_id="27683155" xmltv_id="Tata Sky Colors HD + 1">Tata Sky Colors HD + 1</channel>
    <channel update="i" site="india.EK" site_id="132" xmltv_id="Disney XD">Disney XD</channel>
    <channel update="i" site="india.EK" site_id="45329486" xmltv_id="Sun Bangla">Sun Bangla</channel>
    <channel update="i" site="india.EK" site_id="45329959" xmltv_id="Zee Keralam">Zee Keralam</channel>
    <channel update="i" site="india.EK" site_id="212" xmltv_id="Surya Movies">Surya Movies</channel>
    <channel update="i" site="india.EK" site_id="1539050" xmltv_id="Studio N">Studio N</channel>
    <channel update="i" site="india.EK" site_id="305" xmltv_id="Sadhna TV">Sadhna TV</channel>
    <channel update="i" site="india.EK" site_id="301" xmltv_id="Rishtey">Rishtey</channel>
    <channel update="i" site="india.EK" site_id="143" xmltv_id="ETV News Kannada">ETV News Kannada</channel>
    <channel update="i" site="india.EK" site_id="17648321" xmltv_id="Times Now HD">Times Now HD</channel>
    <channel update="i" site="india.EK" site_id="113" xmltv_id="DD News">DD News</channel>
    <channel update="i" site="india.EK" site_id="410" xmltv_id="VH1">VH1</channel>
    <channel update="i" site="india.EK" site_id="246" xmltv_id="Movies OK">Movies OK</channel>
    <channel update="i" site="india.EK" site_id="200" xmltv_id="Kairali People TV">Kairali People TV</channel>
    <channel update="i" site="india.EK" site_id="18993430" xmltv_id="DSPORT">DSPORT</channel>
    <channel update="i" site="india.EK" site_id="60511357" xmltv_id="Zee Punjabi">Zee Punjabi</channel>
    <channel update="i" site="india.EK" site_id="60510539" xmltv_id="Aaj Tak HD">Aaj Tak HD</channel>
    <channel update="i" site="india.EK" site_id="60511359" xmltv_id="Zee Classic">Zee Classic</channel>
    <channel update="i" site="india.EK" site_id="60511093" xmltv_id="Colors Tamil HD">Colors Tamil HD</channel>
    <channel update="i" site="india.EK" site_id="60511337" xmltv_id="Jaya TV HD">Jaya TV HD</channel>
    <channel update="i" site="india.EK" site_id="60511336" xmltv_id="UTV HD">UTV HD</channel>
    <channel update="i" site="india.EK" site_id="60511338" xmltv_id="Zee Kannada HD">Zee Kannada HD</channel>
    <channel update="i" site="india.EK" site_id="60511335" xmltv_id="Zee Keralam HD">Zee Keralam HD</channel>
    <channel update="i" site="india.EK" site_id="426" xmltv_id="Zee Kalinga">Zee Kalinga</channel>
    <channel update="i" site="india.EK" site_id="364" xmltv_id="Sudarshan News">Sudarshan News</channel>
    <channel update="i" site="india.EK" site_id="4050030" xmltv_id="Star Jalsha HD">Star Jalsha HD</channel>
    <channel update="i" site="india.EK" site_id="120" xmltv_id="DD Urdu">DD Urdu</channel>
    <channel update="i" site="india.EK" site_id="74" xmltv_id="Care World">Care World</channel>
    <channel update="i" site="india.EK" site_id="1539047" xmltv_id="Satsang">Satsang</channel>
    <channel update="i" site="india.EK" site_id="429" xmltv_id="Zee MP Chhattisgarh">Zee MP Chhattisgarh</channel>
    <channel update="i" site="india.EK" site_id="219" xmltv_id="Star Bharat HD">Star Bharat HD</channel>
    <channel update="i" site="india.EK" site_id="148" xmltv_id="ETV UP">ETV UP</channel>
    <channel update="i" site="india.EK" site_id="25265399" xmltv_id="And Prive HD">And Prive HD</channel>
    <channel update="i" site="india.EK" site_id="140" xmltv_id="ETV MP Chhattisgarh">ETV MP Chhattisgarh</channel>
    <channel update="i" site="india.EK" site_id="27682962" xmltv_id="Living Foodz HD">Living Foodz HD</channel>
  </channels>
</site>