﻿<?xml version="1.0" encoding="UTF-8"?>
<site generator-info-name="WebGrab+Plus/w MDB &amp; REX Postprocess -- version V3.0.3.1 -- Jan van Straaten" site="zee5.com">
  <channels>
    <channel update="i" site="zee5.com.EK" site_id="0-9-channel_2105335046" xmltv_id="&amp;flix">&amp;flix</channel>
    <channel update="i" site="zee5.com.EK" site_id="0-9-pictures" xmltv_id="&amp;Pictures">&amp;Pictures</channel>
    <channel update="i" site="zee5.com.EK" site_id="0-9-tvpictureshd" xmltv_id="&amp;Pictures HD">&amp;Pictures HD</channel>
    <channel update="i" site="zee5.com.EK" site_id="0-9-privéhd" xmltv_id="&amp;Prive HD">&amp;Prive HD</channel>
    <channel update="i" site="zee5.com.EK" site_id="0-9-tvhd_0" xmltv_id="&amp;TV HD">&amp;TV HD</channel>
    <channel update="i" site="zee5.com.EK" site_id="0-9-209" xmltv_id="&amp;xplorHD">&amp;xplorHD</channel>
    <channel update="i" site="zee5.com.EK" site_id="0-9-24ghantatv" xmltv_id="24 Ghanta">24 Ghanta</channel>
    <channel update="i" site="zee5.com.EK" site_id="0-9-134" xmltv_id="9X Jhakaas">9X Jhakaas</channel>
    <channel update="i" site="zee5.com.EK" site_id="0-9-132" xmltv_id="9X Tashan">9X Tashan</channel>
    <channel update="i" site="zee5.com.EK" site_id="0-9-131" xmltv_id="9XM">9XM</channel>
    <channel update="i" site="zee5.com.EK" site_id="0-9-135" xmltv_id="9XO">9XO</channel>
    <channel update="i" site="zee5.com.EK" site_id="0-9-aajtak" xmltv_id="Aaj Tak">Aaj Tak</channel>
    <channel update="i" site="zee5.com.EK" site_id="0-9-200" xmltv_id="Asianet News">Asianet News</channel>
    <channel update="i" site="zee5.com.EK" site_id="0-9-bigmagic_1786965389" xmltv_id="Big Magic">Big Magic</channel>
    <channel update="i" site="zee5.com.EK" site_id="0-9-143" xmltv_id="BloombergQuint">BloombergQuint</channel>
    <channel update="i" site="zee5.com.EK" site_id="0-9-chardiklatimetvtimet" xmltv_id="Chardikla Time TV">Chardikla Time TV</channel>
    <channel update="i" site="zee5.com.EK" site_id="0-9-ddbharati" xmltv_id="DD Bharati">DD Bharati</channel>
    <channel update="i" site="zee5.com.EK" site_id="0-9-ddbihar" xmltv_id="DD Bihar">DD Bihar</channel>
    <channel update="i" site="zee5.com.EK" site_id="0-9-ddchandana" xmltv_id="DD Chandana">DD Chandana</channel>
    <channel update="i" site="zee5.com.EK" site_id="0-9-ddgirnar" xmltv_id="DD Girnar">DD Girnar</channel>
    <channel update="i" site="zee5.com.EK" site_id="0-9-ddindia" xmltv_id="DD India">DD India</channel>
    <channel update="i" site="zee5.com.EK" site_id="0-9-ddmadhyapradesh" xmltv_id="DD Madhya Pradesh">DD Madhya Pradesh</channel>
    <channel update="i" site="zee5.com.EK" site_id="0-9-ddmalayalam" xmltv_id="DD Malayalam">DD Malayalam</channel>
    <channel update="i" site="zee5.com.EK" site_id="0-9-250" xmltv_id="DD National HD">DD National HD</channel>
    <channel update="i" site="zee5.com.EK" site_id="0-9-ddnews" xmltv_id="DD News">DD News</channel>
    <channel update="i" site="zee5.com.EK" site_id="0-9-ddodia" xmltv_id="DD Odia">DD Odia</channel>
    <channel update="i" site="zee5.com.EK" site_id="0-9-ddpodhigai" xmltv_id="DD Podhigai">DD Podhigai</channel>
    <channel update="i" site="zee5.com.EK" site_id="0-9-ddpunjabi" xmltv_id="DD Punjabi">DD Punjabi</channel>
    <channel update="i" site="zee5.com.EK" site_id="0-9-ddrajasthanjaipur" xmltv_id="DD Rajasthan">DD Rajasthan</channel>
    <channel update="i" site="zee5.com.EK" site_id="0-9-ddsahyadri" xmltv_id="DD Sahyadri">DD Sahyadri</channel>
    <channel update="i" site="zee5.com.EK" site_id="0-9-ddurdu" xmltv_id="DD Urdu">DD Urdu</channel>
    <channel update="i" site="zee5.com.EK" site_id="0-9-dduttarpradesh" xmltv_id="DD Uttar Pradesh">DD Uttar Pradesh</channel>
    <channel update="i" site="zee5.com.EK" site_id="0-9-ddyadagiri" xmltv_id="DD Yadagiri">DD Yadagiri</channel>
    <channel update="i" site="zee5.com.EK" site_id="0-9-254" xmltv_id="Dilli Aaj Tak">Dilli Aaj Tak</channel>
    <channel update="i" site="zee5.com.EK" site_id="0-9-245" xmltv_id="Dish Positive">Dish Positive</channel>
    <channel update="i" site="zee5.com.EK" site_id="0-9-divyatv" xmltv_id="Divya TV">Divya TV</channel>
    <channel update="i" site="zee5.com.EK" site_id="0-9-207" xmltv_id="E24">E24</channel>
    <channel update="i" site="zee5.com.EK" site_id="0-9-229" xmltv_id="Epic TV">Epic TV</channel>
    <channel update="i" site="zee5.com.EK" site_id="0-9-183" xmltv_id="Hare Krsna">Hare Krsna</channel>
    <channel update="i" site="zee5.com.EK" site_id="0-9-272" xmltv_id="India News">India News</channel>
    <channel update="i" site="zee5.com.EK" site_id="0-9-282" xmltv_id="India TV">India TV</channel>
    <channel update="i" site="zee5.com.EK" site_id="0-9-285" xmltv_id="Ishwar  TV">Ishwar  TV</channel>
    <channel update="i" site="zee5.com.EK" site_id="0-9-166" xmltv_id="Krishna Vani">Krishna Vani</channel>
    <channel update="i" site="zee5.com.EK" site_id="0-9-livingfoodz" xmltv_id="Living Foodz">Living Foodz</channel>
    <channel update="i" site="zee5.com.EK" site_id="0-9-makkaltv" xmltv_id="Makkal TV">Makkal TV</channel>
    <channel update="i" site="zee5.com.EK" site_id="0-9-280" xmltv_id="NE News">NE News</channel>
    <channel update="i" site="zee5.com.EK" site_id="0-9-220" xmltv_id="Putiya Thalamurai">Putiya Thalamurai</channel>
    <channel update="i" site="zee5.com.EK" site_id="0-9-162" xmltv_id="Republic Bharat">Republic Bharat</channel>
    <channel update="i" site="zee5.com.EK" site_id="0-9-284" xmltv_id="Sadhna TV">Sadhna TV</channel>
    <channel update="i" site="zee5.com.EK" site_id="0-9-channel_1144658965" xmltv_id="Sanskar TV">Sanskar TV</channel>
    <channel update="i" site="zee5.com.EK" site_id="0-9-channel_1565694979" xmltv_id="Satsang TV">Satsang TV</channel>
    <channel update="i" site="zee5.com.EK" site_id="0-9-163" xmltv_id="Shiksha TV">Shiksha TV</channel>
    <channel update="i" site="zee5.com.EK" site_id="0-9-219" xmltv_id="Showbox">Showbox</channel>
    <channel update="i" site="zee5.com.EK" site_id="0-9-185" xmltv_id="Sports Flashes - Hindi">Sports Flashes - Hindi</channel>
    <channel update="i" site="zee5.com.EK" site_id="0-9-271" xmltv_id="Sugran TV">Sugran TV</channel>
    <channel update="i" site="zee5.com.EK" site_id="0-9-262" xmltv_id="Sunburn at Home">Sunburn at Home</channel>
    <channel update="i" site="zee5.com.EK" site_id="0-9-201" xmltv_id="Suvarna News">Suvarna News</channel>
    <channel update="i" site="zee5.com.EK" site_id="0-9-181" xmltv_id="The Q India HD">The Q India HD</channel>
    <channel update="i" site="zee5.com.EK" site_id="0-9-222" xmltv_id="TV5 News">TV5 News</channel>
    <channel update="i" site="zee5.com.EK" site_id="0-9-zeeanmol" xmltv_id="Zee Anmol">Zee Anmol</channel>
    <channel update="i" site="zee5.com.EK" site_id="0-9-zeeanmolcinema" xmltv_id="Zee Anmol Cinema">Zee Anmol Cinema</channel>
    <channel update="i" site="zee5.com.EK" site_id="0-9-zeebangla" xmltv_id="Zee Bangla">Zee Bangla</channel>
    <channel update="i" site="zee5.com.EK" site_id="0-9-zeebanglacinema" xmltv_id="Zee Bangla Cinema">Zee Bangla Cinema</channel>
    <channel update="i" site="zee5.com.EK" site_id="0-9-zeebiharjharkhand" xmltv_id="Zee Bihar Jharkhand">Zee Bihar Jharkhand</channel>
    <channel update="i" site="zee5.com.EK" site_id="0-9-zeeclassic" xmltv_id="Zee Bollywood">Zee Bollywood</channel>
  </channels>
</site>