<?xml version="1.0" encoding="UTF-8"?>
<site generator-info-name="WebGrab+Plus/w MDB &amp; REX Postprocess -- version 1.1.1/0 -- bluesky99" site="tv.cntv.cn">
  <channels>
    <channel update="i" site="tv.cntv.cn" site_id="cctv1" xmltv_id="cctv1">CCTV-1 综合</channel>
    <channel update="i" site="tv.cntv.cn" site_id="cctv2" xmltv_id="cctv2">CCTV-2 财经</channel>
    <channel update="i" site="tv.cntv.cn" site_id="cctv3" xmltv_id="cctv3">CCTV-3 文艺</channel>
    <channel update="i" site="tv.cntv.cn" site_id="cctv4" xmltv_id="cctv4">CCTV-4 亚洲</channel>
    <channel update="i" site="tv.cntv.cn" site_id="cctveurope" xmltv_id="cctveurope">CCTV-4 欧洲</channel>
    <channel update="i" site="tv.cntv.cn" site_id="cctvamerica" xmltv_id="cctvamerica">CCTV-4 美洲</channel>    
    <channel update="i" site="tv.cntv.cn" site_id="cctv5" xmltv_id="cctv5">CCTV-5 体育</channel>
    <channel update="i" site="tv.cntv.cn" site_id="cctv6" xmltv_id="cctv6">CCTV-6 电影</channel>
    <channel update="i" site="tv.cntv.cn" site_id="cctv7" xmltv_id="cctv7">CCTV-7 军事农业</channel>
    <channel update="i" site="tv.cntv.cn" site_id="cctv8" xmltv_id="cctv8">CCTV-8 电视剧</channel>
    <channel update="i" site="tv.cntv.cn" site_id="cctvjilu" xmltv_id="cctvjilu">CCTV-9 纪录</channel>   
    <channel update="i" site="tv.cntv.cn" site_id="cctv10" xmltv_id="cctv10">CCTV-10 科教</channel>
    <channel update="i" site="tv.cntv.cn" site_id="cctv11" xmltv_id="cctv11">CCTV-11 戏曲</channel>  
    <channel update="i" site="tv.cntv.cn" site_id="cctv12" xmltv_id="cctv12">CCTV-12 社会与法</channel> 
    <channel update="i" site="tv.cntv.cn" site_id="cctv13" xmltv_id="cctv13">CCTV-13 新闻</channel> 
    <channel update="i" site="tv.cntv.cn" site_id="cctvchild" xmltv_id="cctvchild">CCTV-14 少儿</channel> 
    <channel update="i" site="tv.cntv.cn" site_id="cctv15" xmltv_id="cctv15">CCTV-15 音乐</channel> 
    <channel update="i" site="tv.cntv.cn" site_id="cctv5plus" xmltv_id="cctv5plus">CCTV体育赛事</channel>  
    <channel update="i" site="tv.cntv.cn" site_id="anhui" xmltv_id="anhui">安徽卫视</channel>  
    <channel update="i" site="tv.cntv.cn" site_id="btv1" xmltv_id="btv1">北京卫视</channel>
    <channel update="i" site="tv.cntv.cn" site_id="bingtuan" xmltv_id="bingtuan">兵团卫视</channel> 
    <channel update="i" site="tv.cntv.cn" site_id="chongqing" xmltv_id="chongqing">重庆卫视</channel>
    <channel update="i" site="tv.cntv.cn" site_id="dongfang" xmltv_id="dongfang">东方卫视</channel> 
    <channel update="i" site="tv.cntv.cn" site_id="dongnan" xmltv_id="dongnan">东南卫视</channel> 
    <channel update="i" site="tv.cntv.cn" site_id="guangdong" xmltv_id="guangdong">广东卫视</channel>
    <channel update="i" site="tv.cntv.cn" site_id="guangxi" xmltv_id="guangxi">广西卫视</channel>
    <channel update="i" site="tv.cntv.cn" site_id="gansu" xmltv_id="gansu">甘肃卫视</channel>
    <channel update="i" site="tv.cntv.cn" site_id="guizhou" xmltv_id="guizhou">贵州卫视</channel>
    <channel update="i" site="tv.cntv.cn" site_id="hebei" xmltv_id="hebei">河北卫视</channel>
    <channel update="i" site="tv.cntv.cn" site_id="henan" xmltv_id="henan">河南卫视</channel>
    <channel update="i" site="tv.cntv.cn" site_id="heilongjiang" xmltv_id="heilongjiang">黑龙江卫视</channel>
    <channel update="i" site="tv.cntv.cn" site_id="hubei" xmltv_id="hubei">湖北卫视</channel>
    <channel update="i" site="tv.cntv.cn" site_id="hunan" xmltv_id="hunan">湖南卫视</channel>
    <channel update="i" site="tv.cntv.cn" site_id="jilin" xmltv_id="jilin">吉林卫视</channel>
    <channel update="i" site="tv.cntv.cn" site_id="jiangsu" xmltv_id="jiangsu">江苏卫视</channel>
    <channel update="i" site="tv.cntv.cn" site_id="jiangxi" xmltv_id="jiangxi">江西卫视</channel>
    <channel update="i" site="tv.cntv.cn" site_id="liaoning" xmltv_id="liaoning">辽宁卫视</channel>
    <channel update="i" site="tv.cntv.cn" site_id="travel" xmltv_id="travel">旅游卫视</channel>
    <channel update="i" site="tv.cntv.cn" site_id="neimenggu" xmltv_id="neimenggu">内蒙古卫视</channel>
    <channel update="i" site="tv.cntv.cn" site_id="ningxia" xmltv_id="ningxia">宁夏卫视</channel>
    <channel update="i" site="tv.cntv.cn" site_id="qinghai" xmltv_id="qinghai">青海卫视</channel>
    <channel update="i" site="tv.cntv.cn" site_id="shandong" xmltv_id="shandong">山东卫视</channel>
    <channel update="i" site="tv.cntv.cn" site_id="sdetv" xmltv_id="sdetv">山东教育台</channel>
    <channel update="i" site="tv.cntv.cn" site_id="shenzhen" xmltv_id="shenzhen">深圳卫视</channel>
    <channel update="i" site="tv.cntv.cn" site_id="shan1xi" xmltv_id="shan1xi">山西卫视</channel>
    <channel update="i" site="tv.cntv.cn" site_id="sichuan" xmltv_id="sichuan">四川卫视</channel>
    <channel update="i" site="tv.cntv.cn" site_id="tianjin" xmltv_id="tianjin">天津卫视</channel>
    <channel update="i" site="tv.cntv.cn" site_id="xizang" xmltv_id="xizang">西藏卫视</channel>
    <channel update="i" site="tv.cntv.cn" site_id="xiamen" xmltv_id="xiamen">厦门卫视</channel>
    <channel update="i" site="tv.cntv.cn" site_id="xinjiang" xmltv_id="xinjiang">新疆卫视</channel>
    <channel update="i" site="tv.cntv.cn" site_id="yanbian" xmltv_id="yanbian">延边卫视</channel>
    <channel update="i" site="tv.cntv.cn" site_id="yunnan" xmltv_id="yunnan">云南卫视</channel>
    <channel update="i" site="tv.cntv.cn" site_id="zhejiang" xmltv_id="zhejiang">浙江卫视</channel>
    <channel update="i" site="tv.cntv.cn" site_id="shijiedili" xmltv_id="shijiedili">CCTV世界地理</channel>
    <channel update="i" site="tv.cntv.cn" site_id="dianshigouwu" xmltv_id="dianshigouwu">CCTV中视购物</channel>
    <channel update="i" site="tv.cntv.cn" site_id="guofang" xmltv_id="guofang">CCTV国防军事</channel>
    <channel update="i" site="tv.cntv.cn" site_id="taiqiu" xmltv_id="taiqiu">CCTV央视台球</channel>
    <channel update="i" site="tv.cntv.cn" site_id="jingpin" xmltv_id="jingpin">CCTV央视文化精品</channel>
    <channel update="i" site="tv.cntv.cn" site_id="shishang" xmltv_id="shishang">CCTV女性时尚</channel>
    <channel update="i" site="tv.cntv.cn" site_id="cctvyule" xmltv_id="cctvyule">CCTV娱乐</channel>
    <channel update="i" site="tv.cntv.cn" site_id="hjjc" xmltv_id="hjjc">CCTV怀旧剧场</channel>
    <channel update="i" site="tv.cntv.cn" site_id="cctvxiqu" xmltv_id="cctvxiqu">CCTV戏曲</channel>
    <channel update="i" site="tv.cntv.cn" site_id="xinkedongman" xmltv_id="xinkedongman">CCTV新科动漫</channel>
    <channel update="i" site="tv.cntv.cn" site_id="cctvqixiang" xmltv_id="cctvqixiang">CCTV气象</channel>
    <channel update="i" site="tv.cntv.cn" site_id="zhinan" xmltv_id="zhinan">CCTV电视指南</channel>
    <channel update="i" site="tv.cntv.cn" site_id="diyijuchang" xmltv_id="diyijuchang">CCTV第一剧场</channel>
    <channel update="i" site="tv.cntv.cn" site_id="cctvlaogushi" xmltv_id="cctvlaogushi">CCTV老故事</channel>
    <channel update="i" site="tv.cntv.cn" site_id="fyjc" xmltv_id="fyjc">CCTV风云剧场</channel>
    <channel update="i" site="tv.cntv.cn" site_id="cctvfyzq" xmltv_id="cctvfyzq">CCTV风云足球</channel>
    <channel update="i" site="tv.cntv.cn" site_id="fyyy" xmltv_id="fyyy">CCTV风云音乐</channel>
    <channel update="i" site="tv.cntv.cn" site_id="cctvgaowang" xmltv_id="cctvgaowang">CCTV高尔夫网球</channel>
    <channel update="i" site="tv.cntv.cn" site_id="dvshenghuo" xmltv_id="dvshenghuo">DV生活</channel>
    <channel update="i" site="tv.cntv.cn" site_id="cctv3d" xmltv_id="cctv3d">中国3D电视试验</channel>
    <channel update="i" site="tv.cntv.cn" site_id="shuhua" xmltv_id="shuhua">书画</channel>
    <channel update="i" site="tv.cntv.cn" site_id="xianfengjilu" xmltv_id="xianfengjilu">先锋纪录</channel>
    <channel update="i" site="tv.cntv.cn" site_id="wsjk" xmltv_id="wsjk">卫生健康</channel>
    <channel update="i" site="tv.cntv.cn" site_id="shuowenjiezi" xmltv_id="shuowenjiezi">国学(说文解字)</channel>
    <channel update="i" site="tv.cntv.cn" site_id="tianyuanweiqi" xmltv_id="tianyuanweiqi">天元围棋</channel>
    <channel update="i" site="tv.cntv.cn" site_id="baobeijia" xmltv_id="baobeijia">宝贝家</channel>
    <channel update="i" site="tv.cntv.cn" site_id="caimingzaixian" xmltv_id="caimingzaixian">彩民在线</channel>
    <channel update="i" site="tv.cntv.cn" site_id="kuailechuidiao" xmltv_id="kuailechuidiao">快乐垂钓</channel>
    <channel update="i" site="tv.cntv.cn" site_id="sheyingpindao" xmltv_id="sheyingpindao">摄影</channel>
    <channel update="i" site="tv.cntv.cn" site_id="wenwubaoku" xmltv_id="wenwubaoku">文物宝库</channel>
    <channel update="i" site="tv.cntv.cn" site_id="zaoqijiaoyu" xmltv_id="zaoqijiaoyu">早期教育</channel>
    <channel update="i" site="tv.cntv.cn" site_id="cctvliyuan" xmltv_id="cctvliyuan">梨园</channel>
    <channel update="i" site="tv.cntv.cn" site_id="wushushijie" xmltv_id="wushushijie">武术世界</channel>
    <channel update="i" site="tv.cntv.cn" site_id="cctvqimo" xmltv_id="cctvqimo">汽摩</channel>
    <channel update="i" site="tv.cntv.cn" site_id="youxijingji" xmltv_id="youxijingji">游戏竞技</channel>
    <channel update="i" site="tv.cntv.cn" site_id="huanqiuqiguan" xmltv_id="huanqiuqiguan">环球奇观</channel>
    <channel update="i" site="tv.cntv.cn" site_id="xiandainvxing" xmltv_id="xiandainvxing">现代女性</channel>
    <channel update="i" site="tv.cntv.cn" site_id="liuxueshijie" xmltv_id="liuxueshijie">留学世界</channel>
    <channel update="i" site="tv.cntv.cn" site_id="yingyufudao" xmltv_id="yingyufudao">英语辅导</channel>
    <channel update="i" site="tv.cntv.cn" site_id="cctvzhengquanzixun" xmltv_id="cctvzhengquanzixun">证券资讯</channel>
    <channel update="i" site="tv.cntv.cn" site_id="cctvliangzhuang" xmltv_id="cctvliangzhuang">靓妆</channel>
    <channel update="i" site="tv.cntv.cn" site_id="gaoerfu" xmltv_id="gaoerfu">高尔夫</channel>
    <channel update="i" site="tv.cntv.cn" site_id="btv2" xmltv_id="btv2">BTV文艺</channel>
    <channel update="i" site="tv.cntv.cn" site_id="btv3" xmltv_id="btv3">BTV科教</channel>
    <channel update="i" site="tv.cntv.cn" site_id="btv4" xmltv_id="btv4">BTV影视</channel>
    <channel update="i" site="tv.cntv.cn" site_id="btv5" xmltv_id="btv5">BTV财经</channel>
    <channel update="i" site="tv.cntv.cn" site_id="btv6" xmltv_id="btv6">BTV体育</channel>
    <channel update="i" site="tv.cntv.cn" site_id="btv7" xmltv_id="btv7">BTV生活</channel>
    <channel update="i" site="tv.cntv.cn" site_id="btv8" xmltv_id="btv8">BTV青少</channel>
    <channel update="i" site="tv.cntv.cn" site_id="btv9" xmltv_id="btv9">BTV新闻</channel>
    <channel update="i" site="tv.cntv.cn" site_id="btvchild" xmltv_id="btvchild">BTV卡酷少儿</channel>
    <channel update="i" site="tv.cntv.cn" site_id="btvjishi" xmltv_id="btvjishi">BTV纪实</channel>
    <channel update="i" site="tv.cntv.cn" site_id="btvInternational" xmltv_id="btvInternational">BTV国际</channel>
    <channel update="i" site="tv.cntv.cn" site_id="tianjin1" xmltv_id="tianjin1">天津1套</channel>
    <channel update="i" site="tv.cntv.cn" site_id="tianjin2" xmltv_id="tianjin2">天津2套</channel>
    <channel update="i" site="tv.cntv.cn" site_id="tianjinbh" xmltv_id="tianjinbh">滨海新闻综合</channel>
    <channel update="i" site="tv.cntv.cn" site_id="tianjinbh2" xmltv_id="tianjinbh2">滨海综艺频道</channel>
    <channel update="i" site="tv.cntv.cn" site_id="zhuhaiyitao" xmltv_id="zhuhaiyitao">珠海一套</channel>
    <channel update="i" site="tv.cntv.cn" site_id="zhuhaiertao" xmltv_id="zhuhaiertao">珠海二套</channel>
    <channel update="i" site="tv.cntv.cn" site_id="cdtv1" xmltv_id="cdtv1">成都新闻综合</channel>
    <channel update="i" site="tv.cntv.cn" site_id="cdtv2new" xmltv_id="cdtv2new">成都经济资讯服务</channel>
    <channel update="i" site="tv.cntv.cn" site_id="cdtv5" xmltv_id="cdtv5">成都公共</channel>
    <channel update="i" site="tv.cntv.cn" site_id="nbtv1" xmltv_id="nbtv1">宁波一套</channel>
    <channel update="i" site="tv.cntv.cn" site_id="nbtv2" xmltv_id="nbtv2">宁波二套</channel>
    <channel update="i" site="tv.cntv.cn" site_id="nbtv3" xmltv_id="nbtv3">宁波三套</channel>
    <channel update="i" site="tv.cntv.cn" site_id="nbtv4" xmltv_id="nbtv4">宁波四套</channel>
    <channel update="i" site="tv.cntv.cn" site_id="nbtv5" xmltv_id="nbtv5">宁波五套</channel>
    <channel update="i" site="tv.cntv.cn" site_id="xiamen1" xmltv_id="xiamen1">厦门一套</channel>
    <channel update="i" site="tv.cntv.cn" site_id="xiamen2" xmltv_id="xiamen2">厦门二套</channel>
    <channel update="i" site="tv.cntv.cn" site_id="xiamen3" xmltv_id="xiamen3">厦门三套</channel>
    <channel update="i" site="tv.cntv.cn" site_id="xiamen4" xmltv_id="xiamen4">厦门四套</channel>
    <channel update="i" site="tv.cntv.cn" site_id="cetv1" xmltv_id="cetv1">CETV-1</channel>
    <channel update="i" site="tv.cntv.cn" site_id="cetv2" xmltv_id="cetv2">CETV-2</channel>
    <channel update="i" site="tv.cntv.cn" site_id="cetv3" xmltv_id="cetv3">CETV-3</channel>
                                
  </channels>
</site>
