﻿<?xml version="1.0" encoding="UTF-8"?>
<site generator-info-name="WebGrab+Plus/w MDB &amp; REX Postprocess -- version  V1.57 -- Jan van Straaten" site="tv.orf.at">
  <channels>
    <channel update="i" site="tv.orf.at" site_id="orf1" xmltv_id="ORF eins">ORF eins</channel>
    <channel update="i" site="tv.orf.at" site_id="orf2" xmltv_id="ORF 2">ORF 2</channel>
    <channel update="i" site="tv.orf.at" site_id="orf3" xmltv_id="ORF III">ORF III</channel>
    <channel update="i" site="tv.orf.at" site_id="orfsportplus" xmltv_id="ORF Sport+">ORF Sport+</channel>
  </channels>
</site>