﻿<?xml version="1.0" encoding="UTF-8"?>
<site generator-info-name="WebGrab+Plus/w MDB &amp; REX Postprocess -- version V2.1.3 -- Jan van Straaten" site="tvheute.at">
  <channels>
    <channel update="i" site="tvheute.at" site_id="orf1-programm" xmltv_id="ORF1">ORF1</channel>
    <channel update="i" site="tvheute.at" site_id="orf2-programm" xmltv_id="ORF2">ORF2</channel>
    <channel update="i" site="tvheute.at" site_id="orf_iii-programm" xmltv_id="ORF III">ORF III</channel>
    <channel update="i" site="tvheute.at" site_id="atv-programm" xmltv_id="ATV">ATV</channel>
    <channel update="i" site="tvheute.at" site_id="puls_4-programm" xmltv_id="PULS 4">PULS 4</channel>
    <channel update="i" site="tvheute.at" site_id="servustv-programm" xmltv_id="ServusTV">ServusTV</channel>
    <channel update="i" site="tvheute.at" site_id="atv2-programm" xmltv_id="ATV2">ATV2</channel>
    <channel update="i" site="tvheute.at" site_id="ard-programm" xmltv_id="ARD">ARD</channel>
    <channel update="i" site="tvheute.at" site_id="zdf-programm" xmltv_id="ZDF">ZDF</channel>
    <channel update="i" site="tvheute.at" site_id="3sat-programm" xmltv_id="3SAT">3SAT</channel>
    <channel update="i" site="tvheute.at" site_id="arte-programm" xmltv_id="ARTE">ARTE</channel>
    <channel update="i" site="tvheute.at" site_id="one-programm" xmltv_id="one">one</channel>
    <channel update="i" site="tvheute.at" site_id="pro7-programm" xmltv_id="PRO7">PRO7</channel>
    <channel update="i" site="tvheute.at" site_id="sat1-programm" xmltv_id="SAT1">SAT1</channel>
    <channel update="i" site="tvheute.at" site_id="rtl-programm" xmltv_id="RTL">RTL</channel>
    <channel update="i" site="tvheute.at" site_id="vox-programm" xmltv_id="VOX">VOX</channel>
    <channel update="i" site="tvheute.at" site_id="k1-programm" xmltv_id="K1">K1</channel>
    <channel update="i" site="tvheute.at" site_id="rtl2-programm" xmltv_id="RTL2">RTL2</channel>
    <channel update="i" site="tvheute.at" site_id="sixx-programm" xmltv_id="sixx">sixx</channel>
    <channel update="i" site="tvheute.at" site_id="sat1gold-programm" xmltv_id="Sat1Gold">Sat1Gold</channel>
    <channel update="i" site="tvheute.at" site_id="rtlnitro-programm" xmltv_id="RTLNitro">RTLNitro</channel>
    <channel update="i" site="tvheute.at" site_id="rtlcrime-programm" xmltv_id="RTLCrime">RTLCrime</channel>
    <channel update="i" site="tvheute.at" site_id="rtlliving-programm" xmltv_id="RTLLiving">RTLLiving</channel>
    <channel update="i" site="tvheute.at" site_id="7maxx-programm" xmltv_id="7MAXX">7MAXX</channel>
    <channel update="i" site="tvheute.at" site_id="tele_5-programm" xmltv_id="Tele 5">Tele 5</channel>
    <channel update="i" site="tvheute.at" site_id="dmax-programm" xmltv_id="DMAX">DMAX</channel>
    <channel update="i" site="tvheute.at" site_id="zdfneo-programm" xmltv_id="ZDFneo">ZDFneo</channel>
    <channel update="i" site="tvheute.at" site_id="zdfinfo-programm" xmltv_id="ZDFinfo">ZDFinfo</channel>
    <channel update="i" site="tvheute.at" site_id="phoenix-programm" xmltv_id="PHOENIX">PHOENIX</channel>
    <channel update="i" site="tvheute.at" site_id="n24-programm" xmltv_id="N24">N24</channel>
    <channel update="i" site="tvheute.at" site_id="ntv-programm" xmltv_id="NTV">NTV</channel>
    <channel update="i" site="tvheute.at" site_id="orf_%2b-programm" xmltv_id="ORF +">ORF +</channel>
    <channel update="i" site="tvheute.at" site_id="sport1-programm" xmltv_id="Sport1">Sport1</channel>
    <channel update="i" site="tvheute.at" site_id="euro-programm" xmltv_id="EURO">EURO</channel>
    <channel update="i" site="tvheute.at" site_id="kika-programm" xmltv_id="KIKA">KIKA</channel>
    <channel update="i" site="tvheute.at" site_id="rtls-programm" xmltv_id="RTLS">RTLS</channel>
    <channel update="i" site="tvheute.at" site_id="disney-programm" xmltv_id="Disney">Disney</channel>
    <channel update="i" site="tvheute.at" site_id="nick-programm" xmltv_id="NICK">NICK</channel>
    <channel update="i" site="tvheute.at" site_id="br-programm" xmltv_id="BR">BR</channel>
    <channel update="i" site="tvheute.at" site_id="swr-programm" xmltv_id="SWR">SWR</channel>
    <channel update="i" site="tvheute.at" site_id="ndr-programm" xmltv_id="NDR">NDR</channel>
    <channel update="i" site="tvheute.at" site_id="wdr-programm" xmltv_id="WDR">WDR</channel>
    <channel update="i" site="tvheute.at" site_id="hr-programm" xmltv_id="HR">HR</channel>
    <channel update="i" site="tvheute.at" site_id="mdr-programm" xmltv_id="MDR">MDR</channel>
    <channel update="i" site="tvheute.at" site_id="rbb-programm" xmltv_id="rbb">rbb</channel>
    <channel update="i" site="tvheute.at" site_id="sf1-programm" xmltv_id="SF1">SF1</channel>
    <channel update="i" site="tvheute.at" site_id="sf2-programm" xmltv_id="SF2">SF2</channel>
  </channels>
</site>