﻿<?xml version="1.0" encoding="UTF-8"?>
<site generator-info-name="WebGrab+Plus/w MDB &amp; REX Postprocess -- version V3.0.0.24 -- Jan van Straaten" site="hd-plus.de">
  <channels>
    <channel update="i" site="hd-plus.de" site_id="19700" xmltv_id="Das Erste HD">Das Erste HD</channel>
    <channel update="i" site="hd-plus.de" site_id="19688" xmltv_id="ZDF HD">ZDF HD</channel>
    <channel update="i" site="hd-plus.de" site_id="19456" xmltv_id="RTL HD">RTL HD</channel>
    <channel update="i" site="hd-plus.de" site_id="19455" xmltv_id="SAT.1 HD">SAT.1 HD</channel>
    <channel update="i" site="hd-plus.de" site_id="19458" xmltv_id="VOX HD">VOX HD</channel>
    <channel update="i" site="hd-plus.de" site_id="19457" xmltv_id="ProSieben HD">ProSieben HD</channel>
    <channel update="i" site="hd-plus.de" site_id="19459" xmltv_id="kabel eins HD">kabel eins HD</channel>
    <channel update="i" site="hd-plus.de" site_id="20008" xmltv_id="RTL II HD">RTL II HD</channel>
    <channel update="i" site="hd-plus.de" site_id="24443" xmltv_id="SAT.1 Gold HD">SAT.1 Gold HD</channel>
    <channel update="i" site="hd-plus.de" site_id="22541" xmltv_id="NITRO HD">NITRO HD</channel>
    <channel update="i" site="hd-plus.de" site_id="15808" xmltv_id="DMAX HD">DMAX HD</channel>
    <channel update="i" site="hd-plus.de" site_id="22103" xmltv_id="TELE 5 HD">TELE 5 HD</channel>
    <channel update="i" site="hd-plus.de" site_id="24442" xmltv_id="ProSieben MAXX HD">ProSieben MAXX HD</channel>
    <channel update="i" site="hd-plus.de" site_id="19935" xmltv_id="sixx HD">sixx HD</channel>
    <channel update="i" site="hd-plus.de" site_id="24575" xmltv_id="TLC HD">TLC HD</channel>
    <channel update="i" site="hd-plus.de" site_id="14791" xmltv_id="SUPER RTL HD">SUPER RTL HD</channel>
    <channel update="i" site="hd-plus.de" site_id="19714" xmltv_id="Disney Channel HD">Disney Channel HD</channel>
    <channel update="i" site="hd-plus.de" site_id="22584" xmltv_id="DELUXE MUSIC HD">DELUXE MUSIC HD</channel>
    <channel update="i" site="hd-plus.de" site_id="14800" xmltv_id="MTV HD">MTV HD</channel>
    <channel update="i" site="hd-plus.de" site_id="20462" xmltv_id="Welt HD">Welt HD</channel>
    <channel update="i" site="hd-plus.de" site_id="14853" xmltv_id="n-tv HD">n-tv HD</channel>
    <channel update="i" site="hd-plus.de" site_id="14801" xmltv_id="INsight TV HD">INsight TV HD</channel>
    <channel update="i" site="hd-plus.de" site_id="19934" xmltv_id="Sport1 HD">Sport1 HD</channel>
    <channel update="i" site="hd-plus.de" site_id="19955" xmltv_id="Eurosport HD">Eurosport HD</channel>
    <channel update="i" site="hd-plus.de" site_id="25081" xmltv_id="Eurosport 2 HD Xtra">Eurosport 2 HD Xtra</channel>
    <channel update="i" site="hd-plus.de" site_id="25082" xmltv_id="Travelxp 4K">Travelxp 4K</channel>
    <channel update="i" site="hd-plus.de" site_id="21000" xmltv_id="UHD1">UHD1</channel>
    <channel update="i" site="hd-plus.de" site_id="24444" xmltv_id="1-2-3.tv HD">1-2-3.tv HD</channel>
    <channel update="i" site="hd-plus.de" site_id="19943" xmltv_id="13TH STREET HD">13TH STREET HD</channel>
    <channel update="i" site="hd-plus.de" site_id="14855" xmltv_id="3sat HD">3sat HD</channel>
    <channel update="i" site="hd-plus.de" site_id="25000" xmltv_id="A&amp;E">A&amp;E</channel>
    <channel update="i" site="hd-plus.de" site_id="24447" xmltv_id="a.tv">a.tv</channel>
    <channel update="i" site="hd-plus.de" site_id="24578" xmltv_id="allgäu.tv">allgäu.tv</channel>
    <channel update="i" site="hd-plus.de" site_id="19413" xmltv_id="Anixe HD">Anixe HD</channel>
    <channel update="i" site="hd-plus.de" site_id="14840" xmltv_id="ARD-alpha">ARD-alpha</channel>
    <channel update="i" site="hd-plus.de" site_id="19712" xmltv_id="ARTE HD">ARTE HD</channel>
    <channel update="i" site="hd-plus.de" site_id="19414" xmltv_id="AstroTV">AstroTV</channel>
    <channel update="i" site="hd-plus.de" site_id="24451" xmltv_id="ATV HD">ATV HD</channel>
    <channel update="i" site="hd-plus.de" site_id="24453" xmltv_id="ATV2">ATV2</channel>
    <channel update="i" site="hd-plus.de" site_id="14835" xmltv_id="AXN HD">AXN HD</channel>
    <channel update="i" site="hd-plus.de" site_id="22600" xmltv_id="Bayerisches Fernsehen HD">Bayerisches Fernsehen HD</channel>
    <channel update="i" site="hd-plus.de" site_id="19944" xmltv_id="Beate-Uhse.TV">Beate-Uhse.TV</channel>
    <channel update="i" site="hd-plus.de" site_id="24456" xmltv_id="Bibel TV HD">Bibel TV HD</channel>
    <channel update="i" site="hd-plus.de" site_id="14806" xmltv_id="Bloomberg TV Europe">Bloomberg TV Europe</channel>
    <channel update="i" site="hd-plus.de" site_id="19945" xmltv_id="Blue Movie 1">Blue Movie 1</channel>
    <channel update="i" site="hd-plus.de" site_id="19946" xmltv_id="Blue Movie 2">Blue Movie 2</channel>
    <channel update="i" site="hd-plus.de" site_id="19947" xmltv_id="Blue Movie 3">Blue Movie 3</channel>
    <channel update="i" site="hd-plus.de" site_id="14804" xmltv_id="Boomerang">Boomerang</channel>
    <channel update="i" site="hd-plus.de" site_id="24458" xmltv_id="Cartoon Network">Cartoon Network</channel>
    <channel update="i" site="hd-plus.de" site_id="24459" xmltv_id="Channel 21">Channel 21</channel>
    <channel update="i" site="hd-plus.de" site_id="19699" xmltv_id="Classica">Classica</channel>
    <channel update="i" site="hd-plus.de" site_id="20447" xmltv_id="Comedy Central HD">Comedy Central HD</channel>
    <channel update="i" site="hd-plus.de" site_id="24463" xmltv_id="Deutsches Musik Fernsehen">Deutsches Musik Fernsehen</channel>
    <channel update="i" site="hd-plus.de" site_id="24464" xmltv_id="DIE NEUE ZEIT TV">DIE NEUE ZEIT TV</channel>
    <channel update="i" site="hd-plus.de" site_id="19950" xmltv_id="Discovery Channel HD">Discovery Channel HD</channel>
    <channel update="i" site="hd-plus.de" site_id="19702" xmltv_id="Disney Cinemagic HD">Disney Cinemagic HD</channel>
    <channel update="i" site="hd-plus.de" site_id="22540" xmltv_id="Disney Junior HD">Disney Junior HD</channel>
    <channel update="i" site="hd-plus.de" site_id="19954" xmltv_id="Disney XD">Disney XD</channel>
    <channel update="i" site="hd-plus.de" site_id="24468" xmltv_id="DONAU TV">DONAU TV</channel>
    <channel update="i" site="hd-plus.de" site_id="24469" xmltv_id="E! ENTERTAINMENT HD">E! ENTERTAINMENT HD</channel>
    <channel update="i" site="hd-plus.de" site_id="24474" xmltv_id="euronews">euronews</channel>
    <channel update="i" site="hd-plus.de" site_id="25016" xmltv_id="Eurosport 2 HD">Eurosport 2 HD</channel>
    <channel update="i" site="hd-plus.de" site_id="24476" xmltv_id="EWTN">EWTN</channel>
    <channel update="i" site="hd-plus.de" site_id="21663" xmltv_id="Fox HD">Fox HD</channel>
    <channel update="i" site="hd-plus.de" site_id="24478" xmltv_id="Franken Fernsehen">Franken Fernsehen</channel>
    <channel update="i" site="hd-plus.de" site_id="24492" xmltv_id="Goldstar TV">Goldstar TV</channel>
    <channel update="i" site="hd-plus.de" site_id="24479" xmltv_id="gotv">gotv</channel>
    <channel update="i" site="hd-plus.de" site_id="24480" xmltv_id="Heimatkanal">Heimatkanal</channel>
    <channel update="i" site="hd-plus.de" site_id="19960" xmltv_id="HISTORY HD">HISTORY HD</channel>
    <channel update="i" site="hd-plus.de" site_id="24481" xmltv_id="HOPE Channel">HOPE Channel</channel>
    <channel update="i" site="hd-plus.de" site_id="14808" xmltv_id="hr-Fernsehen HD">hr-Fernsehen HD</channel>
    <channel update="i" site="hd-plus.de" site_id="24485" xmltv_id="HSE24 Extra HD">HSE24 Extra HD</channel>
    <channel update="i" site="hd-plus.de" site_id="24483" xmltv_id="HSE24 HD">HSE24 HD</channel>
    <channel update="i" site="hd-plus.de" site_id="24488" xmltv_id="intv">intv</channel>
    <channel update="i" site="hd-plus.de" site_id="24489" xmltv_id="JML">JML</channel>
    <channel update="i" site="hd-plus.de" site_id="25001" xmltv_id="Jukebox">Jukebox</channel>
    <channel update="i" site="hd-plus.de" site_id="19961" xmltv_id="Junior">Junior</channel>
    <channel update="i" site="hd-plus.de" site_id="24491" xmltv_id="Juwelo HD">Juwelo HD</channel>
    <channel update="i" site="hd-plus.de" site_id="24495" xmltv_id="K-TV">K-TV</channel>
    <channel update="i" site="hd-plus.de" site_id="14820" xmltv_id="kabel eins CLASSICS">kabel eins CLASSICS</channel>
    <channel update="i" site="hd-plus.de" site_id="19460" xmltv_id="Kabel Eins Doku HD">Kabel Eins Doku HD</channel>
    <channel update="i" site="hd-plus.de" site_id="14787" xmltv_id="KiKA HD">KiKA HD</channel>
    <channel update="i" site="hd-plus.de" site_id="14832" xmltv_id="Kinowelt TV">Kinowelt TV</channel>
    <channel update="i" site="hd-plus.de" site_id="24496" xmltv_id="L-TV">L-TV</channel>
    <channel update="i" site="hd-plus.de" site_id="20212" xmltv_id="MDR Fernsehen HD">MDR Fernsehen HD</channel>
    <channel update="i" site="hd-plus.de" site_id="24499" xmltv_id="Motorvision TV">Motorvision TV</channel>
    <channel update="i" site="hd-plus.de" site_id="24500" xmltv_id="MTV Dance">MTV Dance</channel>
    <channel update="i" site="hd-plus.de" site_id="24502" xmltv_id="MTV Hits">MTV Hits</channel>
    <channel update="i" site="hd-plus.de" site_id="22605" xmltv_id="MTV Live HD">MTV Live HD</channel>
    <channel update="i" site="hd-plus.de" site_id="24503" xmltv_id="MTV Music 24">MTV Music 24</channel>
    <channel update="i" site="hd-plus.de" site_id="24501" xmltv_id="MTV Rocks">MTV Rocks</channel>
    <channel update="i" site="hd-plus.de" site_id="24505" xmltv_id="Mühlviertel TV">Mühlviertel TV</channel>
    <channel update="i" site="hd-plus.de" site_id="24504" xmltv_id="münchen.tv">münchen.tv</channel>
    <channel update="i" site="hd-plus.de" site_id="20463" xmltv_id="N24 Doku">N24 Doku</channel>
    <channel update="i" site="hd-plus.de" site_id="19701" xmltv_id="Nat Geo HD">Nat Geo HD</channel>
    <channel update="i" site="hd-plus.de" site_id="23021" xmltv_id="Nat Geo Wild HD">Nat Geo Wild HD</channel>
    <channel update="i" site="hd-plus.de" site_id="14850" xmltv_id="NDR Fernsehen HD">NDR Fernsehen HD</channel>
    <channel update="i" site="hd-plus.de" site_id="24512" xmltv_id="NL 1">NL 1</channel>
    <channel update="i" site="hd-plus.de" site_id="24513" xmltv_id="NL 2">NL 2</channel>
    <channel update="i" site="hd-plus.de" site_id="24514" xmltv_id="NL 3">NL 3</channel>
    <channel update="i" site="hd-plus.de" site_id="14813" xmltv_id="ONE HD">ONE HD</channel>
    <channel update="i" site="hd-plus.de" site_id="24516" xmltv_id="ORF eins HD">ORF eins HD</channel>
    <channel update="i" site="hd-plus.de" site_id="24520" xmltv_id="ORF III HD">ORF III HD</channel>
    <channel update="i" site="hd-plus.de" site_id="24522" xmltv_id="ORF Sport + HD">ORF Sport + HD</channel>
    <channel update="i" site="hd-plus.de" site_id="24518" xmltv_id="ORF2">ORF2</channel>
    <channel update="i" site="hd-plus.de" site_id="24523" xmltv_id="Parlamentsfernsehen des Deutschen Bundestages">Parlamentsfernsehen des Deutschen Bundestages</channel>
    <channel update="i" site="hd-plus.de" site_id="19967" xmltv_id="Passion">Passion</channel>
    <channel update="i" site="hd-plus.de" site_id="24524" xmltv_id="Pearl.tv HD">Pearl.tv HD</channel>
    <channel update="i" site="hd-plus.de" site_id="14794" xmltv_id="PHOENIX HD">PHOENIX HD</channel>
    <channel update="i" site="hd-plus.de" site_id="25079" xmltv_id="PLANET HD">PLANET HD</channel>
    <channel update="i" site="hd-plus.de" site_id="25002" xmltv_id="ProSieben Fun HD">ProSieben Fun HD</channel>
    <channel update="i" site="hd-plus.de" site_id="24529" xmltv_id="PULS 4 HD">PULS 4 HD</channel>
    <channel update="i" site="hd-plus.de" site_id="24531" xmltv_id="QVC HD">QVC HD</channel>
    <channel update="i" site="hd-plus.de" site_id="24533" xmltv_id="QVC Plus HD">QVC Plus HD</channel>
    <channel update="i" site="hd-plus.de" site_id="14845" xmltv_id="rbb Fernsehen HD">rbb Fernsehen HD</channel>
    <channel update="i" site="hd-plus.de" site_id="24537" xmltv_id="Regio TV">Regio TV</channel>
    <channel update="i" site="hd-plus.de" site_id="24538" xmltv_id="RFO">RFO</channel>
    <channel update="i" site="hd-plus.de" site_id="24539" xmltv_id="Rhein-Main-TV">Rhein-Main-TV</channel>
    <channel update="i" site="hd-plus.de" site_id="24541" xmltv_id="Rhein-Neckar Fernsehen">Rhein-Neckar Fernsehen</channel>
    <channel update="i" site="hd-plus.de" site_id="24540" xmltv_id="RiC">RiC</channel>
    <channel update="i" site="hd-plus.de" site_id="24542" xmltv_id="Romance TV">Romance TV</channel>
    <channel update="i" site="hd-plus.de" site_id="19969" xmltv_id="RTL Crime HD">RTL Crime HD</channel>
    <channel update="i" site="hd-plus.de" site_id="14826" xmltv_id="RTL Living">RTL Living</channel>
    <channel update="i" site="hd-plus.de" site_id="25074" xmltv_id="RTLplus">RTLplus</channel>
    <channel update="i" site="hd-plus.de" site_id="22542" xmltv_id="SAT.1 emotions">SAT.1 emotions</channel>
    <channel update="i" site="hd-plus.de" site_id="20211" xmltv_id="Servus TV HD Österreich">Servus TV HD Österreich</channel>
    <channel update="i" site="hd-plus.de" site_id="20210" xmltv_id="ServusTV HD Deutschland">ServusTV HD Deutschland</channel>
    <channel update="i" site="hd-plus.de" site_id="25077" xmltv_id="Silverline">Silverline</channel>
    <channel update="i" site="hd-plus.de" site_id="25076" xmltv_id="Sky 1 HD">Sky 1 HD</channel>
    <channel update="i" site="hd-plus.de" site_id="19972" xmltv_id="Sky Action HD">Sky Action HD</channel>
    <channel update="i" site="hd-plus.de" site_id="22543" xmltv_id="Sky Atlantic HD">Sky Atlantic HD</channel>
    <channel update="i" site="hd-plus.de" site_id="22979" xmltv_id="Sky Bundesliga HD 1">Sky Bundesliga HD 1</channel>
    <channel update="i" site="hd-plus.de" site_id="24554" xmltv_id="Sky Bundesliga HD 2">Sky Bundesliga HD 2</channel>
    <channel update="i" site="hd-plus.de" site_id="24555" xmltv_id="Sky Bundesliga HD 3">Sky Bundesliga HD 3</channel>
    <channel update="i" site="hd-plus.de" site_id="24556" xmltv_id="Sky Bundesliga HD 4">Sky Bundesliga HD 4</channel>
    <channel update="i" site="hd-plus.de" site_id="19974" xmltv_id="Sky Cinema +1 HD">Sky Cinema +1 HD</channel>
    <channel update="i" site="hd-plus.de" site_id="19975" xmltv_id="Sky Cinema +24 HD">Sky Cinema +24 HD</channel>
    <channel update="i" site="hd-plus.de" site_id="19977" xmltv_id="Sky Cinema Family HD">Sky Cinema Family HD</channel>
    <channel update="i" site="hd-plus.de" site_id="19976" xmltv_id="Sky Cinema HD">Sky Cinema HD</channel>
    <channel update="i" site="hd-plus.de" site_id="19979" xmltv_id="Sky Comedy">Sky Comedy</channel>
    <channel update="i" site="hd-plus.de" site_id="19980" xmltv_id="Sky Emotion">Sky Emotion</channel>
    <channel update="i" site="hd-plus.de" site_id="22544" xmltv_id="Sky Hits HD">Sky Hits HD</channel>
    <channel update="i" site="hd-plus.de" site_id="19983" xmltv_id="Sky Krimi">Sky Krimi</channel>
    <channel update="i" site="hd-plus.de" site_id="19984" xmltv_id="Sky Nostalgie">Sky Nostalgie</channel>
    <channel update="i" site="hd-plus.de" site_id="24562" xmltv_id="Sky Sport Austria HD">Sky Sport Austria HD</channel>
    <channel update="i" site="hd-plus.de" site_id="19987" xmltv_id="Sky Sport HD 1">Sky Sport HD 1</channel>
    <channel update="i" site="hd-plus.de" site_id="19988" xmltv_id="Sky Sport HD 2">Sky Sport HD 2</channel>
    <channel update="i" site="hd-plus.de" site_id="22014" xmltv_id="Sky Sport News HD">Sky Sport News HD</channel>
    <channel update="i" site="hd-plus.de" site_id="19419" xmltv_id="sonnenklar.TV HD">sonnenklar.TV HD</channel>
    <channel update="i" site="hd-plus.de" site_id="25004" xmltv_id="Spiegel Geschichte HD">Spiegel Geschichte HD</channel>
    <channel update="i" site="hd-plus.de" site_id="25080" xmltv_id="Spiegel TV Wissen HD">Spiegel TV Wissen HD</channel>
    <channel update="i" site="hd-plus.de" site_id="24566" xmltv_id="sport1 US HD">sport1 US HD</channel>
    <channel update="i" site="hd-plus.de" site_id="24565" xmltv_id="sport1+ HD">sport1+ HD</channel>
    <channel update="i" site="hd-plus.de" site_id="24567" xmltv_id="sportdigital">sportdigital</channel>
    <channel update="i" site="hd-plus.de" site_id="24568" xmltv_id="SR Fernsehen HD">SR Fernsehen HD</channel>
    <channel update="i" site="hd-plus.de" site_id="24550" xmltv_id="SRF 1 HD">SRF 1 HD</channel>
    <channel update="i" site="hd-plus.de" site_id="24551" xmltv_id="SRF zwei HD">SRF zwei HD</channel>
    <channel update="i" site="hd-plus.de" site_id="22612" xmltv_id="SWR Fernsehen HD">SWR Fernsehen HD</channel>
    <channel update="i" site="hd-plus.de" site_id="19970" xmltv_id="Syfy HD">Syfy HD</channel>
    <channel update="i" site="hd-plus.de" site_id="14829" xmltv_id="tagesschau24 HD">tagesschau24 HD</channel>
    <channel update="i" site="hd-plus.de" site_id="25005" xmltv_id="TNT Comedy HD">TNT Comedy HD</channel>
    <channel update="i" site="hd-plus.de" site_id="22614" xmltv_id="TNT Film">TNT Film</channel>
    <channel update="i" site="hd-plus.de" site_id="22615" xmltv_id="TNT Serie HD">TNT Serie HD</channel>
    <channel update="i" site="hd-plus.de" site_id="25071" xmltv_id="ToggoPlus">ToggoPlus</channel>
    <channel update="i" site="hd-plus.de" site_id="24579" xmltv_id="TV Mittelrhein">TV Mittelrhein</channel>
    <channel update="i" site="hd-plus.de" site_id="24580" xmltv_id="TV Oberfranken">TV Oberfranken</channel>
    <channel update="i" site="hd-plus.de" site_id="24581" xmltv_id="TVA Ostbayern">TVA Ostbayern</channel>
    <channel update="i" site="hd-plus.de" site_id="24582" xmltv_id="Universal Channel HD">Universal Channel HD</channel>
    <channel update="i" site="hd-plus.de" site_id="24583" xmltv_id="VH1 Classic">VH1 Classic</channel>
    <channel update="i" site="hd-plus.de" site_id="14810" xmltv_id="VIVA">VIVA</channel>
    <channel update="i" site="hd-plus.de" site_id="14785" xmltv_id="WDR Fernsehen HD">WDR Fernsehen HD</channel>
    <channel update="i" site="hd-plus.de" site_id="24586" xmltv_id="Welt der Wunder TV">Welt der Wunder TV</channel>
    <channel update="i" site="hd-plus.de" site_id="24589" xmltv_id="ZDFinfo HD">ZDFinfo HD</channel>
    <channel update="i" site="hd-plus.de" site_id="16481" xmltv_id="ZDFneo HD">ZDFneo HD</channel>
    <channel update="i" site="hd-plus.de" site_id="24557" xmltv_id="Zee.One HD">Zee.One HD</channel>
  </channels>
</site>