<?xml version="1.0" encoding="UTF-8"?>
<site generator-info-name="WebGrab+Plus/w MDB &amp; REX Postprocess -- version V2.1.11.1 -- Jan van Straaten" site="tvtoday.de.m">
  <channels>
    <channel update="i" site="m.tvtoday.de" site_id="123tv" xmltv_id="123.tv">123.tv</channel>
    <channel update="i" site="m.tvtoday.de" site_id="13th" xmltv_id="13TH STREET">13TH STREET</channel>
    <channel update="i" site="m.tvtoday.de" site_id="3plus" xmltv_id="3+">3+</channel>
    <channel update="i" site="m.tvtoday.de" site_id="3sat" xmltv_id="3sat">3sat</channel>
    <channel update="i" site="m.tvtoday.de" site_id="adult" xmltv_id="Adult Channel">Adult Channel</channel>
    <channel update="i" site="m.tvtoday.de" site_id="aljaz" xmltv_id="Al Jazeera">Al Jazeera</channel>
    <channel update="i" site="m.tvtoday.de" site_id="aplan" xmltv_id="Animal Planet">Animal Planet</channel>
    <channel update="i" site="m.tvtoday.de" site_id="anixe" xmltv_id="ANIXE">ANIXE</channel>
    <channel update="i" site="m.tvtoday.de" site_id="alpha" xmltv_id="ARD-alpha">ARD-alpha</channel>
    <channel update="i" site="m.tvtoday.de" site_id="arte" xmltv_id="ARTE">ARTE</channel>
    <channel update="i" site="m.tvtoday.de" site_id="atv" xmltv_id="ATV">ATV</channel>
    <channel update="i" site="m.tvtoday.de" site_id="atv2" xmltv_id="ATV II">ATV II</channel>
    <channel update="i" site="m.tvtoday.de" site_id="ams" xmltv_id="Auto Motor Sport Ch.">Auto Motor Sport Ch.</channel>
    <channel update="i" site="m.tvtoday.de" site_id="axn" xmltv_id="AXN">AXN</channel>
    <channel update="i" site="m.tvtoday.de" site_id="bbc-e" xmltv_id="BBC Entertainm.">BBC Entertainm.</channel>
    <channel update="i" site="m.tvtoday.de" site_id="bbc" xmltv_id="BBC World News">BBC World News</channel>
    <channel update="i" site="m.tvtoday.de" site_id="butv" xmltv_id="Beate-Uhse.TV">Beate-Uhse.TV</channel>
    <channel update="i" site="m.tvtoday.de" site_id="be1" xmltv_id="Belgien 1">Belgien 1</channel>
    <channel update="i" site="m.tvtoday.de" site_id="bibel" xmltv_id="Bibel TV">Bibel TV</channel>
    <channel update="i" site="m.tvtoday.de" site_id="blm" xmltv_id="Bloomberg Europe TV">Bloomberg Europe TV</channel>
    <channel update="i" site="m.tvtoday.de" site_id="blum" xmltv_id="Blue Movie">Blue Movie</channel>
    <channel update="i" site="m.tvtoday.de" site_id="blum2" xmltv_id="Blue Movie 2">Blue Movie 2</channel>
    <channel update="i" site="m.tvtoday.de" site_id="blum3" xmltv_id="Blue Movie 3">Blue Movie 3</channel>
    <channel update="i" site="m.tvtoday.de" site_id="gusto" xmltv_id="BonGusto">BonGusto</channel>
    <channel update="i" site="m.tvtoday.de" site_id="boom" xmltv_id="Boomerang">Boomerang</channel>
    <channel update="i" site="m.tvtoday.de" site_id="br" xmltv_id="BR">BR</channel>
    <channel update="i" site="m.tvtoday.de" site_id="buli" xmltv_id="Bundesliga HD 1">Bundesliga HD 1</channel>
    <channel update="i" site="m.tvtoday.de" site_id="c-net" xmltv_id="Cartoon Network">Cartoon Network</channel>
    <channel update="i" site="m.tvtoday.de" site_id="ch21" xmltv_id="Channel21">Channel21</channel>
    <channel update="i" site="m.tvtoday.de" site_id="sach" xmltv_id="Chemnitz Fernsehen">Chemnitz Fernsehen</channel>
    <channel update="i" site="m.tvtoday.de" site_id="class" xmltv_id="Classica">Classica</channel>
    <channel update="i" site="m.tvtoday.de" site_id="cnbc" xmltv_id="CNBC">CNBC</channel>
    <channel update="i" site="m.tvtoday.de" site_id="cnn" xmltv_id="CNN International">CNN International</channel>
    <channel update="i" site="m.tvtoday.de" site_id="cc" xmltv_id="COMEDY CENTRAL">COMEDY CENTRAL</channel>
    <channel update="i" site="m.tvtoday.de" site_id="crin" xmltv_id="Crime + Investigation">Crime + Investigation</channel>
    <channel update="i" site="m.tvtoday.de" site_id="ard" xmltv_id="Das Erste">Das Erste</channel>
    <channel update="i" site="m.tvtoday.de" site_id="dazn" xmltv_id="DAZN">DAZN</channel>
    <channel update="i" site="m.tvtoday.de" site_id="dmc" xmltv_id="DELUXE MUSIC">DELUXE MUSIC</channel>
    <channel update="i" site="m.tvtoday.de" site_id="datv" xmltv_id="Der Aktionär TV">Der Aktionär TV</channel>
    <channel update="i" site="m.tvtoday.de" site_id="dmf" xmltv_id="Deutsches Musik Ferns.">Deutsches Musik Ferns.</channel>
    <channel update="i" site="m.tvtoday.de" site_id="hddis" xmltv_id="Discovery HD">Discovery HD</channel>
    <channel update="i" site="m.tvtoday.de" site_id="disne" xmltv_id="Disney Channel">Disney Channel</channel>
    <channel update="i" site="m.tvtoday.de" site_id="djun" xmltv_id="Disney Junior">Disney Junior</channel>
    <channel update="i" site="m.tvtoday.de" site_id="dxd" xmltv_id="Disney XD">Disney XD</channel>
    <channel update="i" site="m.tvtoday.de" site_id="dmax" xmltv_id="DMAX">DMAX</channel>
    <channel update="i" site="m.tvtoday.de" site_id="dr1" xmltv_id="DR1">DR1</channel>
    <channel update="i" site="m.tvtoday.de" site_id="drtv" xmltv_id="Dresden Fernsehen">Dresden Fernsehen</channel>
    <channel update="i" site="m.tvtoday.de" site_id="dwtv" xmltv_id="DW (Europe)">DW (Europe)</channel>
    <channel update="i" site="m.tvtoday.de" site_id="e!" xmltv_id="E! Entertainm.">E! Entertainm.</channel>
    <channel update="i" site="m.tvtoday.de" site_id="eotv" xmltv_id="eoTV">eoTV</channel>
    <channel update="i" site="m.tvtoday.de" site_id="es1" xmltv_id="eSports1">eSports1</channel>
    <channel update="i" site="m.tvtoday.de" site_id="euron" xmltv_id="euronews">euronews</channel>
    <channel update="i" site="m.tvtoday.de" site_id="euro" xmltv_id="Eurosport 1">Eurosport 1</channel>
    <channel update="i" site="m.tvtoday.de" site_id="euro2" xmltv_id="Eurosport 2">Eurosport 2</channel>
    <channel update="i" site="m.tvtoday.de" site_id="ex-sp" xmltv_id="EXTREME SPORTS">EXTREME SPORTS</channel>
    <channel update="i" site="m.tvtoday.de" site_id="fatv" xmltv_id="Fashion TV">Fashion TV</channel>
    <channel update="i" site="m.tvtoday.de" site_id="fln" xmltv_id="Fine Living Network">Fine Living Network</channel>
    <channel update="i" site="m.tvtoday.de" site_id="fftv" xmltv_id="Fix &amp;amp; Foxi">Fix &amp;amp; Foxi</channel>
    <channel update="i" site="m.tvtoday.de" site_id="food" xmltv_id="Food Network">Food Network</channel>
    <channel update="i" site="m.tvtoday.de" site_id="fox" xmltv_id="FOX">FOX</channel>
    <channel update="i" site="m.tvtoday.de" site_id="fr24e" xmltv_id="France 24 (engl.)">France 24 (engl.)</channel>
    <channel update="i" site="m.tvtoday.de" site_id="fr24f" xmltv_id="France 24 (franz.)">France 24 (franz.)</channel>
    <channel update="i" site="m.tvtoday.de" site_id="freeshop" xmltv_id="freenet SHOPPING">freenet SHOPPING</channel>
    <channel update="i" site="m.tvtoday.de" site_id="geo" xmltv_id="GEO Television">GEO Television</channel>
    <channel update="i" site="m.tvtoday.de" site_id="gold" xmltv_id="GoldStar TV">GoldStar TV</channel>
    <channel update="i" site="m.tvtoday.de" site_id="laune" xmltv_id="Gute Laune TV">Gute Laune TV</channel>
    <channel update="i" site="m.tvtoday.de" site_id="hh1" xmltv_id="Hamburg 1">Hamburg 1</channel>
    <channel update="i" site="m.tvtoday.de" site_id="health" xmltv_id="Health TV">Health TV</channel>
    <channel update="i" site="m.tvtoday.de" site_id="heima" xmltv_id="Heimatkanal">Heimatkanal</channel>
    <channel update="i" site="m.tvtoday.de" site_id="hishd" xmltv_id="HISTORY HD">HISTORY HD</channel>
    <channel update="i" site="m.tvtoday.de" site_id="hgtv" xmltv_id="Home &amp;amp; Garden TV">Home &amp;amp; Garden TV</channel>
    <channel update="i" site="m.tvtoday.de" site_id="hr" xmltv_id="HR">HR</channel>
    <channel update="i" site="m.tvtoday.de" site_id="hse" xmltv_id="HSE24">HSE24</channel>
    <channel update="i" site="m.tvtoday.de" site_id="juke" xmltv_id="Jukebox">Jukebox</channel>
    <channel update="i" site="m.tvtoday.de" site_id="junio" xmltv_id="Junior">Junior</channel>
    <channel update="i" site="m.tvtoday.de" site_id="ktv" xmltv_id="K-TV">K-TV</channel>
    <channel update="i" site="m.tvtoday.de" site_id="k1" xmltv_id="kabel eins">kabel eins</channel>
    <channel update="i" site="m.tvtoday.de" site_id="k1cla" xmltv_id="kabel eins CLASSICS">kabel eins CLASSICS</channel>
    <channel update="i" site="m.tvtoday.de" site_id="k1doku" xmltv_id="kabel eins Doku">kabel eins Doku</channel>
    <channel update="i" site="m.tvtoday.de" site_id="kika" xmltv_id="KiKA">KiKA</channel>
    <channel update="i" site="m.tvtoday.de" site_id="kinow" xmltv_id="KinoweltTV">KinoweltTV</channel>
    <channel update="i" site="m.tvtoday.de" site_id="leitv" xmltv_id="Leipzig Fernsehen">Leipzig Fernsehen</channel>
    <channel update="i" site="m.tvtoday.de" site_id="lustp" xmltv_id="LUST PUR">LUST PUR</channel>
    <channel update="i" site="m.tvtoday.de" site_id="mapo" xmltv_id="Marco Polo TV">Marco Polo TV</channel>
    <channel update="i" site="m.tvtoday.de" site_id="mdr" xmltv_id="MDR">MDR</channel>
    <channel update="i" site="m.tvtoday.de" site_id="melodietv" xmltv_id="Melodie TV">Melodie TV</channel>
    <channel update="i" site="m.tvtoday.de" site_id="mezzo" xmltv_id="Mezzo">Mezzo</channel>
    <channel update="i" site="m.tvtoday.de" site_id="motor" xmltv_id="Motors TV">Motors TV</channel>
    <channel update="i" site="m.tvtoday.de" site_id="movtv" xmltv_id="Motorvision TV">Motorvision TV</channel>
    <channel update="i" site="m.tvtoday.de" site_id="mtv" xmltv_id="MTV">MTV</channel>
    <channel update="i" site="m.tvtoday.de" site_id="mtv-b" xmltv_id="MTV Base">MTV Base</channel>
    <channel update="i" site="m.tvtoday.de" site_id="mtv-d" xmltv_id="MTV Dance">MTV Dance</channel>
    <channel update="i" site="m.tvtoday.de" site_id="mtv-h" xmltv_id="MTV Hits">MTV Hits</channel>
    <channel update="i" site="m.tvtoday.de" site_id="mtv-l" xmltv_id="MTV Live HD">MTV Live HD</channel>
    <channel update="i" site="m.tvtoday.de" site_id="tvm" xmltv_id="münchen.tv">münchen.tv</channel>
    <channel update="i" site="m.tvtoday.de" site_id="ntv" xmltv_id="n-tv">n-tv</channel>
    <channel update="i" site="m.tvtoday.de" site_id="n24doku" xmltv_id="N24 Doku">N24 Doku</channel>
    <channel update="i" site="m.tvtoday.de" site_id="n-ghd" xmltv_id="Nat Geo HD">Nat Geo HD</channel>
    <channel update="i" site="m.tvtoday.de" site_id="n-gw" xmltv_id="NAT GEO WILD">NAT GEO WILD</channel>
    <channel update="i" site="m.tvtoday.de" site_id="nauch" xmltv_id="Nautical Channel">Nautical Channel</channel>
    <channel update="i" site="m.tvtoday.de" site_id="n3" xmltv_id="NDR">NDR</channel>
    <channel update="i" site="m.tvtoday.de" site_id="nhk" xmltv_id="NHK WORLD TV">NHK WORLD TV</channel>
    <channel update="i" site="m.tvtoday.de" site_id="nickj" xmltv_id="Nick Jr.">Nick Jr.</channel>
    <channel update="i" site="m.tvtoday.de" site_id="nick" xmltv_id="nick/MTV+">nick/MTV+</channel>
    <channel update="i" site="m.tvtoday.de" site_id="nickt" xmltv_id="Nicktoons">Nicktoons</channel>
    <channel update="i" site="m.tvtoday.de" site_id="rtl-n" xmltv_id="NITRO">NITRO</channel>
    <channel update="i" site="m.tvtoday.de" site_id="nl1" xmltv_id="NL 1">NL 1</channel>
    <channel update="i" site="m.tvtoday.de" site_id="nl2" xmltv_id="NL 2">NL 2</channel>
    <channel update="i" site="m.tvtoday.de" site_id="nl3" xmltv_id="NL 3">NL 3</channel>
    <channel update="i" site="m.tvtoday.de" site_id="nowus" xmltv_id="NOW US">NOW US</channel>
    <channel update="i" site="m.tvtoday.de" site_id="oe24tv" xmltv_id="oe24.TV">oe24.TV</channel>
    <channel update="i" site="m.tvtoday.de" site_id="fes" xmltv_id="ONE">ONE</channel>
    <channel update="i" site="m.tvtoday.de" site_id="orf2" xmltv_id="ORF 2">ORF 2</channel>
    <channel update="i" site="m.tvtoday.de" site_id="orf1" xmltv_id="ORF eins">ORF eins</channel>
    <channel update="i" site="m.tvtoday.de" site_id="orf3" xmltv_id="ORF III">ORF III</channel>
    <channel update="i" site="m.tvtoday.de" site_id="orfsp" xmltv_id="ORF SPORT +">ORF SPORT +</channel>
    <channel update="i" site="m.tvtoday.de" site_id="phoen" xmltv_id="PHOENIX">PHOENIX</channel>
    <channel update="i" site="m.tvtoday.de" site_id="plane" xmltv_id="PLANET">PLANET</channel>
    <channel update="i" site="m.tvtoday.de" site_id="pboy" xmltv_id="Playboy TV">Playboy TV</channel>
    <channel update="i" site="m.tvtoday.de" site_id="pro7" xmltv_id="ProSieben">ProSieben</channel>
    <channel update="i" site="m.tvtoday.de" site_id="pro7f" xmltv_id="ProSieben Fun">ProSieben Fun</channel>
    <channel update="i" site="m.tvtoday.de" site_id="pro7m" xmltv_id="ProSieben MAXX">ProSieben MAXX</channel>
    <channel update="i" site="m.tvtoday.de" site_id="puls4" xmltv_id="PULS 4">PULS 4</channel>
    <channel update="i" site="m.tvtoday.de" site_id="puls8" xmltv_id="PULS acht">PULS acht</channel>
    <channel update="i" site="m.tvtoday.de" site_id="qvc" xmltv_id="QVC">QVC</channel>
    <channel update="i" site="m.tvtoday.de" site_id="qvcbs" xmltv_id="QVC Beauty &amp;amp; Style">QVC Beauty &amp;amp; Style</channel>
    <channel update="i" site="m.tvtoday.de" site_id="qvcp" xmltv_id="QVC2">QVC2</channel>
    <channel update="i" site="m.tvtoday.de" site_id="rbb" xmltv_id="RBB">RBB</channel>
    <channel update="i" site="m.tvtoday.de" site_id="rck" xmltv_id="RCK TV">RCK TV</channel>
    <channel update="i" site="m.tvtoday.de" site_id="regio" xmltv_id="Regio tv">Regio tv</channel>
    <channel update="i" site="m.tvtoday.de" site_id="regbs" xmltv_id="Regio TV Bodensee">Regio TV Bodensee</channel>
    <channel update="i" site="m.tvtoday.de" site_id="rnf" xmltv_id="Rhein-Neckar Fernsehen">Rhein-Neckar Fernsehen</channel>
    <channel update="i" site="m.tvtoday.de" site_id="rmtv" xmltv_id="rheinmain tv">rheinmain tv</channel>
    <channel update="i" site="m.tvtoday.de" site_id="ric" xmltv_id="RiC">RiC</channel>
    <channel update="i" site="m.tvtoday.de" site_id="rom" xmltv_id="Romance TV">Romance TV</channel>
    <channel update="i" site="m.tvtoday.de" site_id="rtl" xmltv_id="RTL">RTL</channel>
    <channel update="i" site="m.tvtoday.de" site_id="rtl-c" xmltv_id="RTL Crime">RTL Crime</channel>
    <channel update="i" site="m.tvtoday.de" site_id="rtl2" xmltv_id="RTL II">RTL II</channel>
    <channel update="i" site="m.tvtoday.de" site_id="rtl-l" xmltv_id="RTL Living">RTL Living</channel>
    <channel update="i" site="m.tvtoday.de" site_id="pass" xmltv_id="RTL Passion">RTL Passion</channel>
    <channel update="i" site="m.tvtoday.de" site_id="rtlpl" xmltv_id="RTLplus">RTLplus</channel>
    <channel update="i" site="m.tvtoday.de" site_id="sat1" xmltv_id="SAT.1">SAT.1</channel>
    <channel update="i" site="m.tvtoday.de" site_id="sat1e" xmltv_id="SAT.1 emotions">SAT.1 emotions</channel>
    <channel update="i" site="m.tvtoday.de" site_id="sat1g" xmltv_id="SAT.1 Gold">SAT.1 Gold</channel>
    <channel update="i" site="m.tvtoday.de" site_id="servu" xmltv_id="ServusTV Deutschland">ServusTV Deutschland</channel>
    <channel update="i" site="m.tvtoday.de" site_id="silve" xmltv_id="Silverline">Silverline</channel>
    <channel update="i" site="m.tvtoday.de" site_id="sixx" xmltv_id="sixx">sixx</channel>
    <channel update="i" site="m.tvtoday.de" site_id="sky1" xmltv_id="Sky 1">Sky 1</channel>
    <channel update="i" site="m.tvtoday.de" site_id="sky-a" xmltv_id="Sky Action">Sky Action</channel>
    <channel update="i" site="m.tvtoday.de" site_id="skyat" xmltv_id="Sky Atlantic HD">Sky Atlantic HD</channel>
    <channel update="i" site="m.tvtoday.de" site_id="cin" xmltv_id="Sky Cinema">Sky Cinema</channel>
    <channel update="i" site="m.tvtoday.de" site_id="sky-h" xmltv_id="Sky Cinema Hits HD">Sky Cinema Hits HD</channel>
    <channel update="i" site="m.tvtoday.de" site_id="cin1" xmltv_id="Sky Cinema+1">Sky Cinema+1</channel>
    <channel update="i" site="m.tvtoday.de" site_id="cin24" xmltv_id="Sky Cinema+24">Sky Cinema+24</channel>
    <channel update="i" site="m.tvtoday.de" site_id="sky-c" xmltv_id="Sky Comedy">Sky Comedy</channel>
    <channel update="i" site="m.tvtoday.de" site_id="sky-e" xmltv_id="Sky Emotion">Sky Emotion</channel>
    <channel update="i" site="m.tvtoday.de" site_id="sky-f" xmltv_id="Sky Family">Sky Family</channel>
    <channel update="i" site="m.tvtoday.de" site_id="sky-k" xmltv_id="Sky Krimi">Sky Krimi</channel>
    <channel update="i" site="m.tvtoday.de" site_id="sky-n" xmltv_id="Sky Nostalgie">Sky Nostalgie</channel>
    <channel update="i" site="m.tvtoday.de" site_id="sky-s" xmltv_id="Sky Select">Sky Select</channel>
    <channel update="i" site="m.tvtoday.de" site_id="spo-a" xmltv_id="Sky Sport Austria">Sky Sport Austria</channel>
    <channel update="i" site="m.tvtoday.de" site_id="hdspo" xmltv_id="Sky Sport HD 1">Sky Sport HD 1</channel>
    <channel update="i" site="m.tvtoday.de" site_id="shd2" xmltv_id="Sky Sport HD 2">Sky Sport HD 2</channel>
    <channel update="i" site="m.tvtoday.de" site_id="snhd" xmltv_id="Sky Sport News HD">Sky Sport News HD</channel>
    <channel update="i" site="m.tvtoday.de" site_id="spuhd" xmltv_id="SKY Sport UHD">SKY Sport UHD</channel>
    <channel update="i" site="m.tvtoday.de" site_id="sklar" xmltv_id="sonnenklar.TV">sonnenklar.TV</channel>
    <channel update="i" site="m.tvtoday.de" site_id="sony" xmltv_id="Sony Channel">Sony Channel</channel>
    <channel update="i" site="m.tvtoday.de" site_id="sp-ge" xmltv_id="SPIEGEL Geschichte">SPIEGEL Geschichte</channel>
    <channel update="i" site="m.tvtoday.de" site_id="sptvw" xmltv_id="SPIEGEL TV WISSEN">SPIEGEL TV WISSEN</channel>
    <channel update="i" site="m.tvtoday.de" site_id="sport" xmltv_id="SPORT1">SPORT1</channel>
    <channel update="i" site="m.tvtoday.de" site_id="s1plu" xmltv_id="SPORT1+">SPORT1+</channel>
    <channel update="i" site="m.tvtoday.de" site_id="sdtv" xmltv_id="Sportdeutschland.TV">Sportdeutschland.TV</channel>
    <channel update="i" site="m.tvtoday.de" site_id="spo-d" xmltv_id="sportdigital">sportdigital</channel>
    <channel update="i" site="m.tvtoday.de" site_id="sf1" xmltv_id="SRF 1">SRF 1</channel>
    <channel update="i" site="m.tvtoday.de" site_id="sf2" xmltv_id="SRF zwei">SRF zwei</channel>
    <channel update="i" site="m.tvtoday.de" site_id="sttv" xmltv_id="STAR TV">STAR TV</channel>
    <channel update="i" site="m.tvtoday.de" site_id="super" xmltv_id="SUPER RTL">SUPER RTL</channel>
    <channel update="i" site="m.tvtoday.de" site_id="swr" xmltv_id="SWR/SR">SWR/SR</channel>
    <channel update="i" site="m.tvtoday.de" site_id="scifi" xmltv_id="Syfy">Syfy</channel>
    <channel update="i" site="m.tvtoday.de" site_id="tag24" xmltv_id="tagesschau24">tagesschau24</channel>
    <channel update="i" site="m.tvtoday.de" site_id="tele5" xmltv_id="TELE 5">TELE 5</channel>
    <channel update="i" site="m.tvtoday.de" site_id="tlc" xmltv_id="TLC">TLC</channel>
    <channel update="i" site="m.tvtoday.de" site_id="tnt-c" xmltv_id="TNT Comedy">TNT Comedy</channel>
    <channel update="i" site="m.tvtoday.de" site_id="tnt-f" xmltv_id="TNT Film">TNT Film</channel>
    <channel update="i" site="m.tvtoday.de" site_id="tnt-s" xmltv_id="TNT Serie">TNT Serie</channel>
    <channel update="i" site="m.tvtoday.de" site_id="toggo" xmltv_id="TOGGO plus">TOGGO plus</channel>
    <channel update="i" site="m.tvtoday.de" site_id="trace" xmltv_id="Trace TV">Trace TV</channel>
    <channel update="i" site="m.tvtoday.de" site_id="travelxp" xmltv_id="travelxp 4K">travelxp 4K</channel>
    <channel update="i" site="m.tvtoday.de" site_id="tvb" xmltv_id="tv.berlin">tv.berlin</channel>
    <channel update="i" site="m.tvtoday.de" site_id="tv2" xmltv_id="TV2">TV2</channel>
    <channel update="i" site="m.tvtoday.de" site_id="tv5" xmltv_id="TV5 Monde">TV5 Monde</channel>
    <channel update="i" site="m.tvtoday.de" site_id="uhd1" xmltv_id="UHD1">UHD1</channel>
    <channel update="i" site="m.tvtoday.de" site_id="unive" xmltv_id="Universal Channel HD">Universal Channel HD</channel>
    <channel update="i" site="m.tvtoday.de" site_id="vh1" xmltv_id="VH1 Classic">VH1 Classic</channel>
    <channel update="i" site="m.tvtoday.de" site_id="vox" xmltv_id="VOX">VOX</channel>
    <channel update="i" site="m.tvtoday.de" site_id="wdr" xmltv_id="WDR">WDR</channel>
    <channel update="i" site="m.tvtoday.de" site_id="welt" xmltv_id="WELT">WELT</channel>
    <channel update="i" site="m.tvtoday.de" site_id="wdwtv" xmltv_id="Welt der Wunder">Welt der Wunder</channel>
    <channel update="i" site="m.tvtoday.de" site_id="dwf" xmltv_id="Wetter.com TV">Wetter.com TV</channel>
    <channel update="i" site="m.tvtoday.de" site_id="zdf" xmltv_id="ZDF">ZDF</channel>
    <channel update="i" site="m.tvtoday.de" site_id="zinfo" xmltv_id="ZDFinfo">ZDFinfo</channel>
    <channel update="i" site="m.tvtoday.de" site_id="2neo" xmltv_id="ZDFneo">ZDFneo</channel>
    <channel update="i" site="m.tvtoday.de" site_id="zee-1" xmltv_id="Zee.One">Zee.One</channel>
  </channels>
</site>
