<?xml version="1.0" encoding="UTF-8"?>
<site generator-info-name="WebGrab+Plus/w MDB &amp; REX Postprocess -- version V2.1.4 -- Jan van Straaten" site="sky.de">
  <channels>
    <channel update="i" site="sky.de" site_id="9" xmltv_id="13th Street">13th Street</channel>
    <channel update="i" site="sky.de" site_id="116" xmltv_id="13th Street HD">13th Street HD</channel>
    <channel update="i" site="sky.de" site_id="451" xmltv_id="A&amp;E">A&amp;E</channel>
    <channel update="i" site="sky.de" site_id="73" xmltv_id="Beate-Uhse.TV">Beate-Uhse.TV</channel>
    <channel update="i" site="sky.de" site_id="690" xmltv_id="Beate-Uhse.TV HD">Beate-Uhse.TV HD</channel>
    <channel update="i" site="sky.de" site_id="94" xmltv_id="Boomerang">Boomerang</channel>
    <channel update="i" site="sky.de" site_id="95" xmltv_id="Cartoon Network">Cartoon Network</channel>
    <channel update="i" site="sky.de" site_id="99" xmltv_id="Classica">Classica</channel>
    <channel update="i" site="sky.de" site_id="82" xmltv_id="Discovery Channel">Discovery Channel</channel>
    <channel update="i" site="sky.de" site_id="83" xmltv_id="Discovery HD">Discovery HD</channel>
    <channel update="i" site="sky.de" site_id="66" xmltv_id="Disney Cinemagic">Disney Cinemagic</channel>
    <channel update="i" site="sky.de" site_id="67" xmltv_id="Disney Cinemagic HD">Disney Cinemagic HD</channel>
    <channel update="i" site="sky.de" site_id="92" xmltv_id="Disney Junior">Disney Junior</channel>
    <channel update="i" site="sky.de" site_id="387" xmltv_id="Disney Junior HD">Disney Junior HD</channel>
    <channel update="i" site="sky.de" site_id="93" xmltv_id="Disney XD">Disney XD</channel>
    <channel update="i" site="sky.de" site_id="117" xmltv_id="E! Entertainm. HD">E! Entertainm. HD</channel>
    <channel update="i" site="sky.de" site_id="596" xmltv_id="Eurosport 1 HD">Eurosport 1 HD</channel>
    <channel update="i" site="sky.de" site_id="161" xmltv_id="Eurosport 2 HD">Eurosport 2 HD</channel>
    <channel update="i" site="sky.de" site_id="163" xmltv_id="Eurosport360HD 1">Eurosport360HD 1</channel>
    <channel update="i" site="sky.de" site_id="164" xmltv_id="Eurosport360HD 2">Eurosport360HD 2</channel>
    <channel update="i" site="sky.de" site_id="165" xmltv_id="Eurosport360HD 3">Eurosport360HD 3</channel>
    <channel update="i" site="sky.de" site_id="166" xmltv_id="Eurosport360HD 4">Eurosport360HD 4</channel>
    <channel update="i" site="sky.de" site_id="167" xmltv_id="Eurosport360HD 5">Eurosport360HD 5</channel>
    <channel update="i" site="sky.de" site_id="168" xmltv_id="Eurosport360HD 6">Eurosport360HD 6</channel>
    <channel update="i" site="sky.de" site_id="169" xmltv_id="Eurosport360HD 7">Eurosport360HD 7</channel>
    <channel update="i" site="sky.de" site_id="170" xmltv_id="Eurosport360HD 8">Eurosport360HD 8</channel>
    <channel update="i" site="sky.de" site_id="171" xmltv_id="Eurosport360HD 9">Eurosport360HD 9</channel>
    <channel update="i" site="sky.de" site_id="4" xmltv_id="Fox HD">Fox HD</channel>
    <channel update="i" site="sky.de" site_id="3" xmltv_id="Fox Serie">Fox Serie</channel>
    <channel update="i" site="sky.de" site_id="72" xmltv_id="Heimatkanal">Heimatkanal</channel>
    <channel update="i" site="sky.de" site_id="86" xmltv_id="History HD">History HD</channel>
    <channel update="i" site="sky.de" site_id="452" xmltv_id="Jukebox">Jukebox</channel>
    <channel update="i" site="sky.de" site_id="96" xmltv_id="Junior">Junior</channel>
    <channel update="i" site="sky.de" site_id="70" xmltv_id="Kinowelt TV">Kinowelt TV</channel>
    <channel update="i" site="sky.de" site_id="52" xmltv_id="Motorvision TV">Motorvision TV</channel>
    <channel update="i" site="sky.de" site_id="81" xmltv_id="NatGeo HD">NatGeo HD</channel>
    <channel update="i" site="sky.de" site_id="87" xmltv_id="NatGeo Wild">NatGeo Wild</channel>
    <channel update="i" site="sky.de" site_id="88" xmltv_id="NatGeo Wild HD">NatGeo Wild HD</channel>
    <channel update="i" site="sky.de" site_id="80" xmltv_id="National Geographic">National Geographic</channel>
    <channel update="i" site="sky.de" site_id="16" xmltv_id="Romance TV">Romance TV</channel>
    <channel update="i" site="sky.de" site_id="499" xmltv_id="Sky Arts HD">Sky Arts HD</channel>
    <channel update="i" site="sky.de" site_id="174" xmltv_id="Sky Atlantic">Sky Atlantic</channel>
    <channel update="i" site="sky.de" site_id="2" xmltv_id="Sky Atlantic HD">Sky Atlantic HD</channel>
    <channel update="i" site="sky.de" site_id="55" xmltv_id="Sky Cinema">Sky Cinema</channel>
    <channel update="i" site="sky.de" site_id="57" xmltv_id="Sky Cinema +1">Sky Cinema +1</channel>
    <channel update="i" site="sky.de" site_id="447" xmltv_id="Sky Cinema +1 HD">Sky Cinema +1 HD</channel>
    <channel update="i" site="sky.de" site_id="58" xmltv_id="Sky Cinema +24">Sky Cinema +24</channel>
    <channel update="i" site="sky.de" site_id="448" xmltv_id="Sky Cinema +24 HD">Sky Cinema +24 HD</channel>
    <channel update="i" site="sky.de" site_id="59" xmltv_id="Sky Cinema Action">Sky Cinema Action</channel>
    <channel update="i" site="sky.de" site_id="60" xmltv_id="Sky Cinema Action HD">Sky Cinema Action HD</channel>
    <channel update="i" site="sky.de" site_id="710" xmltv_id="Sky Cinema Awards">Sky Cinema Awards</channel>
    <channel update="i" site="sky.de" site_id="61" xmltv_id="Sky Cinema Comedy">Sky Cinema Comedy</channel>
    <channel update="i" site="sky.de" site_id="62" xmltv_id="Sky Cinema Emotion">Sky Cinema Emotion</channel>
    <channel update="i" site="sky.de" site_id="532" xmltv_id="Sky Cinema Family">Sky Cinema Family</channel>
    <channel update="i" site="sky.de" site_id="533" xmltv_id="Sky Cinema Family HD">Sky Cinema Family HD</channel>
    <channel update="i" site="sky.de" site_id="56" xmltv_id="Sky Cinema HD">Sky Cinema HD</channel>
    <channel update="i" site="sky.de" site_id="64" xmltv_id="Sky Cinema Hits">Sky Cinema Hits</channel>
    <channel update="i" site="sky.de" site_id="65" xmltv_id="Sky Cinema Hits HD">Sky Cinema Hits HD</channel>
    <channel update="i" site="sky.de" site_id="709" xmltv_id="Sky Cinema In Love">Sky Cinema In Love</channel>
    <channel update="i" site="sky.de" site_id="636" xmltv_id="Sky Cinema Nostalgie">Sky Cinema Nostalgie</channel>
    <channel update="i" site="sky.de" site_id="1" xmltv_id="Sky Krimi">Sky Krimi</channel>
    <channel update="i" site="sky.de" site_id="111" xmltv_id="Sky Select Event A">Sky Select Event A</channel>
    <channel update="i" site="sky.de" site_id="112" xmltv_id="Sky Select Event B">Sky Select Event B</channel>
    <channel update="i" site="sky.de" site_id="102" xmltv_id="Sky Select 1">Sky Select 1</channel>
    <channel update="i" site="sky.de" site_id="103" xmltv_id="Sky Select 2">Sky Select 2</channel>
    <channel update="i" site="sky.de" site_id="104" xmltv_id="Sky Select 3">Sky Select 3</channel>
    <channel update="i" site="sky.de" site_id="105" xmltv_id="Sky Select 4">Sky Select 4</channel>
    <channel update="i" site="sky.de" site_id="106" xmltv_id="Sky Select 5">Sky Select 5</channel>
    <channel update="i" site="sky.de" site_id="107" xmltv_id="Sky Select 6">Sky Select 6</channel>
    <channel update="i" site="sky.de" site_id="108" xmltv_id="Sky Select 7">Sky Select 7</channel>
    <channel update="i" site="sky.de" site_id="109" xmltv_id="Sky Select 8">Sky Select 8</channel>
    <channel update="i" site="sky.de" site_id="110" xmltv_id="Sky Select 9">Sky Select 9</channel>
    <channel update="i" site="sky.de" site_id="149" xmltv_id="Sky Sport  1">Sky Sport  1</channel>
    <channel update="i" site="sky.de" site_id="150" xmltv_id="Sky Sport  2">Sky Sport  2</channel>
    <channel update="i" site="sky.de" site_id="151" xmltv_id="Sky Sport  3">Sky Sport  3</channel>
    <channel update="i" site="sky.de" site_id="152" xmltv_id="Sky Sport  4">Sky Sport  4</channel>
    <channel update="i" site="sky.de" site_id="153" xmltv_id="Sky Sport  5">Sky Sport  5</channel>
    <channel update="i" site="sky.de" site_id="154" xmltv_id="Sky Sport  6">Sky Sport  6</channel>
    <channel update="i" site="sky.de" site_id="155" xmltv_id="Sky Sport  7">Sky Sport  7</channel>
    <channel update="i" site="sky.de" site_id="156" xmltv_id="Sky Sport  8">Sky Sport  8</channel>
    <channel update="i" site="sky.de" site_id="157" xmltv_id="Sky Sport  9">Sky Sport  9</channel>
    <channel update="i" site="sky.de" site_id="158" xmltv_id="Sky Sport  10">Sky Sport  10</channel>
    <channel update="i" site="sky.de" site_id="159" xmltv_id="Sky Sport  11">Sky Sport  11</channel>
    <channel update="i" site="sky.de" site_id="47" xmltv_id="Sky Sport Austria">Sky Sport Austria</channel>
    <channel update="i" site="sky.de" site_id="492" xmltv_id="Sky Sport Austria HD">Sky Sport Austria HD</channel>
    <channel update="i" site="sky.de" site_id="531" xmltv_id="Sky Sport Bundesliga UHD">Sky Sport Bundesliga UHD</channel>
    <channel update="i" site="sky.de" site_id="139" xmltv_id="Sky Sport Bundesliga 1">Sky Sport Bundesliga 1</channel>
    <channel update="i" site="sky.de" site_id="118" xmltv_id="Sky Sport Bundesliga 1 HD">Sky Sport Bundesliga 1 HD</channel>
    <channel update="i" site="sky.de" site_id="140" xmltv_id="Sky Sport Bundesliga 2">Sky Sport Bundesliga 2</channel>
    <channel update="i" site="sky.de" site_id="119" xmltv_id="Sky Sport Bundesliga 2 HD">Sky Sport Bundesliga 2 HD</channel>
    <channel update="i" site="sky.de" site_id="141" xmltv_id="Sky Sport Bundesliga 3">Sky Sport Bundesliga 3</channel>
    <channel update="i" site="sky.de" site_id="120" xmltv_id="Sky Sport Bundesliga 3 HD">Sky Sport Bundesliga 3 HD</channel>
    <channel update="i" site="sky.de" site_id="142" xmltv_id="Sky Sport Bundesliga 4">Sky Sport Bundesliga 4</channel>
    <channel update="i" site="sky.de" site_id="121" xmltv_id="Sky Sport Bundesliga 4 HD">Sky Sport Bundesliga 4 HD</channel>
    <channel update="i" site="sky.de" site_id="143" xmltv_id="Sky Sport Bundesliga 5">Sky Sport Bundesliga 5</channel>
    <channel update="i" site="sky.de" site_id="122" xmltv_id="Sky Sport Bundesliga 5 HD">Sky Sport Bundesliga 5 HD</channel>
    <channel update="i" site="sky.de" site_id="144" xmltv_id="Sky Sport Bundesliga 6">Sky Sport Bundesliga 6</channel>
    <channel update="i" site="sky.de" site_id="123" xmltv_id="Sky Sport Bundesliga 6 HD">Sky Sport Bundesliga 6 HD</channel>
    <channel update="i" site="sky.de" site_id="145" xmltv_id="Sky Sport Bundesliga 7">Sky Sport Bundesliga 7</channel>
    <channel update="i" site="sky.de" site_id="124" xmltv_id="Sky Sport Bundesliga 7 HD">Sky Sport Bundesliga 7 HD</channel>
    <channel update="i" site="sky.de" site_id="146" xmltv_id="Sky Sport Bundesliga 8">Sky Sport Bundesliga 8</channel>
    <channel update="i" site="sky.de" site_id="125" xmltv_id="Sky Sport Bundesliga 8 HD">Sky Sport Bundesliga 8 HD</channel>
    <channel update="i" site="sky.de" site_id="147" xmltv_id="Sky Sport Bundesliga 9">Sky Sport Bundesliga 9</channel>
    <channel update="i" site="sky.de" site_id="126" xmltv_id="Sky Sport Bundesliga 9 HD">Sky Sport Bundesliga 9 HD</channel>
    <channel update="i" site="sky.de" site_id="148" xmltv_id="Sky Sport Bundesliga 10">Sky Sport Bundesliga 10</channel>
    <channel update="i" site="sky.de" site_id="127" xmltv_id="Sky Sport Bundesliga 10 HD">Sky Sport Bundesliga 10 HD</channel>
    <channel update="i" site="sky.de" site_id="21" xmltv_id="Sky Sport News">Sky Sport News</channel>
    <channel update="i" site="sky.de" site_id="17" xmltv_id="Sky Sport News HD">Sky Sport News HD</channel>
    <channel update="i" site="sky.de" site_id="526" xmltv_id="Sky Sport UHD">Sky Sport UHD</channel>
    <channel update="i" site="sky.de" site_id="128" xmltv_id="Sky Sport 1 HD">Sky Sport 1 HD</channel>
    <channel update="i" site="sky.de" site_id="129" xmltv_id="Sky Sport 2 HD">Sky Sport 2 HD</channel>
    <channel update="i" site="sky.de" site_id="130" xmltv_id="Sky Sport 3 HD">Sky Sport 3 HD</channel>
    <channel update="i" site="sky.de" site_id="131" xmltv_id="Sky Sport 4 HD">Sky Sport 4 HD</channel>
    <channel update="i" site="sky.de" site_id="132" xmltv_id="Sky Sport 5 HD">Sky Sport 5 HD</channel>
    <channel update="i" site="sky.de" site_id="133" xmltv_id="Sky Sport 6 HD">Sky Sport 6 HD</channel>
    <channel update="i" site="sky.de" site_id="134" xmltv_id="Sky Sport 7 HD">Sky Sport 7 HD</channel>
    <channel update="i" site="sky.de" site_id="135" xmltv_id="Sky Sport 8 HD">Sky Sport 8 HD</channel>
    <channel update="i" site="sky.de" site_id="136" xmltv_id="Sky Sport 9 HD">Sky Sport 9 HD</channel>
    <channel update="i" site="sky.de" site_id="137" xmltv_id="Sky Sport 10 HD">Sky Sport 10 HD</channel>
    <channel update="i" site="sky.de" site_id="138" xmltv_id="Sky Sport 11 HD">Sky Sport 11 HD</channel>
    <channel update="i" site="sky.de" site_id="536" xmltv_id="Sky 1">Sky 1</channel>
    <channel update="i" site="sky.de" site_id="535" xmltv_id="Sky 1 HD">Sky 1 HD</channel>
    <channel update="i" site="sky.de" site_id="84" xmltv_id="Spiegel Geschichte">Spiegel Geschichte</channel>
    <channel update="i" site="sky.de" site_id="388" xmltv_id="Spiegel Geschichte HD">Spiegel Geschichte HD</channel>
    <channel update="i" site="sky.de" site_id="658" xmltv_id="Spiegel TV Wissen">Spiegel TV Wissen</channel>
    <channel update="i" site="sky.de" site_id="114" xmltv_id="sportdigital HD">sportdigital HD</channel>
    <channel update="i" site="sky.de" site_id="8" xmltv_id="SYFY">SYFY</channel>
    <channel update="i" site="sky.de" site_id="115" xmltv_id="SYFY HD">SYFY HD</channel>
    <channel update="i" site="sky.de" site_id="674" xmltv_id="TNT Comedy">TNT Comedy</channel>
    <channel update="i" site="sky.de" site_id="522" xmltv_id="TNT Comedy HD">TNT Comedy HD</channel>
    <channel update="i" site="sky.de" site_id="689" xmltv_id="TNT Film HD">TNT Film HD</channel>
    <channel update="i" site="sky.de" site_id="5" xmltv_id="TNT Serie">TNT Serie</channel>
    <channel update="i" site="sky.de" site_id="6" xmltv_id="TNT Serie HD">TNT Serie HD</channel>
    <channel update="i" site="sky.de" site_id="677" xmltv_id="Universal TV">Universal TV</channel>
    <channel update="i" site="sky.de" site_id="172" xmltv_id="Universal TV HD">Universal TV HD</channel>
  </channels>
</site>
