﻿<?xml version="1.0" encoding="UTF-8"?>
<site generator-info-name="WebGrab+Plus/w MDB &amp; REX Postprocess -- version V3.0.0.24 -- Jan van Straaten" site="sky.de">
  <channels>
    <channel update="i" site="sky.de.E" site_id="116_sky_logo_13thstreethd_b" xmltv_id="13th Street HD">13th Street HD</channel>
    <channel update="i" site="sky.de.E" site_id="690_sky_logo_beateuhse-hd_tvguide" xmltv_id="Beate Uhse HD">Beate Uhse HD</channel>
    <channel update="i" site="sky.de.E" site_id="761_sky_logo_boomerang" xmltv_id="Boomerang">Boomerang</channel>
    <channel update="i" site="sky.de.E" site_id="95_sky_logo_cartoonnetwork_b" xmltv_id="Cartoon Network">Cartoon Network</channel>
    <channel update="i" site="sky.de.E" site_id="99_sky_logo_classica" xmltv_id="Classica">Classica</channel>
    <channel update="i" site="sky.de.E" site_id="451_sky_logo_crime-investigation_tvguide" xmltv_id="Crime + Investigation">Crime + Investigation</channel>
    <channel update="i" site="sky.de.E" site_id="83_sky_logo_discoverychannelhd_b" xmltv_id="Discovery HD">Discovery HD</channel>
    <channel update="i" site="sky.de.E" site_id="117_sky_logo_entertainment_b" xmltv_id="E! Entertainm. HD">E! Entertainm. HD</channel>
    <channel update="i" site="sky.de.E" site_id="596_sky_logo_eurosporthd_w" xmltv_id="Eurosport 1 HD">Eurosport 1 HD</channel>
    <channel update="i" site="sky.de.E" site_id="161_sky_logo_eurosport2hd" xmltv_id="Eurosport 2 HD">Eurosport 2 HD</channel>
    <channel update="i" site="sky.de.E" site_id="163_sky_logo_eurosport360hd_b" xmltv_id="Eurosport360HD 1">Eurosport360HD 1</channel>
    <channel update="i" site="sky.de.E" site_id="164_sky_logo_eurosport360hd_b" xmltv_id="Eurosport360HD 2">Eurosport360HD 2</channel>
    <channel update="i" site="sky.de.E" site_id="165_sky_logo_eurosport360hd_b" xmltv_id="Eurosport360HD 3">Eurosport360HD 3</channel>
    <channel update="i" site="sky.de.E" site_id="166_sky_logo_eurosport360hd_b" xmltv_id="Eurosport360HD 4">Eurosport360HD 4</channel>
    <channel update="i" site="sky.de.E" site_id="167_sky_logo_eurosport360hd_b" xmltv_id="Eurosport360HD 5">Eurosport360HD 5</channel>
    <channel update="i" site="sky.de.E" site_id="168_sky_logo_eurosport360hd_b" xmltv_id="Eurosport360HD 6">Eurosport360HD 6</channel>
    <channel update="i" site="sky.de.E" site_id="169_sky_logo_eurosport360hd_b" xmltv_id="Eurosport360HD 7">Eurosport360HD 7</channel>
    <channel update="i" site="sky.de.E" site_id="170_sky_logo_eurosport360hd_b" xmltv_id="Eurosport360HD 8">Eurosport360HD 8</channel>
    <channel update="i" site="sky.de.E" site_id="171_sky_logo_eurosport360hd_b" xmltv_id="Eurosport360HD 9">Eurosport360HD 9</channel>
    <channel update="i" site="sky.de.E" site_id="4_sky_logo_foxhd" xmltv_id="Fox HD">Fox HD</channel>
    <channel update="i" site="sky.de.E" site_id="72_sky_logo_heimatkanal" xmltv_id="Heimatkanal">Heimatkanal</channel>
    <channel update="i" site="sky.de.E" site_id="86_sky_logo_historyhd_b" xmltv_id="History HD">History HD</channel>
    <channel update="i" site="sky.de.E" site_id="452_sky_logo_jukebox" xmltv_id="Jukebox">Jukebox</channel>
    <channel update="i" site="sky.de.E" site_id="96_sky_logo_junior" xmltv_id="Junior">Junior</channel>
    <channel update="i" site="sky.de.E" site_id="70_sky_logo_kinowelt" xmltv_id="Kinowelt TV">Kinowelt TV</channel>
    <channel update="i" site="sky.de.E" site_id="52_sky_logo_motorvision_b" xmltv_id="Motorvision TV">Motorvision TV</channel>
    <channel update="i" site="sky.de.E" site_id="81_sky_logo_natgeochannelhd_b" xmltv_id="NatGeo HD">NatGeo HD</channel>
    <channel update="i" site="sky.de.E" site_id="88_sky_logo_natgeowildhd_b" xmltv_id="NatGeo Wild HD">NatGeo Wild HD</channel>
    <channel update="i" site="sky.de.E" site_id="783_sky_logo_nickjr_b" xmltv_id="Nick.Jr.">Nick.Jr.</channel>
    <channel update="i" site="sky.de.E" site_id="798_sky_logo_nicktoons_b" xmltv_id="Nicktoons">Nicktoons</channel>
    <channel update="i" site="sky.de.E" site_id="16_sky_logo_romancetv_b" xmltv_id="Romance TV">Romance TV</channel>
    <channel update="i" site="sky.de.E" site_id="2_sky_logo_skyatlantichd_tvguide" xmltv_id="Sky Atlantic HD">Sky Atlantic HD</channel>
    <channel update="i" site="sky.de.E" site_id="59_sky_logo_skyaction_tvguide" xmltv_id="Sky Cinema Action">Sky Cinema Action</channel>
    <channel update="i" site="sky.de.E" site_id="60_sky_logo_skyactionhd_tvguide" xmltv_id="Sky Cinema Action HD">Sky Cinema Action HD</channel>
    <channel update="i" site="sky.de.E" site_id="790_sky_logo_cinema-best-of_tvguide" xmltv_id="Sky Cinema Best Of">Sky Cinema Best Of</channel>
    <channel update="i" site="sky.de.E" site_id="792_sky_logo_cinema-best-of-hd_tvguide" xmltv_id="Sky Cinema Best Of HD">Sky Cinema Best Of HD</channel>
    <channel update="i" site="sky.de.E" site_id="794_sky_logo_cinema-classics_tvguide" xmltv_id="Sky Cinema Classics">Sky Cinema Classics</channel>
    <channel update="i" site="sky.de.E" site_id="532_sky_logo_skyfamily" xmltv_id="Sky Cinema Family">Sky Cinema Family</channel>
    <channel update="i" site="sky.de.E" site_id="533_sky_logo_skyfamilyhd" xmltv_id="Sky Cinema Family HD">Sky Cinema Family HD</channel>
    <channel update="i" site="sky.de.E" site_id="793_sky_logo_cinema-fun_tvguide" xmltv_id="Sky Cinema Fun">Sky Cinema Fun</channel>
    <channel update="i" site="sky.de.E" site_id="799_sky_logo_cinema-harry-potter-hd_tvguide" xmltv_id="Sky Cinema Harry Potter HD">Sky Cinema Harry Potter HD</channel>
    <channel update="i" site="sky.de.E" site_id="787_sky_logo_cinema-premieren_tvguide" xmltv_id="Sky Cinema Premieren">Sky Cinema Premieren</channel>
    <channel update="i" site="sky.de.E" site_id="789_sky_logo_cinema-premieren-24_tvguide" xmltv_id="Sky Cinema Premieren +24">Sky Cinema Premieren +24</channel>
    <channel update="i" site="sky.de.E" site_id="791_sky_logo_cinema-premieren-24-hd_tvguide" xmltv_id="Sky Cinema Premieren +24 HD">Sky Cinema Premieren +24 HD</channel>
    <channel update="i" site="sky.de.E" site_id="788_sky_logo_cinema-premieren-hd_tvguide" xmltv_id="Sky Cinema Premieren HD">Sky Cinema Premieren HD</channel>
    <channel update="i" site="sky.de.E" site_id="756_sky_logo_cinema_special_hd_tvguide" xmltv_id="Sky Cinema Special HD">Sky Cinema Special HD</channel>
    <channel update="i" site="sky.de.E" site_id="784_sky_logo_cinema-thriller-hd_tvguide" xmltv_id="Sky Cinema Thriller HD">Sky Cinema Thriller HD</channel>
    <channel update="i" site="sky.de.E" site_id="753_sky_logo_skykrimi_hd_tvguide" xmltv_id="Sky Krimi HD">Sky Krimi HD</channel>
    <channel update="i" site="sky.de.E" site_id="535_sky_logo_sky1-hd_tvguide" xmltv_id="Sky One HD">Sky One HD</channel>
    <channel update="i" site="sky.de.E" site_id="111_sky_logo_skyeventa_b" xmltv_id="Sky Select Event A">Sky Select Event A</channel>
    <channel update="i" site="sky.de.E" site_id="112_sky_logo_skyeventb_b" xmltv_id="Sky Select Event B">Sky Select Event B</channel>
    <channel update="i" site="sky.de.E" site_id="102_sky_logo_skyselect1_b" xmltv_id="Sky Select 1">Sky Select 1</channel>
    <channel update="i" site="sky.de.E" site_id="103_sky_logo_skyselect2_b" xmltv_id="Sky Select 2">Sky Select 2</channel>
    <channel update="i" site="sky.de.E" site_id="104_sky_logo_skyselect3_b" xmltv_id="Sky Select 3">Sky Select 3</channel>
    <channel update="i" site="sky.de.E" site_id="105_sky_logo_skyselect4_b" xmltv_id="Sky Select 4">Sky Select 4</channel>
    <channel update="i" site="sky.de.E" site_id="106_sky_logo_skyselect5_b" xmltv_id="Sky Select 5">Sky Select 5</channel>
    <channel update="i" site="sky.de.E" site_id="107_sky_logo_skyselect6_b" xmltv_id="Sky Select 6">Sky Select 6</channel>
    <channel update="i" site="sky.de.E" site_id="108_sky_logo_skyselect7_b" xmltv_id="Sky Select 7">Sky Select 7</channel>
    <channel update="i" site="sky.de.E" site_id="109_sky_logo_skyselect8_b" xmltv_id="Sky Select 8">Sky Select 8</channel>
    <channel update="i" site="sky.de.E" site_id="110_sky_logo_skyselect9_b" xmltv_id="Sky Select 9">Sky Select 9</channel>
    <channel update="i" site="sky.de.E" site_id="742_sky_logo_serien-shows-hd_tvguide" xmltv_id="Sky Serien &amp; Shows HD">Sky Serien &amp; Shows HD</channel>
    <channel update="i" site="sky.de.E" site_id="149_sky_logo_skysport1_tvguide" xmltv_id="Sky Sport  1">Sky Sport  1</channel>
    <channel update="i" site="sky.de.E" site_id="150_sky_logo_skysport2_tvguide" xmltv_id="Sky Sport  2">Sky Sport  2</channel>
    <channel update="i" site="sky.de.E" site_id="151_sky_logo_skysport3_tvguide" xmltv_id="Sky Sport  3">Sky Sport  3</channel>
    <channel update="i" site="sky.de.E" site_id="152_sky_logo_skysport4_tvguide" xmltv_id="Sky Sport  4">Sky Sport  4</channel>
    <channel update="i" site="sky.de.E" site_id="153_sky_logo_skysport5_tvguide" xmltv_id="Sky Sport  5">Sky Sport  5</channel>
    <channel update="i" site="sky.de.E" site_id="154_sky_logo_skysport6_tvguide" xmltv_id="Sky Sport  6">Sky Sport  6</channel>
    <channel update="i" site="sky.de.E" site_id="155_sky_logo_skysport7_tvguide" xmltv_id="Sky Sport  7">Sky Sport  7</channel>
    <channel update="i" site="sky.de.E" site_id="156_sky_logo_skysport8_tvguide" xmltv_id="Sky Sport  8">Sky Sport  8</channel>
    <channel update="i" site="sky.de.E" site_id="157_sky_logo_skysport9_tvguide" xmltv_id="Sky Sport  9">Sky Sport  9</channel>
    <channel update="i" site="sky.de.E" site_id="158_sky_logo_skysport10_tvguide" xmltv_id="Sky Sport  10">Sky Sport  10</channel>
    <channel update="i" site="sky.de.E" site_id="159_sky_logo_skysport11_tvguide" xmltv_id="Sky Sport  11">Sky Sport  11</channel>
    <channel update="i" site="sky.de.E" site_id="47_sky_logo_skysportaustria_tvguide" xmltv_id="Sky Sport Austria 1">Sky Sport Austria 1</channel>
    <channel update="i" site="sky.de.E" site_id="492_sky_logo_skysportaustria-hd_tvguide" xmltv_id="Sky Sport Austria 1 HD">Sky Sport Austria 1 HD</channel>
    <channel update="i" site="sky.de.E" site_id="732_sky_logo_skysportaustria_2_tvguide" xmltv_id="Sky Sport Austria 2">Sky Sport Austria 2</channel>
    <channel update="i" site="sky.de.E" site_id="729_sky_logo_skysportaustria_2-hd_tvguide" xmltv_id="Sky Sport Austria 2 HD">Sky Sport Austria 2 HD</channel>
    <channel update="i" site="sky.de.E" site_id="733_sky_logo_skysportaustria_3_tvguide" xmltv_id="Sky Sport Austria 3">Sky Sport Austria 3</channel>
    <channel update="i" site="sky.de.E" site_id="730_sky_logo_skysportaustria_3-hd_tvguide" xmltv_id="Sky Sport Austria 3 HD">Sky Sport Austria 3 HD</channel>
    <channel update="i" site="sky.de.E" site_id="734_sky_logo_skysportaustria_4_tvguide" xmltv_id="Sky Sport Austria 4">Sky Sport Austria 4</channel>
    <channel update="i" site="sky.de.E" site_id="731_sky_logo_skysportaustria_4-hd_tvguide" xmltv_id="Sky Sport Austria 4 HD">Sky Sport Austria 4 HD</channel>
    <channel update="i" site="sky.de.E" site_id="531_sky_logo_sky-sport-buli-uhd_tvguide" xmltv_id="Sky Sport Bundesliga UHD">Sky Sport Bundesliga UHD</channel>
    <channel update="i" site="sky.de.E" site_id="139_sky_logo_skybundesliga1_tvguide" xmltv_id="Sky Sport Bundesliga 1">Sky Sport Bundesliga 1</channel>
    <channel update="i" site="sky.de.E" site_id="118_sky_logo_skybundesligahd1_tvguide" xmltv_id="Sky Sport Bundesliga 1 HD">Sky Sport Bundesliga 1 HD</channel>
    <channel update="i" site="sky.de.E" site_id="140_sky_logo_skybundesliga2_tvguide" xmltv_id="Sky Sport Bundesliga 2">Sky Sport Bundesliga 2</channel>
    <channel update="i" site="sky.de.E" site_id="119_sky_logo_skybundesligahd2_tvguide" xmltv_id="Sky Sport Bundesliga 2 HD">Sky Sport Bundesliga 2 HD</channel>
    <channel update="i" site="sky.de.E" site_id="141_sky_logo_skybundesliga3_tvguide" xmltv_id="Sky Sport Bundesliga 3">Sky Sport Bundesliga 3</channel>
    <channel update="i" site="sky.de.E" site_id="120_sky_logo_skybundesligahd3_tvguide" xmltv_id="Sky Sport Bundesliga 3 HD">Sky Sport Bundesliga 3 HD</channel>
    <channel update="i" site="sky.de.E" site_id="142_sky_logo_skybundesliga4_tvguide" xmltv_id="Sky Sport Bundesliga 4">Sky Sport Bundesliga 4</channel>
    <channel update="i" site="sky.de.E" site_id="121_sky_logo_skybundesligahd4_tvguide" xmltv_id="Sky Sport Bundesliga 4 HD">Sky Sport Bundesliga 4 HD</channel>
    <channel update="i" site="sky.de.E" site_id="143_sky_logo_skybundesliga5_tvguide" xmltv_id="Sky Sport Bundesliga 5">Sky Sport Bundesliga 5</channel>
    <channel update="i" site="sky.de.E" site_id="122_sky_logo_skybundesligahd5_tvguide" xmltv_id="Sky Sport Bundesliga 5 HD">Sky Sport Bundesliga 5 HD</channel>
    <channel update="i" site="sky.de.E" site_id="144_sky_logo_skybundesliga6_tvguide" xmltv_id="Sky Sport Bundesliga 6">Sky Sport Bundesliga 6</channel>
    <channel update="i" site="sky.de.E" site_id="123_sky_logo_skybundesligahd6_tvguide" xmltv_id="Sky Sport Bundesliga 6 HD">Sky Sport Bundesliga 6 HD</channel>
    <channel update="i" site="sky.de.E" site_id="145_sky_logo_skybundesliga7_tvguide" xmltv_id="Sky Sport Bundesliga 7">Sky Sport Bundesliga 7</channel>
    <channel update="i" site="sky.de.E" site_id="124_sky_logo_skybundesligahd7_tvguide" xmltv_id="Sky Sport Bundesliga 7 HD">Sky Sport Bundesliga 7 HD</channel>
    <channel update="i" site="sky.de.E" site_id="146_sky_logo_skybundesliga8_tvguide" xmltv_id="Sky Sport Bundesliga 8">Sky Sport Bundesliga 8</channel>
    <channel update="i" site="sky.de.E" site_id="125_sky_logo_skybundesligahd8_tvguide" xmltv_id="Sky Sport Bundesliga 8 HD">Sky Sport Bundesliga 8 HD</channel>
    <channel update="i" site="sky.de.E" site_id="147_sky_logo_skybundesliga9_tvguide" xmltv_id="Sky Sport Bundesliga 9">Sky Sport Bundesliga 9</channel>
    <channel update="i" site="sky.de.E" site_id="126_sky_logo_skybundesligahd9_tvguide" xmltv_id="Sky Sport Bundesliga 9 HD">Sky Sport Bundesliga 9 HD</channel>
    <channel update="i" site="sky.de.E" site_id="148_sky_logo_skybundesliga10_tvguide" xmltv_id="Sky Sport Bundesliga 10">Sky Sport Bundesliga 10</channel>
    <channel update="i" site="sky.de.E" site_id="127_sky_logo_skybundesligahd10_tvguide" xmltv_id="Sky Sport Bundesliga 10 HD">Sky Sport Bundesliga 10 HD</channel>
    <channel update="i" site="sky.de.E" site_id="21_sky_logo_skysportnews_tvguide" xmltv_id="Sky Sport News">Sky Sport News</channel>
    <channel update="i" site="sky.de.E" site_id="17_sky_logo_skysportnewshd_tvguide" xmltv_id="Sky Sport News HD">Sky Sport News HD</channel>
    <channel update="i" site="sky.de.E" site_id="526_sky_logo_sky-sport-uhd_tvguide" xmltv_id="Sky Sport UHD">Sky Sport UHD</channel>
    <channel update="i" site="sky.de.E" site_id="128_sky_logo_skysporthd1_tvguide" xmltv_id="Sky Sport 1 HD">Sky Sport 1 HD</channel>
    <channel update="i" site="sky.de.E" site_id="129_sky_logo_skysporthd2_tvguide" xmltv_id="Sky Sport 2 HD">Sky Sport 2 HD</channel>
    <channel update="i" site="sky.de.E" site_id="130_sky_logo_skysporthd3_tvguide" xmltv_id="Sky Sport 3 HD">Sky Sport 3 HD</channel>
    <channel update="i" site="sky.de.E" site_id="131_sky_logo_skysporthd4_tvguide" xmltv_id="Sky Sport 4 HD">Sky Sport 4 HD</channel>
    <channel update="i" site="sky.de.E" site_id="132_sky_logo_skysporthd5_tvguide" xmltv_id="Sky Sport 5 HD">Sky Sport 5 HD</channel>
    <channel update="i" site="sky.de.E" site_id="133_sky_logo_skysporthd6_tvguide" xmltv_id="Sky Sport 6 HD">Sky Sport 6 HD</channel>
    <channel update="i" site="sky.de.E" site_id="134_sky_logo_skysporthd7_tvguide" xmltv_id="Sky Sport 7 HD">Sky Sport 7 HD</channel>
    <channel update="i" site="sky.de.E" site_id="135_sky_logo_skysporthd8_tvguide" xmltv_id="Sky Sport 8 HD">Sky Sport 8 HD</channel>
    <channel update="i" site="sky.de.E" site_id="136_sky_logo_skysporthd9_tvguide" xmltv_id="Sky Sport 9 HD">Sky Sport 9 HD</channel>
    <channel update="i" site="sky.de.E" site_id="137_sky_logo_skysporthd10_tvguide" xmltv_id="Sky Sport 10 HD">Sky Sport 10 HD</channel>
    <channel update="i" site="sky.de.E" site_id="138_sky_logo_skysporthd11_tvguide" xmltv_id="Sky Sport 11 HD">Sky Sport 11 HD</channel>
    <channel update="i" site="sky.de.E" site_id="567_sky_logo_sky-sport12-hd_tvguide" xmltv_id="Sky Sport 12 HD">Sky Sport 12 HD</channel>
    <channel update="i" site="sky.de.E" site_id="568_sky_logo_sky-sport13-hd_tvguide" xmltv_id="Sky Sport 13 HD">Sky Sport 13 HD</channel>
    <channel update="i" site="sky.de.E" site_id="569_sky_logo_sky-sport14-hd_tvguide" xmltv_id="Sky Sport 14 HD">Sky Sport 14 HD</channel>
    <channel update="i" site="sky.de.E" site_id="84_sky_logo_spiegelgeschichte_b" xmltv_id="Spiegel Geschichte">Spiegel Geschichte</channel>
    <channel update="i" site="sky.de.E" site_id="388_sky_logo_spiegelgeschichtehd_b" xmltv_id="Spiegel Geschichte HD">Spiegel Geschichte HD</channel>
    <channel update="i" site="sky.de.E" site_id="658_sky_logo_spiegel-wissen" xmltv_id="Spiegel TV Wissen">Spiegel TV Wissen</channel>
    <channel update="i" site="sky.de.E" site_id="114_sky_logo_sportdigital_b" xmltv_id="SPORTDIGITAL FUSSBALL HD">SPORTDIGITAL FUSSBALL HD</channel>
    <channel update="i" site="sky.de.E" site_id="115_sky_logo_syfyhd_b" xmltv_id="SYFY HD">SYFY HD</channel>
    <channel update="i" site="sky.de.E" site_id="674_sky_logo_tntcomedy_tvguide" xmltv_id="TNT Comedy">TNT Comedy</channel>
    <channel update="i" site="sky.de.E" site_id="522_sky_logo_tntcomedy-hd_b" xmltv_id="TNT Comedy HD">TNT Comedy HD</channel>
    <channel update="i" site="sky.de.E" site_id="762_sky_logo_tntfilm" xmltv_id="TNT Film">TNT Film</channel>
    <channel update="i" site="sky.de.E" site_id="689_sky_logo_tntfilm_tvguide" xmltv_id="TNT Film HD">TNT Film HD</channel>
    <channel update="i" site="sky.de.E" site_id="6_sky_logo_tntseriehd" xmltv_id="TNT Serie HD">TNT Serie HD</channel>
    <channel update="i" site="sky.de.E" site_id="172_sky_logo_universalchannelhd_b" xmltv_id="Universal TV HD">Universal TV HD</channel>
  </channels>
</site>