﻿<?xml version="1.0" encoding="UTF-8"?>
<site generator-info-name="WebGrab+Plus/w MDB &amp; REX Postprocess -- version V3.1.1.0 -- Jan van Straaten" site="tvdigital.de">
  <channels>
    <channel update="i" site="tvdigital.de" site_id="471" xmltv_id="13TH STREET">13TH STREET</channel>
    <channel update="i" site="tvdigital.de" site_id="544" xmltv_id="3plus">3plus</channel>
    <channel update="i" site="tvdigital.de" site_id="56" xmltv_id="3sat">3sat</channel>
    <channel update="i" site="tvdigital.de" site_id="136063" xmltv_id="5plus">5plus</channel>
    <channel update="i" site="tvdigital.de" site_id="1183" xmltv_id="Animal Planet">Animal Planet</channel>
    <channel update="i" site="tvdigital.de" site_id="537" xmltv_id="Anixe HD Serie">Anixe HD Serie</channel>
    <channel update="i" site="tvdigital.de" site_id="587" xmltv_id="Anixe Plus">Anixe Plus</channel>
    <channel update="i" site="tvdigital.de" site_id="104" xmltv_id="ARD alpha">ARD alpha</channel>
    <channel update="i" site="tvdigital.de" site_id="58" xmltv_id="Arte">Arte</channel>
    <channel update="i" site="tvdigital.de" site_id="115" xmltv_id="ATV">ATV</channel>
    <channel update="i" site="tvdigital.de" site_id="761" xmltv_id="ATV2">ATV2</channel>
    <channel update="i" site="tvdigital.de" site_id="656" xmltv_id="auto motor und sport channel">auto motor und sport channel</channel>
    <channel update="i" site="tvdigital.de" site_id="662" xmltv_id="BBC Entertainment">BBC Entertainment</channel>
    <channel update="i" site="tvdigital.de" site_id="67" xmltv_id="BBC World News">BBC World News</channel>
    <channel update="i" site="tvdigital.de" site_id="123" xmltv_id="Beate-Uhse.TV">Beate-Uhse.TV</channel>
    <channel update="i" site="tvdigital.de" site_id="280" xmltv_id="Bibel TV">Bibel TV</channel>
    <channel update="i" site="tvdigital.de" site_id="505" xmltv_id="Blue Hustler">Blue Hustler</channel>
    <channel update="i" site="tvdigital.de" site_id="457" xmltv_id="BonGusto">BonGusto</channel>
    <channel update="i" site="tvdigital.de" site_id="493" xmltv_id="Boomerang">Boomerang</channel>
    <channel update="i" site="tvdigital.de" site_id="51" xmltv_id="BR">BR</channel>
    <channel update="i" site="tvdigital.de" site_id="531" xmltv_id="Cartoon Network">Cartoon Network</channel>
    <channel update="i" site="tvdigital.de" site_id="483" xmltv_id="Channel 21">Channel 21</channel>
    <channel update="i" site="tvdigital.de" site_id="69" xmltv_id="CNN">CNN</channel>
    <channel update="i" site="tvdigital.de" site_id="532" xmltv_id="Comedy Central">Comedy Central</channel>
    <channel update="i" site="tvdigital.de" site_id="136058" xmltv_id="Crime + Investigation">Crime + Investigation</channel>
    <channel update="i" site="tvdigital.de" site_id="71" xmltv_id="Das Erste">Das Erste</channel>
    <channel update="i" site="tvdigital.de" site_id="511" xmltv_id="Deluxe Music">Deluxe Music</channel>
    <channel update="i" site="tvdigital.de" site_id="585" xmltv_id="Deutsches Anleger Fernsehen">Deutsches Anleger Fernsehen</channel>
    <channel update="i" site="tvdigital.de" site_id="570" xmltv_id="Deutsches Musik Fernsehen">Deutsches Musik Fernsehen</channel>
    <channel update="i" site="tvdigital.de" site_id="138" xmltv_id="Discovery Channel">Discovery Channel</channel>
    <channel update="i" site="tvdigital.de" site_id="139" xmltv_id="Disney Channel">Disney Channel</channel>
    <channel update="i" site="tvdigital.de" site_id="460" xmltv_id="Disney Junior">Disney Junior</channel>
    <channel update="i" site="tvdigital.de" site_id="507" xmltv_id="DMAX">DMAX</channel>
    <channel update="i" site="tvdigital.de" site_id="300" xmltv_id="DW English">DW English</channel>
    <channel update="i" site="tvdigital.de" site_id="758" xmltv_id="E! Entertainment">E! Entertainment</channel>
    <channel update="i" site="tvdigital.de" site_id="12102" xmltv_id="eSports1">eSports1</channel>
    <channel update="i" site="tvdigital.de" site_id="68" xmltv_id="Euronews">Euronews</channel>
    <channel update="i" site="tvdigital.de" site_id="65" xmltv_id="Eurosport 1">Eurosport 1</channel>
    <channel update="i" site="tvdigital.de" site_id="504" xmltv_id="Eurosport 2">Eurosport 2</channel>
    <channel update="i" site="tvdigital.de" site_id="469" xmltv_id="Extreme Sports Channel">Extreme Sports Channel</channel>
    <channel update="i" site="tvdigital.de" site_id="568" xmltv_id="Fix&amp;Foxi">Fix&amp;Foxi</channel>
    <channel update="i" site="tvdigital.de" site_id="565" xmltv_id="FOX">FOX</channel>
    <channel update="i" site="tvdigital.de" site_id="136049" xmltv_id="Geo Television">Geo Television</channel>
    <channel update="i" site="tvdigital.de" site_id="487" xmltv_id="Gute Laune TV">Gute Laune TV</channel>
    <channel update="i" site="tvdigital.de" site_id="12122" xmltv_id="Health TV">Health TV</channel>
    <channel update="i" site="tvdigital.de" site_id="154" xmltv_id="Heimatkanal">Heimatkanal</channel>
    <channel update="i" site="tvdigital.de" site_id="452" xmltv_id="History">History</channel>
    <channel update="i" site="tvdigital.de" site_id="12105" xmltv_id="Home &amp; Garden TV">Home &amp; Garden TV</channel>
    <channel update="i" site="tvdigital.de" site_id="49" xmltv_id="HR">HR</channel>
    <channel update="i" site="tvdigital.de" site_id="159" xmltv_id="HSE24">HSE24</channel>
    <channel update="i" site="tvdigital.de" site_id="558" xmltv_id="Jukebox">Jukebox</channel>
    <channel update="i" site="tvdigital.de" site_id="160" xmltv_id="Junior">Junior</channel>
    <channel update="i" site="tvdigital.de" site_id="12043" xmltv_id="Kabel 1 Doku">Kabel 1 Doku</channel>
    <channel update="i" site="tvdigital.de" site_id="44" xmltv_id="kabel eins">kabel eins</channel>
    <channel update="i" site="tvdigital.de" site_id="492" xmltv_id="kabel eins classics">kabel eins classics</channel>
    <channel update="i" site="tvdigital.de" site_id="57" xmltv_id="KiKA">KiKA</channel>
    <channel update="i" site="tvdigital.de" site_id="450" xmltv_id="Kinowelt TV">Kinowelt TV</channel>
    <channel update="i" site="tvdigital.de" site_id="634" xmltv_id="Lust Pur">Lust Pur</channel>
    <channel update="i" site="tvdigital.de" site_id="48" xmltv_id="MDR">MDR</channel>
    <channel update="i" site="tvdigital.de" site_id="627" xmltv_id="Motorvision TV">Motorvision TV</channel>
    <channel update="i" site="tvdigital.de" site_id="70" xmltv_id="MTV">MTV</channel>
    <channel update="i" site="tvdigital.de" site_id="738" xmltv_id="MTV Brand New">MTV Brand New</channel>
    <channel update="i" site="tvdigital.de" site_id="10081" xmltv_id="MTV HD">MTV HD</channel>
    <channel update="i" site="tvdigital.de" site_id="601" xmltv_id="MTV Live HD">MTV Live HD</channel>
    <channel update="i" site="tvdigital.de" site_id="66" xmltv_id="n-tv">n-tv</channel>
    <channel update="i" site="tvdigital.de" site_id="12045" xmltv_id="N24 Doku">N24 Doku</channel>
    <channel update="i" site="tvdigital.de" site_id="453" xmltv_id="National Geographic">National Geographic</channel>
    <channel update="i" site="tvdigital.de" site_id="626" xmltv_id="National Geographic Wild">National Geographic Wild</channel>
    <channel update="i" site="tvdigital.de" site_id="463" xmltv_id="Nautical Channel">Nautical Channel</channel>
    <channel update="i" site="tvdigital.de" site_id="47" xmltv_id="NDR">NDR</channel>
    <channel update="i" site="tvdigital.de" site_id="485" xmltv_id="Nick">Nick</channel>
    <channel update="i" site="tvdigital.de" site_id="597" xmltv_id="NICK Jr.">NICK Jr.</channel>
    <channel update="i" site="tvdigital.de" site_id="551" xmltv_id="Nicktoons">Nicktoons</channel>
    <channel update="i" site="tvdigital.de" site_id="763" xmltv_id="NITRO">NITRO</channel>
    <channel update="i" site="tvdigital.de" site_id="146" xmltv_id="One">One</channel>
    <channel update="i" site="tvdigital.de" site_id="54" xmltv_id="ORF 1">ORF 1</channel>
    <channel update="i" site="tvdigital.de" site_id="55" xmltv_id="ORF 2">ORF 2</channel>
    <channel update="i" site="tvdigital.de" site_id="757" xmltv_id="ORF 3">ORF 3</channel>
    <channel update="i" site="tvdigital.de" site_id="759" xmltv_id="ORF Sport +">ORF Sport +</channel>
    <channel update="i" site="tvdigital.de" site_id="768" xmltv_id="Penthouse Passion HD">Penthouse Passion HD</channel>
    <channel update="i" site="tvdigital.de" site_id="194" xmltv_id="Phoenix">Phoenix</channel>
    <channel update="i" site="tvdigital.de" site_id="195" xmltv_id="Planet">Planet</channel>
    <channel update="i" site="tvdigital.de" site_id="467" xmltv_id="Playboy TV">Playboy TV</channel>
    <channel update="i" site="tvdigital.de" site_id="40" xmltv_id="ProSieben">ProSieben</channel>
    <channel update="i" site="tvdigital.de" site_id="765" xmltv_id="ProSieben Fun">ProSieben Fun</channel>
    <channel update="i" site="tvdigital.de" site_id="783" xmltv_id="ProSieben Maxx">ProSieben Maxx</channel>
    <channel update="i" site="tvdigital.de" site_id="402" xmltv_id="Puls 4">Puls 4</channel>
    <channel update="i" site="tvdigital.de" site_id="208" xmltv_id="QVC">QVC</channel>
    <channel update="i" site="tvdigital.de" site_id="52" xmltv_id="RBB">RBB</channel>
    <channel update="i" site="tvdigital.de" site_id="555" xmltv_id="RCK TV">RCK TV</channel>
    <channel update="i" site="tvdigital.de" site_id="771" xmltv_id="RiC">RiC</channel>
    <channel update="i" site="tvdigital.de" site_id="552" xmltv_id="Romance TV">Romance TV</channel>
    <channel update="i" site="tvdigital.de" site_id="38" xmltv_id="RTL">RTL</channel>
    <channel update="i" site="tvdigital.de" site_id="527" xmltv_id="RTL Crime">RTL Crime</channel>
    <channel update="i" site="tvdigital.de" site_id="528" xmltv_id="RTL Living">RTL Living</channel>
    <channel update="i" site="tvdigital.de" site_id="529" xmltv_id="RTL Passion">RTL Passion</channel>
    <channel update="i" site="tvdigital.de" site_id="12033" xmltv_id="RTL Plus">RTL Plus</channel>
    <channel update="i" site="tvdigital.de" site_id="41" xmltv_id="RTL Zwei">RTL Zwei</channel>
    <channel update="i" site="tvdigital.de" site_id="39" xmltv_id="Sat.1">Sat.1</channel>
    <channel update="i" site="tvdigital.de" site_id="766" xmltv_id="Sat.1 emotions">Sat.1 emotions</channel>
    <channel update="i" site="tvdigital.de" site_id="774" xmltv_id="Sat.1 Gold">Sat.1 Gold</channel>
    <channel update="i" site="tvdigital.de" site_id="660" xmltv_id="Servus TV">Servus TV</channel>
    <channel update="i" site="tvdigital.de" site_id="451" xmltv_id="Silverline">Silverline</channel>
    <channel update="i" site="tvdigital.de" site_id="694" xmltv_id="Sixx">Sixx</channel>
    <channel update="i" site="tvdigital.de" site_id="769" xmltv_id="sixx Austria">sixx Austria</channel>
    <channel update="i" site="tvdigital.de" site_id="767" xmltv_id="Sky Atlantic HD">Sky Atlantic HD</channel>
    <channel update="i" site="tvdigital.de" site_id="613" xmltv_id="Sky Cinema Action">Sky Cinema Action</channel>
    <channel update="i" site="tvdigital.de" site_id="618" xmltv_id="Sky Cinema Best Of">Sky Cinema Best Of</channel>
    <channel update="i" site="tvdigital.de" site_id="614" xmltv_id="Sky Cinema Classics">Sky Cinema Classics</channel>
    <channel update="i" site="tvdigital.de" site_id="12042" xmltv_id="Sky Cinema Family HD">Sky Cinema Family HD</channel>
    <channel update="i" site="tvdigital.de" site_id="617" xmltv_id="Sky Cinema Fun">Sky Cinema Fun</channel>
    <channel update="i" site="tvdigital.de" site_id="610" xmltv_id="Sky Cinema Premieren">Sky Cinema Premieren</channel>
    <channel update="i" site="tvdigital.de" site_id="612" xmltv_id="Sky Cinema Premieren +24">Sky Cinema Premieren +24</channel>
    <channel update="i" site="tvdigital.de" site_id="12121" xmltv_id="Sky Cinema Special HD">Sky Cinema Special HD</channel>
    <channel update="i" site="tvdigital.de" site_id="12132" xmltv_id="Sky Cinema Thriller HD">Sky Cinema Thriller HD</channel>
    <channel update="i" site="tvdigital.de" site_id="615" xmltv_id="Sky Krimi">Sky Krimi</channel>
    <channel update="i" site="tvdigital.de" site_id="12046" xmltv_id="Sky One">Sky One</channel>
    <channel update="i" site="tvdigital.de" site_id="621" xmltv_id="Sky Sport 1 HD">Sky Sport 1 HD</channel>
    <channel update="i" site="tvdigital.de" site_id="697" xmltv_id="Sky Sport 2 HD">Sky Sport 2 HD</channel>
    <channel update="i" site="tvdigital.de" site_id="622" xmltv_id="Sky Sport Austria 1">Sky Sport Austria 1</channel>
    <channel update="i" site="tvdigital.de" site_id="623" xmltv_id="Sky Sport Bundesliga 1">Sky Sport Bundesliga 1</channel>
    <channel update="i" site="tvdigital.de" site_id="762" xmltv_id="Sky Sport News HD">Sky Sport News HD</channel>
    <channel update="i" site="tvdigital.de" site_id="636" xmltv_id="sonnenklar.tv">sonnenklar.tv</channel>
    <channel update="i" site="tvdigital.de" site_id="468" xmltv_id="Sony AXN">Sony AXN</channel>
    <channel update="i" site="tvdigital.de" site_id="778" xmltv_id="Sony Channel">Sony Channel</channel>
    <channel update="i" site="tvdigital.de" site_id="625" xmltv_id="Spiegel Geschichte">Spiegel Geschichte</channel>
    <channel update="i" site="tvdigital.de" site_id="756" xmltv_id="Spiegel TV Wissen">Spiegel TV Wissen</channel>
    <channel update="i" site="tvdigital.de" site_id="64" xmltv_id="SPORT1">SPORT1</channel>
    <channel update="i" site="tvdigital.de" site_id="698" xmltv_id="SPORT1+">SPORT1+</channel>
    <channel update="i" site="tvdigital.de" site_id="564" xmltv_id="Sportdigital Fußball">Sportdigital Fußball</channel>
    <channel update="i" site="tvdigital.de" site_id="59" xmltv_id="SRF 1">SRF 1</channel>
    <channel update="i" site="tvdigital.de" site_id="60" xmltv_id="SRF 2">SRF 2</channel>
    <channel update="i" site="tvdigital.de" site_id="231" xmltv_id="SRF info">SRF info</channel>
    <channel update="i" site="tvdigital.de" site_id="232" xmltv_id="Star TV">Star TV</channel>
    <channel update="i" site="tvdigital.de" site_id="133" xmltv_id="Stingray Classica">Stingray Classica</channel>
    <channel update="i" site="tvdigital.de" site_id="43" xmltv_id="Super RTL">Super RTL</channel>
    <channel update="i" site="tvdigital.de" site_id="666" xmltv_id="SWR">SWR</channel>
    <channel update="i" site="tvdigital.de" site_id="472" xmltv_id="Syfy">Syfy</channel>
    <channel update="i" site="tvdigital.de" site_id="100" xmltv_id="tagesschau24">tagesschau24</channel>
    <channel update="i" site="tvdigital.de" site_id="277" xmltv_id="Tele 5">Tele 5</channel>
    <channel update="i" site="tvdigital.de" site_id="135954" xmltv_id="TLC">TLC</channel>
    <channel update="i" site="tvdigital.de" site_id="12035" xmltv_id="TNT Comedy">TNT Comedy</channel>
    <channel update="i" site="tvdigital.de" site_id="633" xmltv_id="TNT Film">TNT Film</channel>
    <channel update="i" site="tvdigital.de" site_id="590" xmltv_id="TNT Serie">TNT Serie</channel>
    <channel update="i" site="tvdigital.de" site_id="254" xmltv_id="TRT Türk">TRT Türk</channel>
    <channel update="i" site="tvdigital.de" site_id="260" xmltv_id="TV5MONDE">TV5MONDE</channel>
    <channel update="i" site="tvdigital.de" site_id="782" xmltv_id="Universal TV">Universal TV</channel>
    <channel update="i" site="tvdigital.de" site_id="296" xmltv_id="VH1 Classic">VH1 Classic</channel>
    <channel update="i" site="tvdigital.de" site_id="42" xmltv_id="VOX">VOX</channel>
    <channel update="i" site="tvdigital.de" site_id="12125" xmltv_id="VOXup">VOXup</channel>
    <channel update="i" site="tvdigital.de" site_id="46" xmltv_id="WDR">WDR</channel>
    <channel update="i" site="tvdigital.de" site_id="175" xmltv_id="WELT">WELT</channel>
    <channel update="i" site="tvdigital.de" site_id="37" xmltv_id="ZDF">ZDF</channel>
    <channel update="i" site="tvdigital.de" site_id="276" xmltv_id="ZDFinfo">ZDFinfo</channel>
    <channel update="i" site="tvdigital.de" site_id="659" xmltv_id="ZDFneo">ZDFneo</channel>
  </channels>
</site>