﻿<?xml version="1.0" encoding="UTF-8"?>
<site generator-info-name="WebGrab+Plus/w MDB &amp; REX Postprocess -- version V3.1.3.3 -- Jan van Straaten" site="canada.com">
  <channels>
    <channel update="i" site="canada.com.T5L4E1-Shaw-Digital" site_id="2" xmltv_id="CFRN">CFRN</channel>
    <channel update="i" site="canada.com.T5L4E1-Shaw-Digital" site_id="3" xmltv_id="KHQ-TV">KHQ-TV</channel>
    <channel update="i" site="canada.com.T5L4E1-Shaw-Digital" site_id="4" xmltv_id="CBXT">CBXT</channel>
    <channel update="i" site="canada.com.T5L4E1-Shaw-Digital" site_id="5" xmltv_id="TVLIST">TVLIST</channel>
    <channel update="i" site="canada.com.T5L4E1-Shaw-Digital" site_id="6" xmltv_id="KREM">KREM</channel>
    <channel update="i" site="canada.com.T5L4E1-Shaw-Digital" site_id="7" xmltv_id="CKEM">CKEM</channel>
    <channel update="i" site="canada.com.T5L4E1-Shaw-Digital" site_id="8" xmltv_id="CITV">CITV</channel>
    <channel update="i" site="canada.com.T5L4E1-Shaw-Digital" site_id="9" xmltv_id="CTV2">CTV2</channel>
    <channel update="i" site="canada.com.T5L4E1-Shaw-Digital" site_id="11" xmltv_id="CJEO">CJEO</channel>
    <channel update="i" site="canada.com.T5L4E1-Shaw-Digital" site_id="12" xmltv_id="CBXFT">CBXFT</channel>
    <channel update="i" site="canada.com.T5L4E1-Shaw-Digital" site_id="13" xmltv_id="KXLY-TV">KXLY-TV</channel>
    <channel update="i" site="canada.com.T5L4E1-Shaw-Digital" site_id="14" xmltv_id="YTV-P">YTV-P</channel>
    <channel update="i" site="canada.com.T5L4E1-Shaw-Digital" site_id="15" xmltv_id="CBCNN">CBCNN</channel>
    <channel update="i" site="canada.com.T5L4E1-Shaw-Digital" site_id="16" xmltv_id="KAYU-TV">KAYU-TV</channel>
    <channel update="i" site="canada.com.T5L4E1-Shaw-Digital" site_id="17" xmltv_id="TREE">TREE</channel>
    <channel update="i" site="canada.com.T5L4E1-Shaw-Digital" site_id="18" xmltv_id="CMT">CMT</channel>
    <channel update="i" site="canada.com.T5L4E1-Shaw-Digital" site_id="19" xmltv_id="HGTV">HGTV</channel>
    <channel update="i" site="canada.com.T5L4E1-Shaw-Digital" site_id="20" xmltv_id="TSN1">TSN1</channel>
    <channel update="i" site="canada.com.T5L4E1-Shaw-Digital" site_id="21" xmltv_id="TWN">TWN</channel>
    <channel update="i" site="canada.com.T5L4E1-Shaw-Digital" site_id="22" xmltv_id="KSPS-TV">KSPS-TV</channel>
    <channel update="i" site="canada.com.T5L4E1-Shaw-Digital" site_id="23" xmltv_id="SNW">SNW</channel>
    <channel update="i" site="canada.com.T5L4E1-Shaw-Digital" site_id="24" xmltv_id="OLN">OLN</channel>
    <channel update="i" site="canada.com.T5L4E1-Shaw-Digital" site_id="25" xmltv_id="A&amp;E">A&amp;E</channel>
    <channel update="i" site="canada.com.T5L4E1-Shaw-Digital" site_id="26" xmltv_id="CTVLife">CTVLife</channel>
    <channel update="i" site="canada.com.T5L4E1-Shaw-Digital" site_id="27" xmltv_id="CNN">CNN</channel>
    <channel update="i" site="canada.com.T5L4E1-Shaw-Digital" site_id="28" xmltv_id="HLN">HLN</channel>
    <channel update="i" site="canada.com.T5L4E1-Shaw-Digital" site_id="29" xmltv_id="FOOD">FOOD</channel>
    <channel update="i" site="canada.com.T5L4E1-Shaw-Digital" site_id="30" xmltv_id="BBCW">BBCW</channel>
    <channel update="i" site="canada.com.T5L4E1-Shaw-Digital" site_id="31" xmltv_id="SHOW">SHOW</channel>
    <channel update="i" site="canada.com.T5L4E1-Shaw-Digital" site_id="32" xmltv_id="DISC">DISC</channel>
    <channel update="i" site="canada.com.T5L4E1-Shaw-Digital" site_id="33" xmltv_id="SLICE">SLICE</channel>
    <channel update="i" site="canada.com.T5L4E1-Shaw-Digital" site_id="34" xmltv_id="W">W</channel>
    <channel update="i" site="canada.com.T5L4E1-Shaw-Digital" site_id="35" xmltv_id="TLC">TLC</channel>
    <channel update="i" site="canada.com.T5L4E1-Shaw-Digital" site_id="36" xmltv_id="CTVDR">CTVDR</channel>
    <channel update="i" site="canada.com.T5L4E1-Shaw-Digital" site_id="37" xmltv_id="STARZ2W">STARZ2W</channel>
    <channel update="i" site="canada.com.T5L4E1-Shaw-Digital" site_id="38" xmltv_id="PRMT-C">PRMT-C</channel>
    <channel update="i" site="canada.com.T5L4E1-Shaw-Digital" site_id="39" xmltv_id="AMC">AMC</channel>
    <channel update="i" site="canada.com.T5L4E1-Shaw-Digital" site_id="40" xmltv_id="HIST">HIST</channel>
    <channel update="i" site="canada.com.T5L4E1-Shaw-Digital" site_id="41" xmltv_id="CTVComW">CTVComW</channel>
    <channel update="i" site="canada.com.T5L4E1-Shaw-Digital" site_id="42" xmltv_id="TOON">TOON</channel>
    <channel update="i" site="canada.com.T5L4E1-Shaw-Digital" site_id="43" xmltv_id="CTVSc">CTVSc</channel>
    <channel update="i" site="canada.com.T5L4E1-Shaw-Digital" site_id="44" xmltv_id="PEACH">PEACH</channel>
    <channel update="i" site="canada.com.T5L4E1-Shaw-Digital" site_id="45" xmltv_id="FAMW">FAMW</channel>
    <channel update="i" site="canada.com.T5L4E1-Shaw-Digital" site_id="48" xmltv_id="DTOUR">DTOUR</channel>
    <channel update="i" site="canada.com.T5L4E1-Shaw-Digital" site_id="49" xmltv_id="TCM">TCM</channel>
    <channel update="i" site="canada.com.T5L4E1-Shaw-Digital" site_id="50" xmltv_id="E!">E!</channel>
    <channel update="i" site="canada.com.T5L4E1-Shaw-Digital" site_id="51" xmltv_id="Yes TV">Yes TV</channel>
    <channel update="i" site="canada.com.T5L4E1-Shaw-Digital" site_id="53" xmltv_id="SHOP">SHOP</channel>
    <channel update="i" site="canada.com.T5L4E1-Shaw-Digital" site_id="55" xmltv_id="CRVM1W">CRVM1W</channel>
    <channel update="i" site="canada.com.T5L4E1-Shaw-Digital" site_id="56" xmltv_id="CRVM2W">CRVM2W</channel>
    <channel update="i" site="canada.com.T5L4E1-Shaw-Digital" site_id="57" xmltv_id="CRVM3W">CRVM3W</channel>
    <channel update="i" site="canada.com.T5L4E1-Shaw-Digital" site_id="58" xmltv_id="HBOW">HBOW</channel>
    <channel update="i" site="canada.com.T5L4E1-Shaw-Digital" site_id="59" xmltv_id="WSBK-TV">WSBK-TV</channel>
    <channel update="i" site="canada.com.T5L4E1-Shaw-Digital" site_id="60" xmltv_id="KTLA">KTLA</channel>
    <channel update="i" site="canada.com.T5L4E1-Shaw-Digital" site_id="61" xmltv_id="WGN-Can">WGN-Can</channel>
    <channel update="i" site="canada.com.T5L4E1-Shaw-Digital" site_id="62" xmltv_id="WPIX">WPIX</channel>
    <channel update="i" site="canada.com.T5L4E1-Shaw-Digital" site_id="63" xmltv_id="STARZ1W">STARZ1W</channel>
    <channel update="i" site="canada.com.T5L4E1-Shaw-Digital" site_id="64" xmltv_id="STARZ2W">STARZ2W</channel>
    <channel update="i" site="canada.com.T5L4E1-Shaw-Digital" site_id="65" xmltv_id="TLN">TLN</channel>
    <channel update="i" site="canada.com.T5L4E1-Shaw-Digital" site_id="66" xmltv_id="FAM">FAM</channel>
    <channel update="i" site="canada.com.T5L4E1-Shaw-Digital" site_id="67" xmltv_id="Cartoon">Cartoon</channel>
    <channel update="i" site="canada.com.T5L4E1-Shaw-Digital" site_id="69" xmltv_id="CIHF">CIHF</channel>
    <channel update="i" site="canada.com.T5L4E1-Shaw-Digital" site_id="70" xmltv_id="BNNB">BNNB</channel>
    <channel update="i" site="canada.com.T5L4E1-Shaw-Digital" site_id="71" xmltv_id="CIVT">CIVT</channel>
    <channel update="i" site="canada.com.T5L4E1-Shaw-Digital" site_id="72" xmltv_id="CFCN">CFCN</channel>
    <channel update="i" site="canada.com.T5L4E1-Shaw-Digital" site_id="73" xmltv_id="CKY">CKY</channel>
    <channel update="i" site="canada.com.T5L4E1-Shaw-Digital" site_id="74" xmltv_id="CFTO">CFTO</channel>
    <channel update="i" site="canada.com.T5L4E1-Shaw-Digital" site_id="75" xmltv_id="CJCH">CJCH</channel>
    <channel update="i" site="canada.com.T5L4E1-Shaw-Digital" site_id="76" xmltv_id="CJON">CJON</channel>
    <channel update="i" site="canada.com.T5L4E1-Shaw-Digital" site_id="77" xmltv_id="CFSK">CFSK</channel>
    <channel update="i" site="canada.com.T5L4E1-Shaw-Digital" site_id="78" xmltv_id="CIII">CIII</channel>
    <channel update="i" site="canada.com.T5L4E1-Shaw-Digital" site_id="79" xmltv_id="CBOT">CBOT</channel>
    <channel update="i" site="canada.com.T5L4E1-Shaw-Digital" site_id="80" xmltv_id="CITY">CITY</channel>
    <channel update="i" site="canada.com.T5L4E1-Shaw-Digital" site_id="81" xmltv_id="WTVS">WTVS</channel>
    <channel update="i" site="canada.com.T5L4E1-Shaw-Digital" site_id="82" xmltv_id="WUHF">WUHF</channel>
    <channel update="i" site="canada.com.T5L4E1-Shaw-Digital" site_id="83" xmltv_id="WDIV-TV">WDIV-TV</channel>
    <channel update="i" site="canada.com.T5L4E1-Shaw-Digital" site_id="84" xmltv_id="WXYZ-C">WXYZ-C</channel>
    <channel update="i" site="canada.com.T5L4E1-Shaw-Digital" site_id="85" xmltv_id="WWJ-TV">WWJ-TV</channel>
    <channel update="i" site="canada.com.T5L4E1-Shaw-Digital" site_id="86" xmltv_id="FAMJR">FAMJR</channel>
    <channel update="i" site="canada.com.T5L4E1-Shaw-Digital" site_id="87" xmltv_id="CHRGDH">CHRGDH</channel>
    <channel update="i" site="canada.com.T5L4E1-Shaw-Digital" site_id="88" xmltv_id="SPARK">SPARK</channel>
    <channel update="i" site="canada.com.T5L4E1-Shaw-Digital" site_id="89" xmltv_id="MSNBC">MSNBC</channel>
    <channel update="i" site="canada.com.T5L4E1-Shaw-Digital" site_id="90" xmltv_id="FASH">FASH</channel>
    <channel update="i" site="canada.com.T5L4E1-Shaw-Digital" site_id="92" xmltv_id="OWN">OWN</channel>
    <channel update="i" site="canada.com.T5L4E1-Shaw-Digital" site_id="93" xmltv_id="NGEO">NGEO</channel>
    <channel update="i" site="canada.com.T5L4E1-Shaw-Digital" site_id="94" xmltv_id="DSCI">DSCI</channel>
    <channel update="i" site="canada.com.T5L4E1-Shaw-Digital" site_id="96" xmltv_id="COTTAGE">COTTAGE</channel>
    <channel update="i" site="canada.com.T5L4E1-Shaw-Digital" site_id="97" xmltv_id="H2">H2</channel>
    <channel update="i" site="canada.com.T5L4E1-Shaw-Digital" site_id="98" xmltv_id="MTV2">MTV2</channel>
    <channel update="i" site="canada.com.T5L4E1-Shaw-Digital" site_id="99" xmltv_id="CI">CI</channel>
  </channels>
</site>