﻿<?xml version="1.0" encoding="UTF-8"?>
<site generator-info-name="WebGrab+Plus/w MDB &amp; REX Postprocess -- version V3.1.1.0 -- Jan van Straaten" site="clarotv.com.br.EK">
  <channels>
    <channel update="i" site="clarotv.com.br.EK" site_id="463##playboy_tv" xmltv_id="Playboy TV">Playboy TV</channel>
    <channel update="i" site="clarotv.com.br.EK" site_id="798##sextreme" xmltv_id="Sextreme">Sextreme</channel>
    <channel update="i" site="clarotv.com.br.EK" site_id="528##venus" xmltv_id="Venus">Venus</channel>
    <channel update="i" site="clarotv.com.br.EK" site_id="442##sexy_hot" xmltv_id="Sexy Hot">Sexy Hot</channel>
    <channel update="i" site="clarotv.com.br.EK" site_id="2288##playboy_hd" xmltv_id="Playboy HD">Playboy HD</channel>
    <channel update="i" site="clarotv.com.br.EK" site_id="430##futura" xmltv_id="Futura">Futura</channel>
    <channel update="i" site="clarotv.com.br.EK" site_id="472##national_geographic" xmltv_id="National Geographic">National Geographic</channel>
    <channel update="i" site="clarotv.com.br.EK" site_id="421##discovery_channel" xmltv_id="Discovery Channel">Discovery Channel</channel>
    <channel update="i" site="clarotv.com.br.EK" site_id="407##animal_planet" xmltv_id="Animal Planet">Animal Planet</channel>
    <channel update="i" site="clarotv.com.br.EK" site_id="2257##the_history_channel" xmltv_id="The History Channel">The History Channel</channel>
    <channel update="i" site="clarotv.com.br.EK" site_id="419##discovery_turbo" xmltv_id="Discovery Turbo">Discovery Turbo</channel>
    <channel update="i" site="clarotv.com.br.EK" site_id="423##discovery_science" xmltv_id="Discovery Science">Discovery Science</channel>
    <channel update="i" site="clarotv.com.br.EK" site_id="933##natgeo_wild" xmltv_id="Natgeo Wild">Natgeo Wild</channel>
    <channel update="i" site="clarotv.com.br.EK" site_id="1060##discovery_hd_" xmltv_id="Discovery HD ³">Discovery HD ³</channel>
    <channel update="i" site="clarotv.com.br.EK" site_id="877##discovery_theater_hd_" xmltv_id="Discovery Theater HD ³">Discovery Theater HD ³</channel>
    <channel update="i" site="clarotv.com.br.EK" site_id="450##multishow" xmltv_id="Multishow">Multishow</channel>
    <channel update="i" site="clarotv.com.br.EK" site_id="1055##bis" xmltv_id="BIS">BIS</channel>
    <channel update="i" site="clarotv.com.br.EK" site_id="456##mtv" xmltv_id="MTV">MTV</channel>
    <channel update="i" site="clarotv.com.br.EK" site_id="1057##tv_wa" xmltv_id="TV WA">TV WA</channel>
    <channel update="i" site="clarotv.com.br.EK" site_id="1072##music_box_brazil" xmltv_id="Music Box Brazil">Music Box Brazil</channel>
    <channel update="i" site="clarotv.com.br.EK" site_id="1023##sportv_3" xmltv_id="SporTV 3 ">SporTV 3 </channel>
    <channel update="i" site="clarotv.com.br.EK" site_id="470##sportv_2" xmltv_id="SporTV 2">SporTV 2</channel>
    <channel update="i" site="clarotv.com.br.EK" site_id="471##sportv" xmltv_id="SporTV">SporTV</channel>
    <channel update="i" site="clarotv.com.br.EK" site_id="426##espn_brasil" xmltv_id="ESPN Brasil">ESPN Brasil</channel>
    <channel update="i" site="clarotv.com.br.EK" site_id="427##espn" xmltv_id="ESPN ">ESPN </channel>
    <channel update="i" site="clarotv.com.br.EK" site_id="1034##fox_sports" xmltv_id="Fox Sports">Fox Sports</channel>
    <channel update="i" site="clarotv.com.br.EK" site_id="1090##fox_sports_2" xmltv_id="FOX Sports 2">FOX Sports 2</channel>
    <channel update="i" site="clarotv.com.br.EK" site_id="1021##band_sports" xmltv_id="Band Sports">Band Sports</channel>
    <channel update="i" site="clarotv.com.br.EK" site_id="414##canal_brasil" xmltv_id="Canal Brasil">Canal Brasil</channel>
    <channel update="i" site="clarotv.com.br.EK" site_id="478##tnt" xmltv_id="TNT">TNT</channel>
    <channel update="i" site="clarotv.com.br.EK" site_id="532##megapix" xmltv_id="Megapix">Megapix</channel>
    <channel update="i" site="clarotv.com.br.EK" site_id="897##space" xmltv_id="Space">Space</channel>
    <channel update="i" site="clarotv.com.br.EK" site_id="1041##cinemax" xmltv_id="Cinemax">Cinemax</channel>
    <channel update="i" site="clarotv.com.br.EK" site_id="1071##prime_box_brazil" xmltv_id="Prime Box Brazil">Prime Box Brazil</channel>
    <channel update="i" site="clarotv.com.br.EK" site_id="692##studio_universal" xmltv_id="Studio Universal">Studio Universal</channel>
    <channel update="i" site="clarotv.com.br.EK" site_id="447##paramount_network" xmltv_id="Paramount Network">Paramount Network</channel>
    <channel update="i" site="clarotv.com.br.EK" site_id="520##tcm" xmltv_id="TCM">TCM</channel>
    <channel update="i" site="clarotv.com.br.EK" site_id="437##hbo" xmltv_id="HBO">HBO</channel>
    <channel update="i" site="clarotv.com.br.EK" site_id="436##hbo_2" xmltv_id="HBO 2">HBO 2</channel>
    <channel update="i" site="clarotv.com.br.EK" site_id="2331##hbo_+" xmltv_id="HBO +">HBO +</channel>
    <channel update="i" site="clarotv.com.br.EK" site_id="439##hbo_family" xmltv_id="HBO Family">HBO Family</channel>
    <channel update="i" site="clarotv.com.br.EK" site_id="440##hbo_signature" xmltv_id="HBO Signature">HBO Signature</channel>
    <channel update="i" site="clarotv.com.br.EK" site_id="453##hbo_pop" xmltv_id="Hbo Pop">Hbo Pop</channel>
    <channel update="i" site="clarotv.com.br.EK" site_id="449##hbo_mundi" xmltv_id="Hbo Mundi">Hbo Mundi</channel>
    <channel update="i" site="clarotv.com.br.EK" site_id="446##hbo_xtreme" xmltv_id="hBO Xtreme">hBO Xtreme</channel>
    <channel update="i" site="clarotv.com.br.EK" site_id="856##hbo_hd_" xmltv_id="HBO HD ³">HBO HD ³</channel>
    <channel update="i" site="clarotv.com.br.EK" site_id="1330##hbo_hd_2_" xmltv_id="HBO HD 2 ³">HBO HD 2 ³</channel>
    <channel update="i" site="clarotv.com.br.EK" site_id="2158##futura_hd" xmltv_id="Futura HD">Futura HD</channel>
    <channel update="i" site="clarotv.com.br.EK" site_id="1137##sportv_3_hd_" xmltv_id="SporTV 3 HD ³">SporTV 3 HD ³</channel>
    <channel update="i" site="clarotv.com.br.EK" site_id="1047##sportv_2_hd_" xmltv_id="SporTV 2 HD ³">SporTV 2 HD ³</channel>
    <channel update="i" site="clarotv.com.br.EK" site_id="1063##sportv_hd_" xmltv_id="SporTV HD ³">SporTV HD ³</channel>
    <channel update="i" site="clarotv.com.br.EK" site_id="1062##multishow_hd_" xmltv_id="Multishow HD ³">Multishow HD ³</channel>
    <channel update="i" site="clarotv.com.br.EK" site_id="1049##espn_brasil_hd_" xmltv_id="ESPN Brasil HD ³">ESPN Brasil HD ³</channel>
    <channel update="i" site="clarotv.com.br.EK" site_id="1081##espn_hd_" xmltv_id="ESPN HD ³">ESPN HD ³</channel>
    <channel update="i" site="clarotv.com.br.EK" site_id="2251##espn_2_hd" xmltv_id="ESPN 2 HD">ESPN 2 HD</channel>
    <channel update="i" site="clarotv.com.br.EK" site_id="1035##fox_sports_hd_" xmltv_id="Fox Sports HD ³">Fox Sports HD ³</channel>
    <channel update="i" site="clarotv.com.br.EK" site_id="1091##fox_sports_2_hd_" xmltv_id="FOX Sports 2 HD ³">FOX Sports 2 HD ³</channel>
    <channel update="i" site="clarotv.com.br.EK" site_id="1095##band_sports_hd_" xmltv_id="Band Sports HD ³">Band Sports HD ³</channel>
    <channel update="i" site="clarotv.com.br.EK" site_id="1353##national_geographic_hd_" xmltv_id="National Geographic HD ³">National Geographic HD ³</channel>
    <channel update="i" site="clarotv.com.br.EK" site_id="928##animal_planet_hd" xmltv_id="Animal Planet HD">Animal Planet HD</channel>
    <channel update="i" site="clarotv.com.br.EK" site_id="2284##the_history_channel_hd_" xmltv_id="The History Channel HD ³">The History Channel HD ³</channel>
    <channel update="i" site="clarotv.com.br.EK" site_id="1133##discovery_turbo_hd_" xmltv_id="Discovery Turbo HD ³">Discovery Turbo HD ³</channel>
    <channel update="i" site="clarotv.com.br.EK" site_id="2150##discovery_science_hd_" xmltv_id="Discovery Science HD ³">Discovery Science HD ³</channel>
    <channel update="i" site="clarotv.com.br.EK" site_id="873##natgeo_wild_hd_" xmltv_id="NATGEO WILD HD ³">NATGEO WILD HD ³</channel>
    <channel update="i" site="clarotv.com.br.EK" site_id="1144##discovery_world_hd_" xmltv_id="Discovery world HD ³">Discovery world HD ³</channel>
    <channel update="i" site="clarotv.com.br.EK" site_id="1011##history_2_hd" xmltv_id="History 2 HD">History 2 HD</channel>
    <channel update="i" site="clarotv.com.br.EK" site_id="863##bis_hd_" xmltv_id="BIS HD ³">BIS HD ³</channel>
    <channel update="i" site="clarotv.com.br.EK" site_id="574##mtv_hd_" xmltv_id="MTV HD ³">MTV HD ³</channel>
    <channel update="i" site="clarotv.com.br.EK" site_id="1615##music_box_brazil_hd_" xmltv_id="Music Box Brazil HD ³">Music Box Brazil HD ³</channel>
    <channel update="i" site="clarotv.com.br.EK" site_id="874##vh1_hd_" xmltv_id="VH1 HD ³">VH1 HD ³</channel>
    <channel update="i" site="clarotv.com.br.EK" site_id="875##tnt_hd_" xmltv_id="TNT HD ³">TNT HD ³</channel>
    <channel update="i" site="clarotv.com.br.EK" site_id="878##megapix_hd_" xmltv_id="Megapix HD ³">Megapix HD ³</channel>
    <channel update="i" site="clarotv.com.br.EK" site_id="876##space_hd_" xmltv_id="Space HD ³">Space HD ³</channel>
    <channel update="i" site="clarotv.com.br.EK" site_id="1098##cinemax_hd_" xmltv_id="Cinemax HD ³">Cinemax HD ³</channel>
    <channel update="i" site="clarotv.com.br.EK" site_id="1641##prime_box_brazil_hd_" xmltv_id="Prime Box Brazil HD ³">Prime Box Brazil HD ³</channel>
    <channel update="i" site="clarotv.com.br.EK" site_id="2062##studio_universal_hd" xmltv_id="Studio Universal HD">Studio Universal HD</channel>
    <channel update="i" site="clarotv.com.br.EK" site_id="1025##paramount_network_hd" xmltv_id="Paramount Network HD">Paramount Network HD</channel>
    <channel update="i" site="clarotv.com.br.EK" site_id="2332##hbo_+_hd" xmltv_id="HBO + HD">HBO + HD</channel>
    <channel update="i" site="clarotv.com.br.EK" site_id="1099##hbo_family_hd_" xmltv_id="HBO Family HD ³">HBO Family HD ³</channel>
    <channel update="i" site="clarotv.com.br.EK" site_id="1086##hbo_signature_hd_" xmltv_id="HBO Signature HD ³">HBO Signature HD ³</channel>
    <channel update="i" site="clarotv.com.br.EK" site_id="2368##hbo_pop_hd" xmltv_id="HBO POP HD">HBO POP HD</channel>
    <channel update="i" site="clarotv.com.br.EK" site_id="2354##hbo_mundi_hd" xmltv_id="HBO MUNDI HD">HBO MUNDI HD</channel>
    <channel update="i" site="clarotv.com.br.EK" site_id="2352##hbo_xtreme_hd" xmltv_id="HBO Xtreme HD">HBO Xtreme HD</channel>
    <channel update="i" site="clarotv.com.br.EK" site_id="420##discovery_kids" xmltv_id="Discovery Kids">Discovery Kids</channel>
    <channel update="i" site="clarotv.com.br.EK" site_id="1042##gloob" xmltv_id="Gloob">Gloob</channel>
    <channel update="i" site="clarotv.com.br.EK" site_id="488##disney_channel" xmltv_id="Disney Channel">Disney Channel</channel>
    <channel update="i" site="clarotv.com.br.EK" site_id="462##nickelodeon" xmltv_id="Nickelodeon">Nickelodeon</channel>
    <channel update="i" site="clarotv.com.br.EK" site_id="1270##cartoon_network" xmltv_id="Cartoon Network">Cartoon Network</channel>
    <channel update="i" site="clarotv.com.br.EK" site_id="445##disney_xd" xmltv_id="Disney XD">Disney XD</channel>
    <channel update="i" site="clarotv.com.br.EK" site_id="1281##disney_jr" xmltv_id="Disney JR">Disney JR</channel>
    <channel update="i" site="clarotv.com.br.EK" site_id="832##nick_jr." xmltv_id="Nick Jr.">Nick Jr.</channel>
    <channel update="i" site="clarotv.com.br.EK" site_id="410##boomerang" xmltv_id="Boomerang">Boomerang</channel>
    <channel update="i" site="clarotv.com.br.EK" site_id="1563##tv_ra_tim_bum" xmltv_id="TV Rá Tim Bum">TV Rá Tim Bum</channel>
    <channel update="i" site="clarotv.com.br.EK" site_id="1110##tooncast" xmltv_id="Tooncast">Tooncast</channel>
    <channel update="i" site="clarotv.com.br.EK" site_id="932##baby_tv" xmltv_id="Baby Tv">Baby Tv</channel>
    <channel update="i" site="clarotv.com.br.EK" site_id="2165##zoomoo" xmltv_id="ZooMoo">ZooMoo</channel>
    <channel update="i" site="clarotv.com.br.EK" site_id="1079##discovery_kids_hd_" xmltv_id="Discovery Kids HD ³">Discovery Kids HD ³</channel>
    <channel update="i" site="clarotv.com.br.EK" site_id="1043##gloob_hd_" xmltv_id="Gloob HD ³">Gloob HD ³</channel>
    <channel update="i" site="clarotv.com.br.EK" site_id="1036##disney_channel_hd_" xmltv_id="Disney Channel HD ³">Disney Channel HD ³</channel>
    <channel update="i" site="clarotv.com.br.EK" site_id="1611##nickelodeon_hd" xmltv_id="Nickelodeon HD">Nickelodeon HD</channel>
    <channel update="i" site="clarotv.com.br.EK" site_id="1269##cartoon_hd_" xmltv_id="Cartoon HD ³">Cartoon HD ³</channel>
    <channel update="i" site="clarotv.com.br.EK" site_id="2135##nick_jr_hd_" xmltv_id="Nick Jr HD ³">Nick Jr HD ³</channel>
    <channel update="i" site="clarotv.com.br.EK" site_id="2147##boomerang_hd_" xmltv_id="Boomerang HD ³">Boomerang HD ³</channel>
    <channel update="i" site="clarotv.com.br.EK" site_id="2148##tv_ra_tim_bum_hd_" xmltv_id="TV Rá Tim Bum HD ³">TV Rá Tim Bum HD ³</channel>
    <channel update="i" site="clarotv.com.br.EK" site_id="2152##natgeo_kids_hd" xmltv_id="NatGeo Kids HD">NatGeo Kids HD</channel>
    <channel update="i" site="clarotv.com.br.EK" site_id="2166##zoomoo_hd" xmltv_id="ZooMoo HD">ZooMoo HD</channel>
    <channel update="i" site="clarotv.com.br.EK" site_id="1368##premiere_interativo" xmltv_id="Premiere Interativo">Premiere Interativo</channel>
    <channel update="i" site="clarotv.com.br.EK" site_id="548##canal_de_vendas_net" xmltv_id="Canal de Vendas NET">Canal de Vendas NET</channel>
    <channel update="i" site="clarotv.com.br.EK" site_id="1535##tv_climatempo" xmltv_id="TV Climatempo">TV Climatempo</channel>
    <channel update="i" site="clarotv.com.br.EK" site_id="1334##jogos_interativos_cartoon" xmltv_id="Jogos Interativos Cartoon">Jogos Interativos Cartoon</channel>
    <channel update="i" site="clarotv.com.br.EK" site_id="583##portal_net_interativa" xmltv_id="Portal NET Interativa">Portal NET Interativa</channel>
    <channel update="i" site="clarotv.com.br.EK" site_id="416##cnn_international" xmltv_id="CNN International">CNN International</channel>
    <channel update="i" site="clarotv.com.br.EK" site_id="1230##bloomberg_tv" xmltv_id="Bloomberg TV">Bloomberg TV</channel>
    <channel update="i" site="clarotv.com.br.EK" site_id="409##bbc_world_news" xmltv_id="BBC World News">BBC World News</channel>
    <channel update="i" site="clarotv.com.br.EK" site_id="1372##rai_international" xmltv_id="RAI International">RAI International</channel>
    <channel update="i" site="clarotv.com.br.EK" site_id="480##tv5_monde" xmltv_id="TV5 Monde">TV5 Monde</channel>
    <channel update="i" site="clarotv.com.br.EK" site_id="1584##tve_international" xmltv_id="TVE International">TVE International</channel>
    <channel update="i" site="clarotv.com.br.EK" site_id="1280##dw-tv" xmltv_id="DW-TV">DW-TV</channel>
    <channel update="i" site="clarotv.com.br.EK" site_id="461##nhk_world_premium" xmltv_id="NHK World Premium">NHK World Premium</channel>
    <channel update="i" site="clarotv.com.br.EK" site_id="1489##sic_international" xmltv_id="SIC International">SIC International</channel>
    <channel update="i" site="clarotv.com.br.EK" site_id="609##tv_korea" xmltv_id="TV Korea">TV Korea</channel>
    <channel update="i" site="clarotv.com.br.EK" site_id="1196##canal_2" xmltv_id="Canal 2">Canal 2</channel>
    <channel update="i" site="clarotv.com.br.EK" site_id="578##net_tv" xmltv_id="NET TV">NET TV</channel>
    <channel update="i" site="clarotv.com.br.EK" site_id="1349##net_tv_hd_" xmltv_id="NET TV HD ³">NET TV HD ³</channel>
    <channel update="i" site="clarotv.com.br.EK" site_id="432##globonews" xmltv_id="GloboNews">GloboNews</channel>
    <channel update="i" site="clarotv.com.br.EK" site_id="2350##cnn_brasil" xmltv_id="CNN Brasil">CNN Brasil</channel>
    <channel update="i" site="clarotv.com.br.EK" site_id="592##record_news" xmltv_id="Record News ">Record News </channel>
    <channel update="i" site="clarotv.com.br.EK" site_id="1022##band_news" xmltv_id="Band News">Band News</channel>
    <channel update="i" site="clarotv.com.br.EK" site_id="2353##agro_mais" xmltv_id="Agro Mais">Agro Mais</channel>
    <channel update="i" site="clarotv.com.br.EK" site_id="1066##globonews_hd_" xmltv_id="GloboNews HD ³">GloboNews HD ³</channel>
    <channel update="i" site="clarotv.com.br.EK" site_id="2351##cnn_brasil_hd" xmltv_id="CNN Brasil HD">CNN Brasil HD</channel>
    <channel update="i" site="clarotv.com.br.EK" site_id="953##band_news_hd" xmltv_id="Band News HD">Band News HD</channel>
    <channel update="i" site="clarotv.com.br.EK" site_id="2359##agro_mais_hd" xmltv_id="Agro Mais HD ">Agro Mais HD </channel>
    <channel update="i" site="clarotv.com.br.EK" site_id="1015##now" xmltv_id="NOW">NOW</channel>
    <channel update="i" site="clarotv.com.br.EK" site_id="1682##tv_camara" xmltv_id="TV Câmara">TV Câmara</channel>
    <channel update="i" site="clarotv.com.br.EK" site_id="1683##tv_brasil" xmltv_id="TV Brasil">TV Brasil</channel>
    <channel update="i" site="clarotv.com.br.EK" site_id="2302##tv_brasil_2" xmltv_id=" TV Brasil 2"> TV Brasil 2</channel>
    <channel update="i" site="clarotv.com.br.EK" site_id="1765##tv_justica" xmltv_id="TV Justiça">TV Justiça</channel>
    <channel update="i" site="clarotv.com.br.EK" site_id="1693##canal_legislativo" xmltv_id="Canal Legislativo">Canal Legislativo</channel>
    <channel update="i" site="clarotv.com.br.EK" site_id="1754##tv_escola" xmltv_id="TV Escola">TV Escola</channel>
    <channel update="i" site="clarotv.com.br.EK" site_id="1779##tv_senado" xmltv_id="TV Senado">TV Senado</channel>
    <channel update="i" site="clarotv.com.br.EK" site_id="1680##canal_universitario" xmltv_id="Canal Universitário">Canal Universitário</channel>
    <channel update="i" site="clarotv.com.br.EK" site_id="1365##premiere_clubes" xmltv_id="Premiere Clubes">Premiere Clubes</channel>
    <channel update="i" site="clarotv.com.br.EK" site_id="1360##premiere_2" xmltv_id="Premiere 2">Premiere 2</channel>
    <channel update="i" site="clarotv.com.br.EK" site_id="1361##premiere_3" xmltv_id="Premiere 3">Premiere 3</channel>
    <channel update="i" site="clarotv.com.br.EK" site_id="1362##premiere_4" xmltv_id="Premiere 4">Premiere 4</channel>
    <channel update="i" site="clarotv.com.br.EK" site_id="1363##premiere_5" xmltv_id="Premiere 5">Premiere 5</channel>
    <channel update="i" site="clarotv.com.br.EK" site_id="1364##premiere_6" xmltv_id="Premiere 6">Premiere 6</channel>
    <channel update="i" site="clarotv.com.br.EK" site_id="693##premiere_7" xmltv_id="Premiere 7">Premiere 7</channel>
    <channel update="i" site="clarotv.com.br.EK" site_id="1014##mosaico_multijogos" xmltv_id="Mosaico Multijogos">Mosaico Multijogos</channel>
    <channel update="i" site="clarotv.com.br.EK" site_id="487##combate" xmltv_id="Combate">Combate</channel>
    <channel update="i" site="clarotv.com.br.EK" site_id="1366##premiere_clubes_hd" xmltv_id="Premiere Clubes HD">Premiere Clubes HD</channel>
    <channel update="i" site="clarotv.com.br.EK" site_id="1064##premiere_hd_2" xmltv_id="Premiere HD 2">Premiere HD 2</channel>
    <channel update="i" site="clarotv.com.br.EK" site_id="1165##premiere_hd_3_" xmltv_id="PREMIERE HD 3 ³">PREMIERE HD 3 ³</channel>
    <channel update="i" site="clarotv.com.br.EK" site_id="1166##premiere_hd_4_" xmltv_id="PREMIERE HD 4 ³">PREMIERE HD 4 ³</channel>
    <channel update="i" site="clarotv.com.br.EK" site_id="1167##premiere_hd_5_" xmltv_id="PREMIERE HD 5 ³">PREMIERE HD 5 ³</channel>
    <channel update="i" site="clarotv.com.br.EK" site_id="2121##premiere_hd_6" xmltv_id="Premiere HD 6">Premiere HD 6</channel>
    <channel update="i" site="clarotv.com.br.EK" site_id="2157##premiere_hd_7" xmltv_id="Premiere HD 7">Premiere HD 7</channel>
    <channel update="i" site="clarotv.com.br.EK" site_id="1027##combate_hd" xmltv_id="Combate HD">Combate HD</channel>
    <channel update="i" site="clarotv.com.br.EK" site_id="483##universal_tv" xmltv_id="Universal TV">Universal TV</channel>
    <channel update="i" site="clarotv.com.br.EK" site_id="429##fox" xmltv_id="Fox">Fox</channel>
    <channel update="i" site="clarotv.com.br.EK" site_id="1606##warner" xmltv_id="Warner">Warner</channel>
    <channel update="i" site="clarotv.com.br.EK" site_id="1500##sony" xmltv_id="Sony">Sony</channel>
    <channel update="i" site="clarotv.com.br.EK" site_id="490##fx" xmltv_id="FX">FX</channel>
    <channel update="i" site="clarotv.com.br.EK" site_id="482##axn" xmltv_id="AXN">AXN</channel>
    <channel update="i" site="clarotv.com.br.EK" site_id="1026##tbs" xmltv_id="TBS">TBS</channel>
    <channel update="i" site="clarotv.com.br.EK" site_id="1088##comedy_central" xmltv_id="Comedy Central">Comedy Central</channel>
    <channel update="i" site="clarotv.com.br.EK" site_id="457##a&amp;e" xmltv_id="A&amp;E">A&amp;E</channel>
    <channel update="i" site="clarotv.com.br.EK" site_id="479##id" xmltv_id="ID">ID</channel>
    <channel update="i" site="clarotv.com.br.EK" site_id="530##syfy" xmltv_id="Syfy">Syfy</channel>
    <channel update="i" site="clarotv.com.br.EK" site_id="531##lifetime" xmltv_id="Lifetime">Lifetime</channel>
    <channel update="i" site="clarotv.com.br.EK" site_id="2243##universal_tv_hd" xmltv_id=" Universal TV HD"> Universal TV HD</channel>
    <channel update="i" site="clarotv.com.br.EK" site_id="1103##fox_hd_" xmltv_id="FOX HD ³">FOX HD ³</channel>
    <channel update="i" site="clarotv.com.br.EK" site_id="1009##warner_hd_" xmltv_id="Warner HD ³">Warner HD ³</channel>
    <channel update="i" site="clarotv.com.br.EK" site_id="1008##sony_hd_" xmltv_id="Sony HD ³">Sony HD ³</channel>
    <channel update="i" site="clarotv.com.br.EK" site_id="1104##fx_hd_" xmltv_id="FX HD ³">FX HD ³</channel>
    <channel update="i" site="clarotv.com.br.EK" site_id="1017##axn_hd_" xmltv_id="AXN HD ³">AXN HD ³</channel>
    <channel update="i" site="clarotv.com.br.EK" site_id="1616##tbs_hd_" xmltv_id="TBS HD ³">TBS HD ³</channel>
    <channel update="i" site="clarotv.com.br.EK" site_id="2136##comedy_central_hd" xmltv_id="Comedy Central HD">Comedy Central HD</channel>
    <channel update="i" site="clarotv.com.br.EK" site_id="1197##a&amp;e_hd" xmltv_id="A&amp;E HD">A&amp;E HD</channel>
    <channel update="i" site="clarotv.com.br.EK" site_id="1059##id_hd_" xmltv_id="ID HD ³">ID HD ³</channel>
    <channel update="i" site="clarotv.com.br.EK" site_id="2061##syfy_hd" xmltv_id="Syfy HD">Syfy HD</channel>
    <channel update="i" site="clarotv.com.br.EK" site_id="931##lifetime_hd" xmltv_id="Lifetime HD">Lifetime HD</channel>
    <channel update="i" site="clarotv.com.br.EK" site_id="1203##tnt_series_hd" xmltv_id="TNT SÉRIES HD">TNT SÉRIES HD</channel>
    <channel update="i" site="clarotv.com.br.EK" site_id="1631##fox_premium_1_hd" xmltv_id="Fox Premium 1 HD">Fox Premium 1 HD</channel>
    <channel update="i" site="clarotv.com.br.EK" site_id="1632##fox_premium_2_hd" xmltv_id="Fox Premium 2 HD">Fox Premium 2 HD</channel>
    <channel update="i" site="clarotv.com.br.EK" site_id="473##telecine_premium" xmltv_id="Telecine Premium">Telecine Premium</channel>
    <channel update="i" site="clarotv.com.br.EK" site_id="474##telecine_action" xmltv_id="Telecine Action">Telecine Action</channel>
    <channel update="i" site="clarotv.com.br.EK" site_id="475##telecine_touch" xmltv_id="Telecine Touch">Telecine Touch</channel>
    <channel update="i" site="clarotv.com.br.EK" site_id="899##telecine_fun" xmltv_id="Telecine Fun">Telecine Fun</channel>
    <channel update="i" site="clarotv.com.br.EK" site_id="476##telecine_pipoca" xmltv_id="Telecine Pipoca">Telecine Pipoca</channel>
    <channel update="i" site="clarotv.com.br.EK" site_id="477##telecine_cult" xmltv_id="Telecine Cult">Telecine Cult</channel>
    <channel update="i" site="clarotv.com.br.EK" site_id="838##telecine_premium_hd_" xmltv_id="Telecine Premium HD ³">Telecine Premium HD ³</channel>
    <channel update="i" site="clarotv.com.br.EK" site_id="898##telecine_action_hd_" xmltv_id="Telecine Action HD ³">Telecine Action HD ³</channel>
    <channel update="i" site="clarotv.com.br.EK" site_id="1019##telecine_touch_hd_" xmltv_id="Telecine Touch HD ³">Telecine Touch HD ³</channel>
    <channel update="i" site="clarotv.com.br.EK" site_id="1018##telecine_fun_hd_" xmltv_id="Telecine Fun HD ³">Telecine Fun HD ³</channel>
    <channel update="i" site="clarotv.com.br.EK" site_id="871##telecine_pipoca_hd_" xmltv_id="Telecine Pipoca HD ³">Telecine Pipoca HD ³</channel>
    <channel update="i" site="clarotv.com.br.EK" site_id="1100##telecine_cult_hd_" xmltv_id="Telecine Cult HD ³">Telecine Cult HD ³</channel>
    <channel update="i" site="clarotv.com.br.EK" site_id="1056##off" xmltv_id="Off">Off</channel>
    <channel update="i" site="clarotv.com.br.EK" site_id="433##gnt" xmltv_id="GNT">GNT</channel>
    <channel update="i" site="clarotv.com.br.EK" site_id="872##viva" xmltv_id="Viva">Viva</channel>
    <channel update="i" site="clarotv.com.br.EK" site_id="922##mais_globosat" xmltv_id="Mais Globosat ">Mais Globosat </channel>
    <channel update="i" site="clarotv.com.br.EK" site_id="425##e!" xmltv_id="E! ">E! </channel>
    <channel update="i" site="clarotv.com.br.EK" site_id="1512##tlc" xmltv_id="TLC">TLC</channel>
    <channel update="i" site="clarotv.com.br.EK" site_id="1073##arte_1" xmltv_id="Arte 1">Arte 1</channel>
    <channel update="i" site="clarotv.com.br.EK" site_id="952##food_network" xmltv_id="Food Network">Food Network</channel>
    <channel update="i" site="clarotv.com.br.EK" site_id="438##discovery_home_&amp;_health" xmltv_id="Discovery Home &amp; Health">Discovery Home &amp; Health</channel>
    <channel update="i" site="clarotv.com.br.EK" site_id="1053##curta!" xmltv_id="Curta!">Curta!</channel>
    <channel update="i" site="clarotv.com.br.EK" site_id="1202##fish_tv" xmltv_id="FISH TV">FISH TV</channel>
    <channel update="i" site="clarotv.com.br.EK" site_id="2311##hgtv" xmltv_id="HGTV">HGTV</channel>
    <channel update="i" site="clarotv.com.br.EK" site_id="1058##woohoo" xmltv_id="Woohoo">Woohoo</channel>
    <channel update="i" site="clarotv.com.br.EK" site_id="492##fox_life" xmltv_id="Fox Life">Fox Life</channel>
    <channel update="i" site="clarotv.com.br.EK" site_id="1020##off_hd_" xmltv_id="Off HD ³">Off HD ³</channel>
    <channel update="i" site="clarotv.com.br.EK" site_id="1051##gnt_hd_" xmltv_id="GNT HD ³">GNT HD ³</channel>
    <channel update="i" site="clarotv.com.br.EK" site_id="1111##viva_hd" xmltv_id="Viva HD">Viva HD</channel>
    <channel update="i" site="clarotv.com.br.EK" site_id="914##mais_globosat_hd_" xmltv_id="Mais Globosat HD ³">Mais Globosat HD ³</channel>
    <channel update="i" site="clarotv.com.br.EK" site_id="927##e!_hd" xmltv_id="E! HD">E! HD</channel>
    <channel update="i" site="clarotv.com.br.EK" site_id="890##tlc_hd_" xmltv_id="TLC HD ³">TLC HD ³</channel>
    <channel update="i" site="clarotv.com.br.EK" site_id="2060##arte_1_hd" xmltv_id="Arte 1 HD">Arte 1 HD</channel>
    <channel update="i" site="clarotv.com.br.EK" site_id="935##food_network_hd" xmltv_id="FOOD NETWORK HD">FOOD NETWORK HD</channel>
    <channel update="i" site="clarotv.com.br.EK" site_id="1061##discovery_home_&amp;_health_hd_" xmltv_id="Discovery Home &amp; Health HD ³">Discovery Home &amp; Health HD ³</channel>
    <channel update="i" site="clarotv.com.br.EK" site_id="2145##curta!_hd" xmltv_id="Curta! HD">Curta! HD</channel>
    <channel update="i" site="clarotv.com.br.EK" site_id="2289##dogtv_hd" xmltv_id="DogTV HD">DogTV HD</channel>
    <channel update="i" site="clarotv.com.br.EK" site_id="2312##hgtv_hd" xmltv_id="HGTV HD">HGTV HD</channel>
    <channel update="i" site="clarotv.com.br.EK" site_id="950##fox_life_hd" xmltv_id="FOX LIFE HD">FOX LIFE HD</channel>
    <channel update="i" site="clarotv.com.br.EK" site_id="896##rit_tv" xmltv_id="RIT TV">RIT TV</channel>
    <channel update="i" site="clarotv.com.br.EK" site_id="2285##tv_pai_eterno" xmltv_id="TV Pai Eterno">TV Pai Eterno</channel>
    <channel update="i" site="clarotv.com.br.EK" site_id="1158##cultura" xmltv_id="Cultura">Cultura</channel>
    <channel update="i" site="clarotv.com.br.EK" site_id="468##sbt" xmltv_id="SBT">SBT</channel>
    <channel update="i" site="clarotv.com.br.EK" site_id="435##globo" xmltv_id="Globo">Globo</channel>
    <channel update="i" site="clarotv.com.br.EK" site_id="465##record" xmltv_id="Record">Record</channel>
    <channel update="i" site="clarotv.com.br.EK" site_id="1159##rede_tv" xmltv_id="Rede TV">Rede TV</channel>
    <channel update="i" site="clarotv.com.br.EK" site_id="431##gazeta" xmltv_id="Gazeta">Gazeta</channel>
    <channel update="i" site="clarotv.com.br.EK" site_id="2247##band" xmltv_id="Band">Band</channel>
    <channel update="i" site="clarotv.com.br.EK" site_id="836##mega_tv" xmltv_id="Mega TV">Mega TV</channel>
    <channel update="i" site="clarotv.com.br.EK" site_id="593##rede_21" xmltv_id="Rede 21">Rede 21</channel>
    <channel update="i" site="clarotv.com.br.EK" site_id="2058##ideal_tv" xmltv_id="Ideal TV">Ideal TV</channel>
    <channel update="i" site="clarotv.com.br.EK" site_id="2059##rede_gospel" xmltv_id="Rede Gospel">Rede Gospel</channel>
    <channel update="i" site="clarotv.com.br.EK" site_id="1093##polishop" xmltv_id="Polishop">Polishop</channel>
    <channel update="i" site="clarotv.com.br.EK" site_id="459##shoptime" xmltv_id="Shoptime">Shoptime</channel>
    <channel update="i" site="clarotv.com.br.EK" site_id="1618##amc" xmltv_id="AMC">AMC</channel>
    <channel update="i" site="clarotv.com.br.EK" site_id="2227##film&amp;arts" xmltv_id="Film&amp;Arts">Film&amp;Arts</channel>
    <channel update="i" site="clarotv.com.br.EK" site_id="847##terra_viva" xmltv_id="Terra Viva">Terra Viva</channel>
    <channel update="i" site="clarotv.com.br.EK" site_id="1115##novo_tempo" xmltv_id="Novo Tempo">Novo Tempo</channel>
    <channel update="i" site="clarotv.com.br.EK" site_id="467##canal_rural" xmltv_id="Canal Rural">Canal Rural</channel>
    <channel update="i" site="clarotv.com.br.EK" site_id="2125##snb" xmltv_id="SNB">SNB</channel>
    <channel update="i" site="clarotv.com.br.EK" site_id="509##canal_do_boi" xmltv_id="Canal do Boi">Canal do Boi</channel>
    <channel update="i" site="clarotv.com.br.EK" site_id="484##rede_vida" xmltv_id="Rede Vida">Rede Vida</channel>
    <channel update="i" site="clarotv.com.br.EK" site_id="515##tv_cancao_nova" xmltv_id="TV Canção Nova">TV Canção Nova</channel>
    <channel update="i" site="clarotv.com.br.EK" site_id="1733##tv_aparecida" xmltv_id="TV Aparecida">TV Aparecida</channel>
    <channel update="i" site="clarotv.com.br.EK" site_id="1231##boa_vontade_tv" xmltv_id="Boa Vontade TV">Boa Vontade TV</channel>
    <channel update="i" site="clarotv.com.br.EK" site_id="2358##cgtn" xmltv_id="CGTN">CGTN</channel>
    <channel update="i" site="clarotv.com.br.EK" site_id="563##globo_hd" xmltv_id="Globo HD">Globo HD</channel>
    <channel update="i" site="clarotv.com.br.EK" site_id="545##band_hd" xmltv_id="Band HD">Band HD</channel>
    <channel update="i" site="clarotv.com.br.EK" site_id="1420##rede_tv_hd" xmltv_id="Rede TV HD">Rede TV HD</channel>
    <channel update="i" site="clarotv.com.br.EK" site_id="858##sbt_hd" xmltv_id="SBT HD">SBT HD</channel>
    <channel update="i" site="clarotv.com.br.EK" site_id="1044##cultura_hd" xmltv_id="Cultura HD">Cultura HD</channel>
    <channel update="i" site="clarotv.com.br.EK" site_id="1004##record_hd" xmltv_id="Record HD">Record HD</channel>
    <channel update="i" site="clarotv.com.br.EK" site_id="1292##gazeta_hd" xmltv_id="Gazeta HD">Gazeta HD</channel>
    <channel update="i" site="clarotv.com.br.EK" site_id="2112##mega_tv_hd" xmltv_id="Mega TV HD">Mega TV HD</channel>
    <channel update="i" site="clarotv.com.br.EK" site_id="2113##rede_gospel_hd" xmltv_id="Rede Gospel HD">Rede Gospel HD</channel>
    <channel update="i" site="clarotv.com.br.EK" site_id="2213##like_hd" xmltv_id="Like HD">Like HD</channel>
    <channel update="i" site="clarotv.com.br.EK" site_id="2259##fashion_tv_hd" xmltv_id="Fashion TV HD">Fashion TV HD</channel>
    <channel update="i" site="clarotv.com.br.EK" site_id="2261##travel_box_brasil_hd" xmltv_id="Travel Box Brasil HD ">Travel Box Brasil HD </channel>
    <channel update="i" site="clarotv.com.br.EK" site_id="2245##fish_tv_hd" xmltv_id="FISH TV HD">FISH TV HD</channel>
    <channel update="i" site="clarotv.com.br.EK" site_id="2300##woohoo_hd" xmltv_id="Woohoo HD">Woohoo HD</channel>
    <channel update="i" site="clarotv.com.br.EK" site_id="2239##espn_extra_hd" xmltv_id="ESPN Extra HD">ESPN Extra HD</channel>
    <channel update="i" site="clarotv.com.br.EK" site_id="2256##love_nature_hd" xmltv_id="Love Nature HD">Love Nature HD</channel>
    <channel update="i" site="clarotv.com.br.EK" site_id="2286##smithsonian_hd" xmltv_id="Smithsonian HD">Smithsonian HD</channel>
    <channel update="i" site="clarotv.com.br.EK" site_id="2241##disney_jr_hd" xmltv_id="Disney JR HD">Disney JR HD</channel>
    <channel update="i" site="clarotv.com.br.EK" site_id="2366##trace_brazuca_hd" xmltv_id="Trace Brazuca HD">Trace Brazuca HD</channel>
    <channel update="i" site="clarotv.com.br.EK" site_id="2242##mtv_live_hd" xmltv_id="MTV Live HD">MTV Live HD</channel>
    <channel update="i" site="clarotv.com.br.EK" site_id="1619##amc_hd" xmltv_id="AMC HD">AMC HD</channel>
    <channel update="i" site="clarotv.com.br.EK" site_id="2309##eurochannel_hd" xmltv_id="Eurochannel HD">Eurochannel HD</channel>
    <channel update="i" site="clarotv.com.br.EK" site_id="2224##film&amp;arts_hd" xmltv_id="Film&amp;Arts HD">Film&amp;Arts HD</channel>
    <channel update="i" site="clarotv.com.br.EK" site_id="2299##canal_brasil_hd_" xmltv_id="Canal Brasil HD ³">Canal Brasil HD ³</channel>
    <channel update="i" site="clarotv.com.br.EK" site_id="2262##novo_tempo_hd" xmltv_id="Novo Tempo HD">Novo Tempo HD</channel>
    <channel update="i" site="clarotv.com.br.EK" site_id="2301##tv_pai_eterno_hd" xmltv_id=" TV Pai Eterno HD"> TV Pai Eterno HD</channel>
    <channel update="i" site="clarotv.com.br.EK" site_id="1656##rede_vida_hd" xmltv_id="Rede Vida HD">Rede Vida HD</channel>
    <channel update="i" site="clarotv.com.br.EK" site_id="1177##tv_aparecida" xmltv_id="Tv Aparecida">Tv Aparecida</channel>
    <channel update="i" site="clarotv.com.br.EK" site_id="2222##lbv_(espelho)" xmltv_id="LBV (Espelho)">LBV (Espelho)</channel>
    <channel update="i" site="clarotv.com.br.EK" site_id="1833##canal_comunitario" xmltv_id="Canal Comunitário">Canal Comunitário</channel>
    <channel update="i" site="clarotv.com.br.EK" site_id="2258##ideal_tv_hd" xmltv_id="Ideal TV HD">Ideal TV HD</channel>
    <channel update="i" site="clarotv.com.br.EK" site_id="2181##tv_brasil_hd" xmltv_id="TV Brasil HD">TV Brasil HD</channel>
  </channels>
</site>