<?xml version="1.0" encoding="UTF-8"?>
<site generator-info-name="WebGrab+Plus/w MDB &amp; REX Postprocess -- version V2.1.4 -- Jan van Straaten" site="klix.ba">
  <channels>
    <channel update="i" site="klix.ba" site_id="59" xmltv_id="BHT1">BHT1</channel>
    <channel update="i" site="klix.ba" site_id="61" xmltv_id="FTV">FTV</channel>
    <channel update="i" site="klix.ba" site_id="72" xmltv_id="RTRS">RTRS</channel>
    <channel update="i" site="klix.ba" site_id="62" xmltv_id="Hayat TV">Hayat TV</channel>
    <channel update="i" site="klix.ba" site_id="76" xmltv_id="TV1">TV1</channel>
    <channel update="i" site="klix.ba" site_id="69" xmltv_id="OBN">OBN</channel>
    <channel update="i" site="klix.ba" site_id="70" xmltv_id="Pink BH">Pink BH</channel>
    <channel update="i" site="klix.ba" site_id="209" xmltv_id="AJB">AJB</channel>
    <channel update="i" site="klix.ba" site_id="78" xmltv_id="TVSA">TVSA</channel>
    <channel update="i" site="klix.ba" site_id="77" xmltv_id="TV1 Mreža">TV1 Mreža</channel>
    <channel update="i" site="klix.ba" site_id="66" xmltv_id="NOVA TV">NOVA TV</channel>
    <channel update="i" site="klix.ba" site_id="64" xmltv_id="HTV1">HTV1</channel>
    <channel update="i" site="klix.ba" site_id="65" xmltv_id="HTV2">HTV2</channel>
    <channel update="i" site="klix.ba" site_id="71" xmltv_id="RTL">RTL</channel>
    <channel update="i" site="klix.ba" site_id="53" xmltv_id="Arena Sport 1 BiH">Arena Sport 1 BiH</channel>
    <channel update="i" site="klix.ba" site_id="54" xmltv_id="Arena Sport 2">Arena Sport 2</channel>
    <channel update="i" site="klix.ba" site_id="55" xmltv_id="Arena Sport 3">Arena Sport 3</channel>
    <channel update="i" site="klix.ba" site_id="56" xmltv_id="Arena Sport 4">Arena Sport 4</channel>
    <channel update="i" site="klix.ba" site_id="57" xmltv_id="ATV">ATV</channel>
    <channel update="i" site="klix.ba" site_id="58" xmltv_id="BEL kanal">BEL kanal</channel>
    <channel update="i" site="klix.ba" site_id="60" xmltv_id="BN">BN</channel>
    <channel update="i" site="klix.ba" site_id="63" xmltv_id="HEMA TV">HEMA TV</channel>
    <channel update="i" site="klix.ba" site_id="67" xmltv_id="NTV IC">NTV IC</channel>
    <channel update="i" site="klix.ba" site_id="68" xmltv_id="NTV Jasmin">NTV Jasmin</channel>
    <channel update="i" site="klix.ba" site_id="73" xmltv_id="RTV USK">RTV USK</channel>
    <channel update="i" site="klix.ba" site_id="74" xmltv_id="RTV ZE">RTV ZE</channel>
    <channel update="i" site="klix.ba" site_id="75" xmltv_id="RTVTK">RTVTK</channel>
    <channel update="i" site="klix.ba" site_id="290" xmltv_id="24Kitchen">24Kitchen</channel>
    <channel update="i" site="klix.ba" site_id="297" xmltv_id="B92">B92</channel>
    <channel update="i" site="klix.ba" site_id="301" xmltv_id="FACE TV">FACE TV</channel>
    <channel update="i" site="klix.ba" site_id="302" xmltv_id="FOX Crime">FOX Crime</channel>
    <channel update="i" site="klix.ba" site_id="303" xmltv_id="FOX Life">FOX Life</channel>
    <channel update="i" site="klix.ba" site_id="304" xmltv_id="FOX Movies">FOX Movies</channel>
    <channel update="i" site="klix.ba" site_id="307" xmltv_id="HBO">HBO</channel>
    <channel update="i" site="klix.ba" site_id="311" xmltv_id="HTV3">HTV3</channel>
    <channel update="i" site="klix.ba" site_id="317" xmltv_id="Prva">Prva</channel>
    <channel update="i" site="klix.ba" site_id="319" xmltv_id="RTL+">RTL+</channel>
    <channel update="i" site="klix.ba" site_id="321" xmltv_id="RTS SAT">RTS SAT</channel>
    <channel update="i" site="klix.ba" site_id="322" xmltv_id="RTS1">RTS1</channel>
    <channel update="i" site="klix.ba" site_id="323" xmltv_id="RTS2">RTS2</channel>
    <channel update="i" site="klix.ba" site_id="329" xmltv_id="TVCG SAT">TVCG SAT</channel>
    <channel update="i" site="klix.ba" site_id="331" xmltv_id="Universal">Universal</channel>
    <channel update="i" site="klix.ba" site_id="512" xmltv_id="CineStar TV">CineStar TV</channel>
    <channel update="i" site="klix.ba" site_id="513" xmltv_id="Eurosport 2">Eurosport 2</channel>
    <channel update="i" site="klix.ba" site_id="514" xmltv_id="Eurosport">Eurosport</channel>
    <channel update="i" site="klix.ba" site_id="530" xmltv_id="Pink BH">Pink BH</channel>
    <channel update="i" site="klix.ba" site_id="541" xmltv_id="Sport Klub+">Sport Klub+</channel>
    <channel update="i" site="klix.ba" site_id="542" xmltv_id="Sport Klub">Sport Klub</channel>
    <channel update="i" site="klix.ba" site_id="698" xmltv_id="Cinestar A&amp;T">Cinestar A&amp;T</channel>
    <channel update="i" site="klix.ba" site_id="1897" xmltv_id="SK2">SK2</channel>
    <channel update="i" site="klix.ba" site_id="849" xmltv_id="Doma TV">Doma TV</channel>
    <channel update="i" site="klix.ba" site_id="848" xmltv_id="RTL2">RTL2</channel>
    <channel update="i" site="klix.ba" site_id="2106" xmltv_id="HappyTV">HappyTV</channel>
    <channel update="i" site="klix.ba" site_id="2103" xmltv_id="PINK">PINK</channel>
    <channel update="i" site="klix.ba" site_id="2144" xmltv_id="RTL Living">RTL Living</channel>
  </channels>
</site>
