﻿<?xml version="1.0" encoding="UTF-8"?>
<site generator-info-name="WebGrab+Plus/w MDB &amp; REX Postprocess -- version V1.56.28 -- Jan van Straaten" site="reportvMulti.com.ar">
  <channels>
    <channel update="i" site="reportvMulti.com.ar" site_id="1151##2295" xmltv_id="A&amp;E MUNDO">A&amp;E MUNDO</channel>
    <channel update="i" site="reportvMulti.com.ar" site_id="832##2295" xmltv_id="ABC">ABC</channel>
    <channel update="i" site="reportvMulti.com.ar" site_id="97##2295" xmltv_id="AMC">AMC</channel>
    <channel update="i" site="reportvMulti.com.ar" site_id="85##2295" xmltv_id="ANIMAL PLANET">ANIMAL PLANET</channel>
    <channel update="i" site="reportvMulti.com.ar" site_id="2854##2295" xmltv_id="AXN">AXN</channel>
    <channel update="i" site="reportvMulti.com.ar" site_id="3159##2295" xmltv_id="AZ CINEMA">AZ CINEMA</channel>
    <channel update="i" site="reportvMulti.com.ar" site_id="815##2295" xmltv_id="AZ CORAZON">AZ CORAZON</channel>
    <channel update="i" site="reportvMulti.com.ar" site_id="379##2295" xmltv_id="AZ MUNDO">AZ MUNDO</channel>
    <channel update="i" site="reportvMulti.com.ar" site_id="453##2295" xmltv_id="BOOMERANG CARTOON">BOOMERANG CARTOON</channel>
    <channel update="i" site="reportvMulti.com.ar" site_id="1357##2295" xmltv_id="CANAL 11 REPRETEL">CANAL 11 REPRETEL</channel>
    <channel update="i" site="reportvMulti.com.ar" site_id="1626##2295" xmltv_id="CANAL 2 CDR">CANAL 2 CDR</channel>
    <channel update="i" site="reportvMulti.com.ar" site_id="1621##2295" xmltv_id="CANAL 4 REPRETEL">CANAL 4 REPRETEL</channel>
    <channel update="i" site="reportvMulti.com.ar" site_id="1230##2295" xmltv_id="CANAL 6 REPRETEL">CANAL 6 REPRETEL</channel>
    <channel update="i" site="reportvMulti.com.ar" site_id="2066##2295" xmltv_id="CANAL 9 COSTA RICA">CANAL 9 COSTA RICA</channel>
    <channel update="i" site="reportvMulti.com.ar" site_id="9##2295" xmltv_id="CANAL DE LAS ESTRELLAS">CANAL DE LAS ESTRELLAS</channel>
    <channel update="i" site="reportvMulti.com.ar" site_id="3000##2295" xmltv_id="CANAL NU">CANAL NU</channel>
    <channel update="i" site="reportvMulti.com.ar" site_id="384##2295" xmltv_id="CARACOL">CARACOL</channel>
    <channel update="i" site="reportvMulti.com.ar" site_id="403##2295" xmltv_id="CARTOON NETWORK">CARTOON NETWORK</channel>
    <channel update="i" site="reportvMulti.com.ar" site_id="1137##2295" xmltv_id="CBS">CBS</channel>
    <channel update="i" site="reportvMulti.com.ar" site_id="1330##2295" xmltv_id="CCTV 4">CCTV 4</channel>
    <channel update="i" site="reportvMulti.com.ar" site_id="508##2295" xmltv_id="CINE LATINO">CINE LATINO</channel>
    <channel update="i" site="reportvMulti.com.ar" site_id="242##2295" xmltv_id="CINECANAL">CINECANAL</channel>
    <channel update="i" site="reportvMulti.com.ar" site_id="1575##2295" xmltv_id="CINEMAX">CINEMAX</channel>
    <channel update="i" site="reportvMulti.com.ar" site_id="441##2295" xmltv_id="CNN EN ESPAÑOL">CNN EN ESPAÑOL</channel>
    <channel update="i" site="reportvMulti.com.ar" site_id="13##2295" xmltv_id="CNN INTERNACIONAL">CNN INTERNACIONAL</channel>
    <channel update="i" site="reportvMulti.com.ar" site_id="374##2295" xmltv_id="CUBAVISION">CUBAVISION</channel>
    <channel update="i" site="reportvMulti.com.ar" site_id="1390##2295" xmltv_id="DESTINOS TV">DESTINOS TV</channel>
    <channel update="i" site="reportvMulti.com.ar" site_id="16##2295" xmltv_id="DEUTSCHE WELLE">DEUTSCHE WELLE</channel>
    <channel update="i" site="reportvMulti.com.ar" site_id="590##2295" xmltv_id="DISCOVERY CHANNEL">DISCOVERY CHANNEL</channel>
    <channel update="i" site="reportvMulti.com.ar" site_id="1343##2295" xmltv_id="DISCOVERY HOME AND HEALTH">DISCOVERY HOME AND HEALTH</channel>
    <channel update="i" site="reportvMulti.com.ar" site_id="591##2295" xmltv_id="DISCOVERY ID">DISCOVERY ID</channel>
    <channel update="i" site="reportvMulti.com.ar" site_id="396##2295" xmltv_id="DISCOVERY KIDS">DISCOVERY KIDS</channel>
    <channel update="i" site="reportvMulti.com.ar" site_id="339##2295" xmltv_id="DISCOVERY TRAVEL AND LIVING">DISCOVERY TRAVEL AND LIVING</channel>
    <channel update="i" site="reportvMulti.com.ar" site_id="386##2295" xmltv_id="DISNEY">DISNEY</channel>
    <channel update="i" site="reportvMulti.com.ar" site_id="817##2295" xmltv_id="DISNEY JR.">DISNEY JR.</channel>
    <channel update="i" site="reportvMulti.com.ar" site_id="1130##2295" xmltv_id="DISNEY XD">DISNEY XD</channel>
    <channel update="i" site="reportvMulti.com.ar" site_id="351##2295" xmltv_id="EL GOURMET">EL GOURMET</channel>
    <channel update="i" site="reportvMulti.com.ar" site_id="413##2295" xmltv_id="ENLACE TBN">ENLACE TBN</channel>
    <channel update="i" site="reportvMulti.com.ar" site_id="490##2295" xmltv_id="ENTERTAINMENT TELEVISION">ENTERTAINMENT TELEVISION</channel>
    <channel update="i" site="reportvMulti.com.ar" site_id="1149##2295" xmltv_id="ESPN">ESPN</channel>
    <channel update="i" site="reportvMulti.com.ar" site_id="1150##2295" xmltv_id="ESPN DOS">ESPN DOS</channel>
    <channel update="i" site="reportvMulti.com.ar" site_id="64##2295" xmltv_id="EWTN">EWTN</channel>
    <channel update="i" site="reportvMulti.com.ar" site_id="1663##2295" xmltv_id="EXTRA TV 42">EXTRA TV 42</channel>
    <channel update="i" site="reportvMulti.com.ar" site_id="1529##2295" xmltv_id="FOX">FOX</channel>
    <channel update="i" site="reportvMulti.com.ar" site_id="512##2295" xmltv_id="FOX LIFE">FOX LIFE</channel>
    <channel update="i" site="reportvMulti.com.ar" site_id="577##2295" xmltv_id="FOX SPORTS">FOX SPORTS</channel>
    <channel update="i" site="reportvMulti.com.ar" site_id="1266##2295" xmltv_id="FOX SPORTS 2">FOX SPORTS 2</channel>
    <channel update="i" site="reportvMulti.com.ar" site_id="1101##2295" xmltv_id="FOX SPORTS 3">FOX SPORTS 3</channel>
    <channel update="i" site="reportvMulti.com.ar" site_id="1526##2295" xmltv_id="FX">FX</channel>
    <channel update="i" site="reportvMulti.com.ar" site_id="495##2295" xmltv_id="GLITZ">GLITZ</channel>
    <channel update="i" site="reportvMulti.com.ar" site_id="401##2295" xmltv_id="GOLDEN">GOLDEN</channel>
    <channel update="i" site="reportvMulti.com.ar" site_id="2825##2295" xmltv_id="H2">H2</channel>
    <channel update="i" site="reportvMulti.com.ar" site_id="1073##2295" xmltv_id="HISTORY">HISTORY</channel>
    <channel update="i" site="reportvMulti.com.ar" site_id="2879##2295" xmltv_id="LIFETIME">LIFETIME</channel>
    <channel update="i" site="reportvMulti.com.ar" site_id="1124##2295" xmltv_id="MAS CHIC">MAS CHIC</channel>
    <channel update="i" site="reportvMulti.com.ar" site_id="282##2295" xmltv_id="MOVIE WORLD">MOVIE WORLD</channel>
    <channel update="i" site="reportvMulti.com.ar" site_id="296##2295" xmltv_id="MTV">MTV</channel>
    <channel update="i" site="reportvMulti.com.ar" site_id="106##2295" xmltv_id="MULTIPREMIER">MULTIPREMIER</channel>
    <channel update="i" site="reportvMulti.com.ar" site_id="2582##2295" xmltv_id="MUNDO FOX">MUNDO FOX</channel>
    <channel update="i" site="reportvMulti.com.ar" site_id="405##2295" xmltv_id="NATIONAL GEOGRAPHIC">NATIONAL GEOGRAPHIC</channel>
    <channel update="i" site="reportvMulti.com.ar" site_id="1226##2295" xmltv_id="NICK JR">NICK JR</channel>
    <channel update="i" site="reportvMulti.com.ar" site_id="1228##2295" xmltv_id="NICKELODEON">NICKELODEON</channel>
    <channel update="i" site="reportvMulti.com.ar" site_id="2910##2295" xmltv_id="PARAMOUNT CHANNEL">PARAMOUNT CHANNEL</channel>
    <channel update="i" site="reportvMulti.com.ar" site_id="1662##2295" xmltv_id="SINART CANAL 13">SINART CANAL 13</channel>
    <channel update="i" site="reportvMulti.com.ar" site_id="2851##2295" xmltv_id="SONY">SONY</channel>
    <channel update="i" site="reportvMulti.com.ar" site_id="918##2295" xmltv_id="SPACE">SPACE</channel>
    <channel update="i" site="reportvMulti.com.ar" site_id="2871##2295" xmltv_id="STUDIO UNIVERSAL">STUDIO UNIVERSAL</channel>
    <channel update="i" site="reportvMulti.com.ar" site_id="1966##2295" xmltv_id="TBS">TBS</channel>
    <channel update="i" site="reportvMulti.com.ar" site_id="1083##2295" xmltv_id="TCM">TCM</channel>
    <channel update="i" site="reportvMulti.com.ar" site_id="2071##2295" xmltv_id="TCTV 12">TCTV 12</channel>
    <channel update="i" site="reportvMulti.com.ar" site_id="947##2295" xmltv_id="TDN">TDN</channel>
    <channel update="i" site="reportvMulti.com.ar" site_id="2141##2295" xmltv_id="TELEFIDES">TELEFIDES</channel>
    <channel update="i" site="reportvMulti.com.ar" site_id="2827##2295" xmltv_id="TELEMUNDO">TELEMUNDO</channel>
    <channel update="i" site="reportvMulti.com.ar" site_id="388##2295" xmltv_id="TELESUR">TELESUR</channel>
    <channel update="i" site="reportvMulti.com.ar" site_id="969##2295" xmltv_id="TELETICA">TELETICA</channel>
    <channel update="i" site="reportvMulti.com.ar" site_id="318##2295" xmltv_id="THE FILM ZONE">THE FILM ZONE</channel>
    <channel update="i" site="reportvMulti.com.ar" site_id="1517##2295" xmltv_id="TNT">TNT</channel>
    <channel update="i" site="reportvMulti.com.ar" site_id="3040##2295" xmltv_id="TNT SERIES">TNT SERIES</channel>
    <channel update="i" site="reportvMulti.com.ar" site_id="880##2295" xmltv_id="TOONCAST">TOONCAST</channel>
    <channel update="i" site="reportvMulti.com.ar" site_id="59##2295" xmltv_id="TVE">TVE</channel>
    <channel update="i" site="reportvMulti.com.ar" site_id="39##2295" xmltv_id="TVN CHILE">TVN CHILE</channel>
    <channel update="i" site="reportvMulti.com.ar" site_id="1666##2295" xmltv_id="TYC SPORTS">TYC SPORTS</channel>
    <channel update="i" site="reportvMulti.com.ar" site_id="1590##2295" xmltv_id="UNIVERSAL CHANNEL">UNIVERSAL CHANNEL</channel>
    <channel update="i" site="reportvMulti.com.ar" site_id="1661##2295" xmltv_id="UNIVERSIDAD UCR">UNIVERSIDAD UCR</channel>
    <channel update="i" site="reportvMulti.com.ar" site_id="177##2295" xmltv_id="VE PLUS TV">VE PLUS TV</channel>
    <channel update="i" site="reportvMulti.com.ar" site_id="699##2295" xmltv_id="VH1">VH1</channel>
    <channel update="i" site="reportvMulti.com.ar" site_id="1665##2295" xmltv_id="VM LATINO">VM LATINO</channel>
    <channel update="i" site="reportvMulti.com.ar" site_id="381##2295" xmltv_id="WARNER">WARNER</channel>
    <channel update="i" site="reportvMulti.com.ar" site_id="1820##2295" xmltv_id="XPERT TV">XPERT TV</channel>
    <channel update="i" site="reportvMulti.com.ar" site_id="3##1987" xmltv_id="26 TV">26 TV</channel>
    <channel update="i" site="reportvMulti.com.ar" site_id="2000##1987" xmltv_id="360 TV">360 TV</channel>
    <channel update="i" site="reportvMulti.com.ar" site_id="53##1987" xmltv_id="8 MAR DEL PLATA">8 MAR DEL PLATA</channel>
    <channel update="i" site="reportvMulti.com.ar" site_id="167##1987" xmltv_id="A&amp;E MUNDO">A&amp;E MUNDO</channel>
    <channel update="i" site="reportvMulti.com.ar" site_id="1584##1987" xmltv_id="A&amp;E MUNDO HD">A&amp;E MUNDO HD</channel>
    <channel update="i" site="reportvMulti.com.ar" site_id="4##1987" xmltv_id="AMERICA 2">AMERICA 2</channel>
    <channel update="i" site="reportvMulti.com.ar" site_id="343##1987" xmltv_id="AMERICA 24">AMERICA 24</channel>
    <channel update="i" site="reportvMulti.com.ar" site_id="84##1987" xmltv_id="AMERICA SPORTS SATELITAL">AMERICA SPORTS SATELITAL</channel>
    <channel update="i" site="reportvMulti.com.ar" site_id="1623##1987" xmltv_id="ANIMAL PLANET">ANIMAL PLANET</channel>
    <channel update="i" site="reportvMulti.com.ar" site_id="57##1987" xmltv_id="ARGENTINISIMA SATELITAL">ARGENTINISIMA SATELITAL</channel>
    <channel update="i" site="reportvMulti.com.ar" site_id="100##1987" xmltv_id="AXN">AXN</channel>
    <channel update="i" site="reportvMulti.com.ar" site_id="1862##1987" xmltv_id="AXN HD">AXN HD</channel>
    <channel update="i" site="reportvMulti.com.ar" site_id="709##1987" xmltv_id="C5N">C5N</channel>
    <channel update="i" site="reportvMulti.com.ar" site_id="6##1987" xmltv_id="CANAL 13">CANAL 13</channel>
    <channel update="i" site="reportvMulti.com.ar" site_id="1341##1987" xmltv_id="CANAL 13 BS.AS. HD">CANAL 13 BS.AS. HD</channel>
    <channel update="i" site="reportvMulti.com.ar" site_id="135##1987" xmltv_id="CANAL 7">CANAL 7</channel>
    <channel update="i" site="reportvMulti.com.ar" site_id="1569##1987" xmltv_id="CANAL 7 HD">CANAL 7 HD</channel>
    <channel update="i" site="reportvMulti.com.ar" site_id="1612##1987" xmltv_id="CANAL 9">CANAL 9</channel>
    <channel update="i" site="reportvMulti.com.ar" site_id="58##1987" xmltv_id="CANAL A">CANAL A</channel>
    <channel update="i" site="reportvMulti.com.ar" site_id="230##1987" xmltv_id="CANAL DE LA MUSICA">CANAL DE LA MUSICA</channel>
    <channel update="i" site="reportvMulti.com.ar" site_id="349##1987" xmltv_id="CANAL LUZ">CANAL LUZ</channel>
    <channel update="i" site="reportvMulti.com.ar" site_id="1063##1987" xmltv_id="CANAL ORBE 21">CANAL ORBE 21</channel>
    <channel update="i" site="reportvMulti.com.ar" site_id="11##1987" xmltv_id="CANAL RURAL">CANAL RURAL</channel>
    <channel update="i" site="reportvMulti.com.ar" site_id="273##1987" xmltv_id="CANAL VASCO">CANAL VASCO</channel>
    <channel update="i" site="reportvMulti.com.ar" site_id="226##1987" xmltv_id="CARTOON NETWORK">CARTOON NETWORK</channel>
    <channel update="i" site="reportvMulti.com.ar" site_id="15##1987" xmltv_id="CINECANAL">CINECANAL</channel>
    <channel update="i" site="reportvMulti.com.ar" site_id="1292##1987" xmltv_id="CINECANAL HD">CINECANAL HD</channel>
    <channel update="i" site="reportvMulti.com.ar" site_id="1355##1987" xmltv_id="CINEMAX ">CINEMAX </channel>
    <channel update="i" site="reportvMulti.com.ar" site_id="1345##1987" xmltv_id="CN 23">CN 23</channel>
    <channel update="i" site="reportvMulti.com.ar" site_id="62##1987" xmltv_id="CNN EN ESPAÑOL">CNN EN ESPAÑOL</channel>
    <channel update="i" site="reportvMulti.com.ar" site_id="312##1987" xmltv_id="CONEXIÓN EDUCATIVA">CONEXIÓN EDUCATIVA</channel>
    <channel update="i" site="reportvMulti.com.ar" site_id="17##1987" xmltv_id="DISCOVERY">DISCOVERY</channel>
    <channel update="i" site="reportvMulti.com.ar" site_id="494##1987" xmltv_id="DISCOVERY CIVILIZATION">DISCOVERY CIVILIZATION</channel>
    <channel update="i" site="reportvMulti.com.ar" site_id="111##1987" xmltv_id="DISCOVERY ID">DISCOVERY ID</channel>
    <channel update="i" site="reportvMulti.com.ar" site_id="2266##1987" xmltv_id="DISCOVERY ID HD">DISCOVERY ID HD</channel>
    <channel update="i" site="reportvMulti.com.ar" site_id="76##1987" xmltv_id="DISCOVERY KIDS">DISCOVERY KIDS</channel>
    <channel update="i" site="reportvMulti.com.ar" site_id="493##1987" xmltv_id="DISCOVERY SCIENCE">DISCOVERY SCIENCE</channel>
    <channel update="i" site="reportvMulti.com.ar" site_id="1181##1987" xmltv_id="DISCOVERY THEATER HD">DISCOVERY THEATER HD</channel>
    <channel update="i" site="reportvMulti.com.ar" site_id="492##1987" xmltv_id="DISCOVERY TURBO">DISCOVERY TURBO</channel>
    <channel update="i" site="reportvMulti.com.ar" site_id="1389##1987" xmltv_id="DISCOVERY WORLD HD">DISCOVERY WORLD HD</channel>
    <channel update="i" site="reportvMulti.com.ar" site_id="136##1987" xmltv_id="DISNEY">DISNEY</channel>
    <channel update="i" site="reportvMulti.com.ar" site_id="2457##1987" xmltv_id="DISNEY HD">DISNEY HD</channel>
    <channel update="i" site="reportvMulti.com.ar" site_id="756##1987" xmltv_id="DISNEY JR.">DISNEY JR.</channel>
    <channel update="i" site="reportvMulti.com.ar" site_id="325##1987" xmltv_id="DISNEY XD">DISNEY XD</channel>
    <channel update="i" site="reportvMulti.com.ar" site_id="358##1987" xmltv_id="EL GARAGE">EL GARAGE</channel>
    <channel update="i" site="reportvMulti.com.ar" site_id="125##1987" xmltv_id="EL GOURMET.COM">EL GOURMET.COM</channel>
    <channel update="i" site="reportvMulti.com.ar" site_id="477##1987" xmltv_id="ENCUENTRO">ENCUENTRO</channel>
    <channel update="i" site="reportvMulti.com.ar" site_id="50##1987" xmltv_id="ENTERTAINMENT TELEVISION">ENTERTAINMENT TELEVISION</channel>
    <channel update="i" site="reportvMulti.com.ar" site_id="18##1987" xmltv_id="ESPN">ESPN</channel>
    <channel update="i" site="reportvMulti.com.ar" site_id="1132##1987" xmltv_id="ESPN +">ESPN +</channel>
    <channel update="i" site="reportvMulti.com.ar" site_id="229##1987" xmltv_id="ESPN 2">ESPN 2</channel>
    <channel update="i" site="reportvMulti.com.ar" site_id="184##1987" xmltv_id="EUROPA EUROPA">EUROPA EUROPA</channel>
    <channel update="i" site="reportvMulti.com.ar" site_id="98##1987" xmltv_id="FILM ZONE">FILM ZONE</channel>
    <channel update="i" site="reportvMulti.com.ar" site_id="19##1987" xmltv_id="FOX">FOX</channel>
    <channel update="i" site="reportvMulti.com.ar" site_id="83##1987" xmltv_id="FOX 1 ESTE">FOX 1 ESTE</channel>
    <channel update="i" site="reportvMulti.com.ar" site_id="241##1987" xmltv_id="FOX 1 OESTE">FOX 1 OESTE</channel>
    <channel update="i" site="reportvMulti.com.ar" site_id="583##1987" xmltv_id="FOX ACTION ESTE">FOX ACTION ESTE</channel>
    <channel update="i" site="reportvMulti.com.ar" site_id="700##1987" xmltv_id="FOX ACTION OESTE">FOX ACTION OESTE</channel>
    <channel update="i" site="reportvMulti.com.ar" site_id="324##1987" xmltv_id="FOX CLASSICS">FOX CLASSICS</channel>
    <channel update="i" site="reportvMulti.com.ar" site_id="1016##1987" xmltv_id="FOX FAMILY ESTE">FOX FAMILY ESTE</channel>
    <channel update="i" site="reportvMulti.com.ar" site_id="1017##1987" xmltv_id="FOX FAMILY OESTE">FOX FAMILY OESTE</channel>
    <channel update="i" site="reportvMulti.com.ar" site_id="879##1987" xmltv_id="FOX HD">FOX HD</channel>
    <channel update="i" site="reportvMulti.com.ar" site_id="366##1987" xmltv_id="FOX LIFE">FOX LIFE</channel>
    <channel update="i" site="reportvMulti.com.ar" site_id="589##1987" xmltv_id="FOX MOVIES">FOX MOVIES</channel>
    <channel update="i" site="reportvMulti.com.ar" site_id="56##1987" xmltv_id="FOX SPORTS">FOX SPORTS</channel>
    <channel update="i" site="reportvMulti.com.ar" site_id="978##1987" xmltv_id="FOX SPORTS 2">FOX SPORTS 2</channel>
    <channel update="i" site="reportvMulti.com.ar" site_id="362##1987" xmltv_id="FOX SPORTS 3">FOX SPORTS 3</channel>
    <channel update="i" site="reportvMulti.com.ar" site_id="979##1987" xmltv_id="FOX SPORTS HD">FOX SPORTS HD</channel>
    <channel update="i" site="reportvMulti.com.ar" site_id="760##1987" xmltv_id="FOX SY FY">FOX SY FY</channel>
    <channel update="i" site="reportvMulti.com.ar" site_id="353##1987" xmltv_id="FX">FX</channel>
    <channel update="i" site="reportvMulti.com.ar" site_id="65##1987" xmltv_id="GALICIA TV">GALICIA TV</channel>
    <channel update="i" site="reportvMulti.com.ar" site_id="728##1987" xmltv_id="HAPSA (TURF)">HAPSA (TURF)</channel>
    <channel update="i" site="reportvMulti.com.ar" site_id="21##1987" xmltv_id="HBO">HBO</channel>
    <channel update="i" site="reportvMulti.com.ar" site_id="2127##1987" xmltv_id="HBO 2">HBO 2</channel>
    <channel update="i" site="reportvMulti.com.ar" site_id="335##1987" xmltv_id="HBO FAMILY">HBO FAMILY</channel>
    <channel update="i" site="reportvMulti.com.ar" site_id="2165##1987" xmltv_id="HBO PLUS">HBO PLUS</channel>
    <channel update="i" site="reportvMulti.com.ar" site_id="178##1987" xmltv_id="HISTORY">HISTORY</channel>
    <channel update="i" site="reportvMulti.com.ar" site_id="1499##1987" xmltv_id="HISTORY HD">HISTORY HD</channel>
    <channel update="i" site="reportvMulti.com.ar" site_id="340##1987" xmltv_id="HOME AND HEALTH">HOME AND HEALTH</channel>
    <channel update="i" site="reportvMulti.com.ar" site_id="2218##1987" xmltv_id="HOME AND HEALTH HD">HOME AND HEALTH HD</channel>
    <channel update="i" site="reportvMulti.com.ar" site_id="115##1987" xmltv_id="HTV">HTV</channel>
    <channel update="i" site="reportvMulti.com.ar" site_id="22##1987" xmltv_id="I-SAT">I-SAT</channel>
    <channel update="i" site="reportvMulti.com.ar" site_id="1605##1987" xmltv_id="INCAA TV ">INCAA TV </channel>
    <channel update="i" site="reportvMulti.com.ar" site_id="758##1987" xmltv_id="LA100">LA100</channel>
    <channel update="i" site="reportvMulti.com.ar" site_id="2788##1987" xmltv_id="LIFETIME">LIFETIME</channel>
    <channel update="i" site="reportvMulti.com.ar" site_id="25##1987" xmltv_id="M TV">M TV</channel>
    <channel update="i" site="reportvMulti.com.ar" site_id="26##1987" xmltv_id="MAGAZINE">MAGAZINE</channel>
    <channel update="i" site="reportvMulti.com.ar" site_id="108##1987" xmltv_id="MAS CHIC">MAS CHIC</channel>
    <channel update="i" site="reportvMulti.com.ar" site_id="27##1987" xmltv_id="METRO">METRO</channel>
    <channel update="i" site="reportvMulti.com.ar" site_id="2581##1987" xmltv_id="MUNDO FOX">MUNDO FOX</channel>
    <channel update="i" site="reportvMulti.com.ar" site_id="1184##1987" xmltv_id="NAT GEO WILD">NAT GEO WILD</channel>
    <channel update="i" site="reportvMulti.com.ar" site_id="164##1987" xmltv_id="NATIONAL GEOGRAPHIC">NATIONAL GEOGRAPHIC</channel>
    <channel update="i" site="reportvMulti.com.ar" site_id="2710##1987" xmltv_id="NATIONAL GEOGRAPHIC HD">NATIONAL GEOGRAPHIC HD</channel>
    <channel update="i" site="reportvMulti.com.ar" site_id="60##1987" xmltv_id="NICKELODEON">NICKELODEON</channel>
    <channel update="i" site="reportvMulti.com.ar" site_id="1492##1987" xmltv_id="PAKAPAKA">PAKAPAKA</channel>
    <channel update="i" site="reportvMulti.com.ar" site_id="2001##1987" xmltv_id="PENTHOUSE">PENTHOUSE</channel>
    <channel update="i" site="reportvMulti.com.ar" site_id="114##1987" xmltv_id="PLAYBOY">PLAYBOY</channel>
    <channel update="i" site="reportvMulti.com.ar" site_id="2296##1987" xmltv_id="QM NOTICIAS">QM NOTICIAS</channel>
    <channel update="i" site="reportvMulti.com.ar" site_id="779##1987" xmltv_id="QUIERO MUSICA">QUIERO MUSICA</channel>
    <channel update="i" site="reportvMulti.com.ar" site_id="1680##1987" xmltv_id="RADIO CONTINENTAL AM 590">RADIO CONTINENTAL AM 590</channel>
    <channel update="i" site="reportvMulti.com.ar" site_id="757##1987" xmltv_id="RADIO MITRE 790">RADIO MITRE 790</channel>
    <channel update="i" site="reportvMulti.com.ar" site_id="29##1987" xmltv_id="RAI">RAI</channel>
    <channel update="i" site="reportvMulti.com.ar" site_id="1502##1987" xmltv_id="RT TV">RT TV</channel>
    <channel update="i" site="reportvMulti.com.ar" site_id="380##1987" xmltv_id="SEMBRANDO">SEMBRANDO</channel>
    <channel update="i" site="reportvMulti.com.ar" site_id="32##1987" xmltv_id="SONY">SONY</channel>
    <channel update="i" site="reportvMulti.com.ar" site_id="1579##1987" xmltv_id="SONY HD">SONY HD</channel>
    <channel update="i" site="reportvMulti.com.ar" site_id="33##1987" xmltv_id="SPACE">SPACE</channel>
    <channel update="i" site="reportvMulti.com.ar" site_id="1257##1987" xmltv_id="SPACE HD">SPACE HD</channel>
    <channel update="i" site="reportvMulti.com.ar" site_id="77##1987" xmltv_id="STUDIO UNIVERSAL">STUDIO UNIVERSAL</channel>
    <channel update="i" site="reportvMulti.com.ar" site_id="1967##1987" xmltv_id="TBS VERYFUNNY">TBS VERYFUNNY</channel>
    <channel update="i" site="reportvMulti.com.ar" site_id="328##1987" xmltv_id="TCM">TCM</channel>
    <channel update="i" site="reportvMulti.com.ar" site_id="1999##1987" xmltv_id="TECNOPOLIS">TECNOPOLIS</channel>
    <channel update="i" site="reportvMulti.com.ar" site_id="35##1987" xmltv_id="TELEFE">TELEFE</channel>
    <channel update="i" site="reportvMulti.com.ar" site_id="36##1987" xmltv_id="TN">TN</channel>
    <channel update="i" site="reportvMulti.com.ar" site_id="37##1987" xmltv_id="TNT">TNT</channel>
    <channel update="i" site="reportvMulti.com.ar" site_id="1606##1987" xmltv_id="TNT HD">TNT HD</channel>
    <channel update="i" site="reportvMulti.com.ar" site_id="2999##1987" xmltv_id="TNT SERIES">TNT SERIES</channel>
    <channel update="i" site="reportvMulti.com.ar" site_id="912##1987" xmltv_id="TRU TV">TRU TV</channel>
    <channel update="i" site="reportvMulti.com.ar" site_id="1260##1987" xmltv_id="TRU TV HD">TRU TV HD</channel>
    <channel update="i" site="reportvMulti.com.ar" site_id="40##1987" xmltv_id="TYC SPORTS">TYC SPORTS</channel>
    <channel update="i" site="reportvMulti.com.ar" site_id="327##1987" xmltv_id="UNIVERSAL CHANNEL">UNIVERSAL CHANNEL</channel>
    <channel update="i" site="reportvMulti.com.ar" site_id="44##1987" xmltv_id="VENUS">VENUS</channel>
    <channel update="i" site="reportvMulti.com.ar" site_id="45##1987" xmltv_id="VOLVER">VOLVER</channel>
    <channel update="i" site="reportvMulti.com.ar" site_id="46##1987" xmltv_id="WARNER CHANNEL">WARNER CHANNEL</channel>
    <channel update="i" site="reportvMulti.com.ar" site_id="1800##1987" xmltv_id="WARNER HD">WARNER HD</channel>
    <channel update="i" site="reportvMulti.com.ar" site_id="723##1987" xmltv_id="WOBI TV">WOBI TV</channel>
    <channel update="i" site="reportvMulti.com.ar" site_id="2433##2078" xmltv_id="26 TV HD">26 TV HD</channel>
    <channel update="i" site="reportvMulti.com.ar" site_id="1250##2078" xmltv_id="AMC HD">AMC HD</channel>
    <channel update="i" site="reportvMulti.com.ar" site_id="3248##2078" xmltv_id="AMERICA 2 HD">AMERICA 2 HD</channel>
    <channel update="i" site="reportvMulti.com.ar" site_id="2196##2078" xmltv_id="ARPEGGIO">ARPEGGIO</channel>
    <channel update="i" site="reportvMulti.com.ar" site_id="266##2078" xmltv_id="BRAZZERS TV">BRAZZERS TV</channel>
    <channel update="i" site="reportvMulti.com.ar" site_id="2429##2078" xmltv_id="C5N HD">C5N HD</channel>
    <channel update="i" site="reportvMulti.com.ar" site_id="892##2078" xmltv_id="CABLE Y DIARIO">CABLE Y DIARIO</channel>
    <channel update="i" site="reportvMulti.com.ar" site_id="894##2078" xmltv_id="CANAL 11 PARANÁ">CANAL 11 PARANÁ</channel>
    <channel update="i" site="reportvMulti.com.ar" site_id="228##2078" xmltv_id="CANAL 13 SANTA FE">CANAL 13 SANTA FE</channel>
    <channel update="i" site="reportvMulti.com.ar" site_id="2808##2078" xmltv_id="CANAL 9 HD">CANAL 9 HD</channel>
    <channel update="i" site="reportvMulti.com.ar" site_id="361##2078" xmltv_id="CANAL 9 LITORAL">CANAL 9 LITORAL</channel>
    <channel update="i" site="reportvMulti.com.ar" site_id="2622##2078" xmltv_id="CANAL 9 LITORAL HD">CANAL 9 LITORAL HD</channel>
    <channel update="i" site="reportvMulti.com.ar" site_id="3137##2078" xmltv_id="CH CORRIENTES">CH CORRIENTES</channel>
    <channel update="i" site="reportvMulti.com.ar" site_id="3138##2078" xmltv_id="CH RESISTENCIA">CH RESISTENCIA</channel>
    <channel update="i" site="reportvMulti.com.ar" site_id="3369##2078" xmltv_id="CINCOMAS">CINCOMAS</channel>
    <channel update="i" site="reportvMulti.com.ar" site_id="3445##2078" xmltv_id="CINECANAL HD">CINECANAL HD</channel>
    <channel update="i" site="reportvMulti.com.ar" site_id="2292##2078" xmltv_id="CINEMAX">CINEMAX</channel>
    <channel update="i" site="reportvMulti.com.ar" site_id="2037##2078" xmltv_id="COMEDY CENTRAL">COMEDY CENTRAL</channel>
    <channel update="i" site="reportvMulti.com.ar" site_id="1813##2078" xmltv_id="CONSTRUIR">CONSTRUIR</channel>
    <channel update="i" site="reportvMulti.com.ar" site_id="137##2078" xmltv_id="DE PELICULA">DE PELICULA</channel>
    <channel update="i" site="reportvMulti.com.ar" site_id="2198##2078" xmltv_id="DEPORTV">DEPORTV</channel>
    <channel update="i" site="reportvMulti.com.ar" site_id="2195##2078" xmltv_id="DEPORTV HD">DEPORTV HD</channel>
    <channel update="i" site="reportvMulti.com.ar" site_id="2472##2078" xmltv_id="DISCOVERY KIDS HD">DISCOVERY KIDS HD</channel>
    <channel update="i" site="reportvMulti.com.ar" site_id="1624##2078" xmltv_id="DISCOVERY TRAVEL">DISCOVERY TRAVEL</channel>
    <channel update="i" site="reportvMulti.com.ar" site_id="3244##2078" xmltv_id="EL GOURMET HD">EL GOURMET HD</channel>
    <channel update="i" site="reportvMulti.com.ar" site_id="2005##2078" xmltv_id="ESPN 3">ESPN 3</channel>
    <channel update="i" site="reportvMulti.com.ar" site_id="3153##2078" xmltv_id="F1">F1</channel>
    <channel update="i" site="reportvMulti.com.ar" site_id="63##2078" xmltv_id="FILM&amp;ARTS">FILM&amp;ARTS</channel>
    <channel update="i" site="reportvMulti.com.ar" site_id="221##2078" xmltv_id="FOX SPORTS">FOX SPORTS</channel>
    <channel update="i" site="reportvMulti.com.ar" site_id="3431##2078" xmltv_id="FRANCE 24 FRANCES">FRANCE 24 FRANCES</channel>
    <channel update="i" site="reportvMulti.com.ar" site_id="1974##2078" xmltv_id="FRANCE 24 INGLES">FRANCE 24 INGLES</channel>
    <channel update="i" site="reportvMulti.com.ar" site_id="2040##2078" xmltv_id="FX HD">FX HD</channel>
    <channel update="i" site="reportvMulti.com.ar" site_id="104##2078" xmltv_id="GLITZ">GLITZ</channel>
    <channel update="i" site="reportvMulti.com.ar" site_id="1500##2078" xmltv_id="GOLDEN HD">GOLDEN HD</channel>
    <channel update="i" site="reportvMulti.com.ar" site_id="2376##2078" xmltv_id="GOLDEN PREMIER">GOLDEN PREMIER</channel>
    <channel update="i" site="reportvMulti.com.ar" site_id="2823##2078" xmltv_id="H2">H2</channel>
    <channel update="i" site="reportvMulti.com.ar" site_id="875##2078" xmltv_id="HBO HD">HBO HD</channel>
    <channel update="i" site="reportvMulti.com.ar" site_id="2166##2078" xmltv_id="HBO PLUS O">HBO PLUS O</channel>
    <channel update="i" site="reportvMulti.com.ar" site_id="500##2078" xmltv_id="HBO SIGNATURE">HBO SIGNATURE</channel>
    <channel update="i" site="reportvMulti.com.ar" site_id="283##2078" xmltv_id="MARIAVISIÓN">MARIAVISIÓN</channel>
    <channel update="i" site="reportvMulti.com.ar" site_id="12##2078" xmltv_id="MAX">MAX</channel>
    <channel update="i" site="reportvMulti.com.ar" site_id="503##2078" xmltv_id="MAX PRIME O">MAX PRIME O</channel>
    <channel update="i" site="reportvMulti.com.ar" site_id="334##2078" xmltv_id="MAX PRIME PANAMERICANO">MAX PRIME PANAMERICANO</channel>
    <channel update="i" site="reportvMulti.com.ar" site_id="1378##2078" xmltv_id="MAX UP">MAX UP</channel>
    <channel update="i" site="reportvMulti.com.ar" site_id="726##2078" xmltv_id="MTV DANCE">MTV DANCE</channel>
    <channel update="i" site="reportvMulti.com.ar" site_id="727##2078" xmltv_id="MTV HITS">MTV HITS</channel>
    <channel update="i" site="reportvMulti.com.ar" site_id="1244##2078" xmltv_id="MTV LIVE HD">MTV LIVE HD</channel>
    <channel update="i" site="reportvMulti.com.ar" site_id="28##2078" xmltv_id="MUCHMUSIC">MUCHMUSIC</channel>
    <channel update="i" site="reportvMulti.com.ar" site_id="1403##2078" xmltv_id="NAT GEO WILD HD">NAT GEO WILD HD</channel>
    <channel update="i" site="reportvMulti.com.ar" site_id="1811##2078" xmltv_id="NICK 2">NICK 2</channel>
    <channel update="i" site="reportvMulti.com.ar" site_id="816##2078" xmltv_id="NICK JR">NICK JR</channel>
    <channel update="i" site="reportvMulti.com.ar" site_id="2360##2078" xmltv_id="NICKTOONS">NICKTOONS</channel>
    <channel update="i" site="reportvMulti.com.ar" site_id="1434##2078" xmltv_id="NUEVO TIEMPO">NUEVO TIEMPO</channel>
    <channel update="i" site="reportvMulti.com.ar" site_id="2908##2078" xmltv_id="PARAMOUNT CHANNEL HD">PARAMOUNT CHANNEL HD</channel>
    <channel update="i" site="reportvMulti.com.ar" site_id="1978##2078" xmltv_id="PLAYBOY HD">PLAYBOY HD</channel>
    <channel update="i" site="reportvMulti.com.ar" site_id="30##2078" xmltv_id="RITMOSON LATINO">RITMOSON LATINO</channel>
    <channel update="i" site="reportvMulti.com.ar" site_id="2057##2078" xmltv_id="TELEHIT HD">TELEHIT HD</channel>
    <channel update="i" site="reportvMulti.com.ar" site_id="958##2078" xmltv_id="TELEMUNDO">TELEMUNDO</channel>
    <channel update="i" site="reportvMulti.com.ar" site_id="170##2078" xmltv_id="TLNOVELAS">TLNOVELAS</channel>
    <channel update="i" site="reportvMulti.com.ar" site_id="38##2078" xmltv_id="TV 5">TV 5</channel>
    <channel update="i" site="reportvMulti.com.ar" site_id="942##2078" xmltv_id="TV BRASIL">TV BRASIL</channel>
    <channel update="i" site="reportvMulti.com.ar" site_id="292##2078" xmltv_id="TV PUBLICA">TV PUBLICA</channel>
    <channel update="i" site="reportvMulti.com.ar" site_id="252##2078" xmltv_id="TyC SPORTS">TyC SPORTS</channel>
    <channel update="i" site="reportvMulti.com.ar" site_id="2861##2078" xmltv_id="TYC SPORTS HD">TYC SPORTS HD</channel>
    <channel update="i" site="reportvMulti.com.ar" site_id="2566##2078" xmltv_id="UFC NETWORK">UFC NETWORK</channel>
    <channel update="i" site="reportvMulti.com.ar" site_id="1508##2078" xmltv_id="UNIVERSAL CHANNEL HD">UNIVERSAL CHANNEL HD</channel>
    <channel update="i" site="reportvMulti.com.ar" site_id="2453##2078" xmltv_id="VH1 CLASSIC">VH1 CLASSIC</channel>
    <channel update="i" site="reportvMulti.com.ar" site_id="725##2078" xmltv_id="VH1 MEGA HITS">VH1 MEGA HITS</channel>
  </channels>
</site>